;FLAVOR:Marlin
;Generated by ClayShaper (STL slice)
;SOURCE: ClayShaper sample — Coil Bowl
;Layer height: 1
;Line width: 3
;MINX:24.06
;MINY:24.06
;MINZ:1.00
;MAXX:140.94
;MAXY:140.94
;MAXZ:61.00
;LAYER_COUNT:61
M105
M109 S0
M82 ;absolute extrusion mode
G21
G90 ;absolute positioning
M82 ;set extruder to absolute mode
G28 ;Home
G1 Z25.0 F1500 ;move the platform down 25mm
G4 S3; wait 3 seconds
G92 E0
G1 F1500 E2
G92 E0

M302 ;allow cold extrusion (clay has no heater)
M163 S0 P0.85; Set Mix Factor
M163 S1 P0.15; Set Mix Factor
M164 S0
G92 E0
M107
;LAYER:0
;TYPE:SKIN
G0 F1500 X71.693 Y105.345 Z1.000
G1 F300 Z1.000
G1 F1500 E0
G1 X70.964 Y104.956 E1.03112
G1 X70.235 Y104.566 E2.06224
G1 X69.537 Y104.124 E3.09243
G1 X68.839 Y103.682 E4.12262
G1 X68.142 Y103.240 E5.15280
G1 X67.488 Y102.736 E6.18223
G1 X66.834 Y102.232 E7.21166
G1 X66.181 Y101.729 E8.24110
G1 X65.579 Y101.164 E9.27019
G1 X64.977 Y100.600 E10.29929
G1 X64.375 Y100.035 E11.32838
G1 X63.831 Y99.415 E12.35736
G1 X63.288 Y98.794 E13.38634
G1 X62.744 Y98.174 E14.41531
G1 X62.263 Y97.503 E15.44425
G1 X61.783 Y96.833 E16.47318
G1 X61.303 Y96.162 E17.50212
G1 X60.890 Y95.448 E18.53104
G1 X60.478 Y94.733 E19.55997
G1 X60.066 Y94.019 E20.58890
G1 X59.725 Y93.267 E21.61782
G1 X59.385 Y92.516 E22.64674
G1 X59.045 Y91.764 E23.67566
G1 X58.780 Y90.983 E24.70457
G1 X58.515 Y90.202 E25.73349
G1 X58.249 Y89.420 E26.76241
G1 X58.062 Y88.617 E27.79133
G1 X57.875 Y87.814 E28.82025
G1 X57.688 Y87.010 E29.84917
G1 X57.580 Y86.192 E30.87809
G1 X57.473 Y85.374 E31.90701
G1 X57.365 Y84.556 E32.93592
G1 X57.338 Y83.732 E33.96484
G1 X57.312 Y82.907 E34.99376
G1 X57.285 Y82.083 E36.02269
G1 X57.339 Y81.260 E37.05160
G1 X57.393 Y80.437 E38.08052
G1 X57.447 Y79.613 E39.10944
G1 X57.582 Y78.799 E40.13836
G1 X57.716 Y77.986 E41.16728
G1 X57.851 Y77.172 E42.19620
G1 X58.064 Y76.375 E43.22512
G1 X58.278 Y75.578 E44.25403
G1 X58.492 Y74.781 E45.28295
G1 X58.782 Y74.009 E46.31187
G1 X59.073 Y73.237 E47.34079
G1 X59.364 Y72.465 E48.36971
G1 X59.729 Y71.725 E49.39863
G1 X60.094 Y70.986 E50.42755
G1 X60.459 Y70.246 E51.45648
G1 X60.895 Y69.545 E52.48539
G1 X61.330 Y68.845 E53.51431
G1 X61.766 Y68.144 E54.54323
G1 X62.268 Y67.490 E55.57215
G1 X62.771 Y66.836 E56.60107
G1 X63.273 Y66.181 E57.62998
G1 X63.837 Y65.579 E58.65890
G1 X64.401 Y64.977 E59.68782
G1 X64.965 Y64.375 E60.71674
G1 X65.585 Y63.831 E61.74566
G1 X66.206 Y63.288 E62.77458
G1 X66.826 Y62.744 E63.80350
G1 X67.497 Y62.263 E64.83242
G1 X68.167 Y61.783 E65.86133
G1 X68.838 Y61.303 E66.89025
G1 X69.552 Y60.890 E67.91917
G1 X70.267 Y60.478 E68.94810
G1 X70.981 Y60.066 E69.97702
G1 X71.733 Y59.725 E71.00594
G1 X72.484 Y59.385 E72.03485
G1 X73.236 Y59.045 E73.06377
G1 X74.017 Y58.780 E74.09269
G1 X74.798 Y58.515 E75.12161
G1 X75.580 Y58.249 E76.15053
G1 X76.383 Y58.062 E77.17945
G1 X77.186 Y57.875 E78.20837
G1 X77.990 Y57.688 E79.23729
G1 X78.808 Y57.580 E80.26621
G1 X79.626 Y57.473 E81.29512
G1 X80.444 Y57.365 E82.32404
G1 X81.268 Y57.338 E83.35296
G1 X82.093 Y57.312 E84.38188
G1 X82.917 Y57.285 E85.41080
G1 X83.740 Y57.339 E86.43972
G1 X84.563 Y57.393 E87.46864
G1 X85.387 Y57.447 E88.49755
G1 X86.201 Y57.582 E89.52647
G1 X87.014 Y57.716 E90.55539
G1 X87.828 Y57.851 E91.58431
G1 X88.625 Y58.064 E92.61323
G1 X89.422 Y58.278 E93.64215
G1 X90.219 Y58.492 E94.67107
G1 X90.991 Y58.782 E95.69999
G1 X91.763 Y59.073 E96.72891
G1 X92.535 Y59.364 E97.75783
G1 X93.275 Y59.729 E98.78675
G1 X94.014 Y60.094 E99.81567
G1 X94.754 Y60.459 E100.84459
G1 X95.455 Y60.895 E101.87351
G1 X96.155 Y61.330 E102.90243
G1 X96.856 Y61.766 E103.93135
G1 X97.510 Y62.268 E104.96026
G1 X98.164 Y62.771 E105.98918
G1 X98.819 Y63.273 E107.01810
G1 X99.421 Y63.837 E108.04702
G1 X100.023 Y64.401 E109.07594
G1 X100.625 Y64.965 E110.10485
G1 X101.169 Y65.585 E111.13377
G1 X101.712 Y66.206 E112.16270
G1 X102.256 Y66.826 E113.19162
G1 X102.737 Y67.497 E114.22053
G1 X103.217 Y68.167 E115.24945
G1 X103.697 Y68.838 E116.27837
G1 X104.110 Y69.552 E117.30729
G1 X104.522 Y70.267 E118.33621
G1 X104.934 Y70.981 E119.36513
G1 X105.275 Y71.733 E120.39405
G1 X105.615 Y72.484 E121.42297
G1 X105.955 Y73.236 E122.45189
G1 X106.220 Y74.017 E123.48081
G1 X106.485 Y74.798 E124.50973
G1 X106.751 Y75.580 E125.53864
G1 X106.938 Y76.383 E126.56770
G1 X107.125 Y77.187 E127.59676
G1 X107.312 Y77.990 E128.62582
G1 X107.421 Y78.811 E129.65871
G1 X107.530 Y79.632 E130.69160
G1 X107.639 Y80.453 E131.72449
G1 X107.664 Y81.275 E132.75042
G1 X107.690 Y82.097 E133.77636
G1 X107.716 Y82.919 E134.80229
G1 X107.662 Y83.742 E135.83049
G1 X107.607 Y84.565 E136.85869
G1 X107.553 Y85.387 E137.88689
G1 X107.419 Y86.201 E138.91564
G1 X107.284 Y87.015 E139.94439
G1 X107.149 Y87.828 E140.97314
G1 X106.936 Y88.625 E142.00202
G1 X106.722 Y89.422 E143.03090
G1 X106.508 Y90.219 E144.05978
G1 X106.218 Y90.991 E145.08869
G1 X105.927 Y91.763 E146.11760
G1 X105.636 Y92.535 E147.14651
G1 X105.271 Y93.275 E148.17543
G1 X104.906 Y94.014 E149.20435
G1 X104.541 Y94.754 E150.23327
G1 X104.105 Y95.455 E151.26218
G1 X103.670 Y96.155 E152.29110
G1 X103.234 Y96.856 E153.32002
G1 X102.732 Y97.510 E154.34894
G1 X102.229 Y98.164 E155.37785
G1 X101.727 Y98.819 E156.40677
G1 X101.163 Y99.421 E157.43569
G1 X100.599 Y100.023 E158.46461
G1 X100.035 Y100.625 E159.49353
G1 X99.415 Y101.169 E160.52245
G1 X98.794 Y101.712 E161.55137
G1 X98.174 Y102.256 E162.58029
G1 X97.503 Y102.737 E163.60921
G1 X96.833 Y103.217 E164.63812
G1 X96.162 Y103.697 E165.66704
G1 X95.448 Y104.110 E166.69596
G1 X94.733 Y104.522 E167.72488
G1 X94.019 Y104.934 E168.75381
G1 X93.267 Y105.275 E169.78272
G1 X92.516 Y105.615 E170.81164
G1 X91.764 Y105.955 E171.84056
G1 X90.983 Y106.220 E172.86948
G1 X90.202 Y106.485 E173.89840
G1 X89.420 Y106.751 E174.92732
G1 X88.617 Y106.938 E175.95624
G1 X87.814 Y107.125 E176.98516
G1 X87.010 Y107.312 E178.01408
G1 X86.192 Y107.420 E179.04299
G1 X85.374 Y107.527 E180.07191
G1 X84.556 Y107.635 E181.10083
G1 X83.732 Y107.662 E182.12975
G1 X82.907 Y107.688 E183.15867
G1 X82.083 Y107.715 E184.18759
G1 X81.260 Y107.661 E185.21651
G1 X80.437 Y107.607 E186.24543
G1 X79.613 Y107.553 E187.27434
G1 X78.799 Y107.418 E188.30326
G1 X77.986 Y107.284 E189.33218
G1 X77.172 Y107.149 E190.36110
G1 X76.375 Y106.936 E191.39002
G1 X75.578 Y106.722 E192.41894
G1 X74.781 Y106.508 E193.44786
G1 X74.009 Y106.218 E194.47678
G1 X73.237 Y105.927 E195.50570
G1 X72.465 Y105.636 E196.53462
G1 X71.693 Y105.345 E197.56354
G1 F1500 E197.46354
G0 F1500 X72.976 Y102.633 Z1.000
G1 F1500 E197.56354
G1 X72.334 Y102.289 E198.47222
G1 X71.691 Y101.946 E199.38091
G1 X70.872 Y101.427 E200.59139
G1 X70.052 Y100.907 E201.80187
G1 X69.424 Y100.431 E202.78442
G1 X68.797 Y99.954 E203.76698
G1 X68.170 Y99.478 E204.74953
G1 X67.445 Y98.804 E205.98351
G1 X66.721 Y98.130 E207.21749
G1 X66.193 Y97.539 E208.20559
G1 X65.666 Y96.948 E209.19368
G1 X65.138 Y96.357 E210.18178
G1 X64.558 Y95.554 E211.41746
G1 X63.977 Y94.752 E212.65314
G1 X63.574 Y94.069 E213.64163
G1 X63.171 Y93.386 E214.63012
G1 X62.769 Y92.704 E215.61861
G1 X62.356 Y91.803 E216.85440
G1 X61.943 Y90.902 E218.09020
G1 X61.681 Y90.154 E219.07871
G1 X61.419 Y89.406 E220.06722
G1 X61.157 Y88.658 E221.05573
G1 X60.928 Y87.694 E222.29153
G1 X60.699 Y86.731 E223.52734
G1 X60.588 Y85.946 E224.51585
G1 X60.477 Y85.161 E225.50436
G1 X60.366 Y84.376 E226.49287
G1 X60.329 Y83.386 E227.72867
G1 X60.292 Y82.396 E228.96448
G1 X60.337 Y81.605 E229.95299
G1 X60.381 Y80.813 E230.94150
G1 X60.425 Y80.022 E231.93001
G1 X60.582 Y79.044 E233.16582
G1 X60.739 Y78.065 E234.40163
G1 X60.937 Y77.298 E235.39014
G1 X61.135 Y76.531 E236.37865
G1 X61.333 Y75.763 E237.36716
G1 X61.678 Y74.834 E238.60296
G1 X62.022 Y73.905 E239.83877
G1 X62.366 Y73.191 E240.82728
G1 X62.710 Y72.477 E241.81580
G1 X63.054 Y71.763 E242.80431
G1 X63.573 Y70.919 E244.04011
G1 X64.093 Y70.075 E245.27592
G1 X64.569 Y69.442 E246.26443
G1 X65.046 Y68.809 E247.25294
G1 X65.522 Y68.176 E248.24145
G1 X66.196 Y67.449 E249.47725
G1 X66.870 Y66.723 E250.71306
G1 X67.461 Y66.195 E251.70157
G1 X68.052 Y65.667 E252.69008
G1 X68.643 Y65.139 E253.67860
G1 X69.446 Y64.558 E254.91440
G1 X70.248 Y63.977 E256.15020
G1 X70.931 Y63.574 E257.13872
G1 X71.614 Y63.172 E258.12723
G1 X72.296 Y62.769 E259.11574
G1 X73.197 Y62.356 E260.35155
G1 X74.098 Y61.943 E261.58735
G1 X74.846 Y61.681 E262.57586
G1 X75.594 Y61.419 E263.56437
G1 X76.342 Y61.157 E264.55288
G1 X77.306 Y60.928 E265.78869
G1 X78.269 Y60.699 E267.02450
G1 X79.054 Y60.588 E268.01301
G1 X79.839 Y60.477 E269.00152
G1 X80.624 Y60.366 E269.99003
G1 X81.614 Y60.329 E271.22583
G1 X82.604 Y60.292 E272.46164
G1 X83.395 Y60.337 E273.45015
G1 X84.187 Y60.381 E274.43866
G1 X84.978 Y60.425 E275.42717
G1 X85.956 Y60.582 E276.66298
G1 X86.935 Y60.739 E277.89878
G1 X87.702 Y60.937 E278.88729
G1 X88.469 Y61.135 E279.87580
G1 X89.237 Y61.333 E280.86431
G1 X90.166 Y61.678 E282.10012
G1 X91.095 Y62.022 E283.33593
G1 X91.809 Y62.366 E284.32444
G1 X92.523 Y62.710 E285.31295
G1 X93.237 Y63.054 E286.30147
G1 X94.081 Y63.573 E287.53727
G1 X94.925 Y64.093 E288.77308
G1 X95.558 Y64.569 E289.76159
G1 X96.191 Y65.046 E290.75010
G1 X96.824 Y65.522 E291.73861
G1 X97.551 Y66.196 E292.97441
G1 X98.277 Y66.870 E294.21021
G1 X98.805 Y67.461 E295.19873
G1 X99.333 Y68.052 E296.18724
G1 X99.861 Y68.643 E297.17576
G1 X100.442 Y69.446 E298.41156
G1 X101.023 Y70.248 E299.64736
G1 X101.426 Y70.931 E300.63587
G1 X101.828 Y71.614 E301.62439
G1 X102.231 Y72.296 E302.61290
G1 X102.644 Y73.197 E303.84871
G1 X103.057 Y74.098 E305.08451
G1 X103.319 Y74.846 E306.07302
G1 X103.581 Y75.594 E307.06153
G1 X103.843 Y76.342 E308.05004
G1 X104.072 Y77.306 E309.28640
G1 X104.302 Y78.270 E310.52276
G1 X104.414 Y79.059 E311.51619
G1 X104.526 Y79.847 E312.50962
G1 X104.638 Y80.636 E313.50306
G1 X104.674 Y81.622 E314.73371
G1 X104.709 Y82.608 E315.96437
G1 X104.665 Y83.398 E316.95164
G1 X104.620 Y84.189 E317.93891
G1 X104.575 Y84.979 E318.92617
G1 X104.418 Y85.957 E320.16159
G1 X104.261 Y86.935 E321.39700
G1 X104.063 Y87.702 E322.38541
G1 X103.865 Y88.470 E323.37383
G1 X103.667 Y89.237 E324.36225
G1 X103.322 Y90.166 E325.59802
G1 X102.978 Y91.095 E326.83380
G1 X102.634 Y91.809 E327.82231
G1 X102.290 Y92.523 E328.81082
G1 X101.946 Y93.237 E329.79933
G1 X101.427 Y94.081 E331.03513
G1 X100.907 Y94.925 E332.27093
G1 X100.431 Y95.558 E333.25944
G1 X99.954 Y96.191 E334.24795
G1 X99.478 Y96.824 E335.23646
G1 X98.804 Y97.551 E336.47226
G1 X98.130 Y98.277 E337.70807
G1 X97.539 Y98.805 E338.69658
G1 X96.948 Y99.333 E339.68509
G1 X96.357 Y99.861 E340.67361
G1 X95.554 Y100.442 E341.90941
G1 X94.752 Y101.023 E343.14521
G1 X94.069 Y101.426 E344.13372
G1 X93.386 Y101.828 E345.12224
G1 X92.704 Y102.231 E346.11075
G1 X91.803 Y102.644 E347.34656
G1 X90.902 Y103.057 E348.58236
G1 X90.154 Y103.319 E349.57087
G1 X89.406 Y103.581 E350.55938
G1 X88.658 Y103.843 E351.54789
G1 X87.694 Y104.072 E352.78370
G1 X86.731 Y104.301 E354.01951
G1 X85.946 Y104.412 E355.00802
G1 X85.161 Y104.523 E355.99653
G1 X84.376 Y104.634 E356.98503
G1 X83.386 Y104.671 E358.22084
G1 X82.396 Y104.708 E359.45665
G1 X81.605 Y104.663 E360.44516
G1 X80.813 Y104.619 E361.43367
G1 X80.022 Y104.575 E362.42218
G1 X79.044 Y104.418 E363.65799
G1 X78.065 Y104.261 E364.89379
G1 X77.298 Y104.063 E365.88230
G1 X76.531 Y103.865 E366.87081
G1 X75.763 Y103.667 E367.85932
G1 X74.834 Y103.322 E369.09513
G1 X73.905 Y102.978 E370.33093
G1 X72.976 Y102.633 E371.56674
G1 F1500 E371.46674
G0 F1500 X74.260 Y99.920 Z1.000
G1 F1500 E371.56674
G1 X73.450 Y99.434 E372.74469
G1 X72.640 Y98.949 E373.92264
G1 X71.830 Y98.463 E375.10059
G1 X71.108 Y97.859 E376.27490
G1 X70.386 Y97.254 E377.44922
G1 X69.664 Y96.650 E378.62354
G1 X68.942 Y96.045 E379.79786
G1 X68.348 Y95.317 E380.96988
G1 X67.754 Y94.590 E382.14190
G1 X67.159 Y93.862 E383.31392
G1 X66.565 Y93.134 E384.48595
G1 X66.123 Y92.305 E385.65718
G1 X65.681 Y91.477 E386.82841
G1 X65.239 Y90.648 E387.99964
G1 X64.797 Y89.820 E389.17087
G1 X64.525 Y88.921 E390.34187
G1 X64.253 Y88.022 E391.51288
G1 X63.981 Y87.124 E392.68389
G1 X63.710 Y86.225 E393.85490
G1 X63.618 Y85.291 E395.02586
G1 X63.527 Y84.356 E396.19681
G1 X63.435 Y83.422 E397.36776
G1 X63.344 Y82.488 E398.53871
G1 X63.437 Y81.553 E399.70966
G1 X63.529 Y80.619 E400.88060
G1 X63.622 Y79.685 E402.05154
G1 X63.714 Y78.751 E403.22248
G1 X63.988 Y77.853 E404.39342
G1 X64.261 Y76.954 E405.56435
G1 X64.534 Y76.056 E406.73529
G1 X64.807 Y75.158 E407.90623
G1 X65.250 Y74.330 E409.07717
G1 X65.693 Y73.503 E410.24810
G1 X66.136 Y72.675 E411.41904
G1 X66.579 Y71.847 E412.58998
G1 X67.175 Y71.122 E413.76092
G1 X67.771 Y70.397 E414.93185
G1 X68.367 Y69.671 E416.10279
G1 X68.963 Y68.946 E417.27372
G1 X69.689 Y68.351 E418.44466
G1 X70.416 Y67.756 E419.61560
G1 X71.142 Y67.161 E420.78654
G1 X71.868 Y66.565 E421.95747
G1 X72.696 Y66.123 E423.12841
G1 X73.524 Y65.681 E424.29935
G1 X74.352 Y65.239 E425.47029
G1 X75.181 Y64.797 E426.64123
G1 X76.079 Y64.525 E427.81217
G1 X76.978 Y64.253 E428.98310
G1 X77.876 Y63.982 E430.15404
G1 X78.775 Y63.710 E431.32498
G1 X79.709 Y63.618 E432.49592
G1 X80.644 Y63.527 E433.66685
G1 X81.578 Y63.435 E434.83779
G1 X82.512 Y63.344 E436.00873
G1 X83.447 Y63.437 E437.17967
G1 X84.381 Y63.529 E438.35060
G1 X85.315 Y63.622 E439.52154
G1 X86.249 Y63.714 E440.69248
G1 X87.147 Y63.988 E441.86342
G1 X88.046 Y64.261 E443.03435
G1 X88.944 Y64.534 E444.20529
G1 X89.842 Y64.807 E445.37622
G1 X90.670 Y65.250 E446.54716
G1 X91.497 Y65.693 E447.71810
G1 X92.325 Y66.136 E448.88904
G1 X93.153 Y66.579 E450.05998
G1 X93.878 Y67.175 E451.23091
G1 X94.603 Y67.771 E452.40185
G1 X95.329 Y68.367 E453.57278
G1 X96.054 Y68.963 E454.74372
G1 X96.649 Y69.689 E455.91466
G1 X97.244 Y70.416 E457.08559
G1 X97.839 Y71.142 E458.25653
G1 X98.435 Y71.868 E459.42747
G1 X98.877 Y72.696 E460.59841
G1 X99.319 Y73.524 E461.76935
G1 X99.761 Y74.352 E462.94028
G1 X100.203 Y75.181 E464.11122
G1 X100.475 Y76.080 E465.28271
G1 X100.747 Y76.979 E466.45420
G1 X101.019 Y77.878 E467.62568
G1 X101.291 Y78.777 E468.79717
G1 X101.382 Y79.711 E469.96766
G1 X101.473 Y80.645 E471.13816
G1 X101.565 Y81.579 E472.30866
G1 X101.656 Y82.513 E473.47915
G1 X101.563 Y83.447 E474.65001
G1 X101.471 Y84.381 E475.82086
G1 X101.378 Y85.315 E476.99171
G1 X101.286 Y86.249 E478.16257
G1 X101.012 Y87.148 E479.33349
G1 X100.739 Y88.046 E480.50441
G1 X100.466 Y88.944 E481.67533
G1 X100.193 Y89.842 E482.84625
G1 X99.750 Y90.670 E484.01718
G1 X99.307 Y91.497 E485.18812
G1 X98.864 Y92.325 E486.35905
G1 X98.421 Y93.153 E487.52999
G1 X97.825 Y93.878 E488.70092
G1 X97.229 Y94.603 E489.87186
G1 X96.633 Y95.329 E491.04279
G1 X96.037 Y96.054 E492.21373
G1 X95.311 Y96.649 E493.38467
G1 X94.584 Y97.244 E494.55560
G1 X93.858 Y97.839 E495.72654
G1 X93.132 Y98.435 E496.89748
G1 X92.304 Y98.877 E498.06842
G1 X91.476 Y99.319 E499.23936
G1 X90.648 Y99.761 E500.41029
G1 X89.819 Y100.203 E501.58123
G1 X88.921 Y100.475 E502.75217
G1 X88.022 Y100.747 E503.92311
G1 X87.124 Y101.018 E505.09405
G1 X86.225 Y101.290 E506.26499
G1 X85.291 Y101.382 E507.43592
G1 X84.356 Y101.473 E508.60686
G1 X83.422 Y101.565 E509.77780
G1 X82.488 Y101.656 E510.94873
G1 X81.553 Y101.563 E512.11967
G1 X80.619 Y101.471 E513.29061
G1 X79.685 Y101.378 E514.46155
G1 X78.751 Y101.286 E515.63248
G1 X77.853 Y101.012 E516.80342
G1 X76.954 Y100.739 E517.97436
G1 X76.056 Y100.466 E519.14529
G1 X75.158 Y100.193 E520.31623
G1 X74.260 Y99.920 E521.48717
G1 F1500 E521.38717
G0 F1500 X66.250 Y81.701 Z1.000
G1 F1500 E521.48717
G1 X66.367 Y80.912 E522.48168
G1 X66.484 Y80.123 E523.47620
G1 X66.601 Y79.335 E524.47071
G1 X66.899 Y78.387 E525.71002
G1 X67.197 Y77.439 E526.94933
G1 X67.495 Y76.491 E528.18865
G1 X67.882 Y75.754 E529.22689
G1 X68.270 Y75.017 E530.26514
G1 X68.657 Y74.281 E531.30338
G1 X69.045 Y73.544 E532.34163
G1 X69.551 Y72.924 E533.33967
G1 X70.057 Y72.304 E534.33771
G1 X70.563 Y71.684 E535.33575
G1 X71.069 Y71.064 E536.33379
G1 X71.836 Y70.434 E537.57168
G1 X72.603 Y69.804 E538.80957
G1 X73.369 Y69.174 E540.04747
G1 X74.100 Y68.776 E541.08496
G1 X74.830 Y68.377 E542.12246
G1 X75.560 Y67.978 E543.15995
G1 X76.290 Y67.580 E544.19745
G1 X77.246 Y67.286 E545.44469
G1 X78.202 Y66.993 E546.69194
G1 X79.158 Y66.699 E547.93919
G1 X79.986 Y66.610 E548.97838
G1 X80.814 Y66.520 E550.01758
G1 X81.643 Y66.430 E551.05678
G1 X82.471 Y66.340 E552.09598
G1 X83.268 Y66.415 E553.09407
G1 X84.064 Y66.491 E554.09216
G1 X84.861 Y66.567 E555.09025
G1 X85.658 Y66.642 E556.08834
G1 X86.607 Y66.930 E557.32620
G1 X87.557 Y67.217 E558.56407
G1 X88.507 Y67.505 E559.80194
G1 X89.244 Y67.891 E560.83942
G1 X89.981 Y68.276 E561.87690
G1 X90.719 Y68.662 E562.91439
G1 X91.456 Y69.047 E563.95187
G1 X92.231 Y69.679 E565.19911
G1 X93.006 Y70.311 E566.44634
G1 X93.781 Y70.943 E567.69358
G1 X94.316 Y71.581 E568.73278
G1 X94.851 Y72.220 E569.77198
G1 X95.386 Y72.859 E570.81118
G1 X95.921 Y73.498 E571.85037
G1 X96.300 Y74.202 E572.84846
G1 X96.680 Y74.907 E573.84655
G1 X97.060 Y75.611 E574.84464
G1 X97.439 Y76.315 E575.84273
G1 X97.728 Y77.266 E577.08155
G1 X98.017 Y78.216 E578.32038
G1 X98.306 Y79.166 E579.55920
G1 X98.395 Y79.993 E580.59610
G1 X98.483 Y80.820 E581.63301
G1 X98.572 Y81.646 E582.66992
G1 X98.661 Y82.473 E583.70683
G1 X98.566 Y83.468 E584.95393
G1 X98.472 Y84.463 E586.20103
G1 X98.377 Y85.459 E587.44813
G1 X98.143 Y86.258 E588.48730
G1 X97.909 Y87.058 E589.52647
G1 X97.675 Y87.858 E590.56564
G1 X97.441 Y88.657 E591.60481
G1 X97.067 Y89.365 E592.60290
G1 X96.692 Y90.072 E593.60098
G1 X96.317 Y90.779 E594.59907
G1 X95.942 Y91.486 E595.59715
G1 X95.313 Y92.253 E596.83502
G1 X94.684 Y93.021 E598.07288
G1 X94.055 Y93.788 E599.31075
G1 X93.416 Y94.322 E600.34823
G1 X92.778 Y94.855 E601.38571
G1 X92.140 Y95.389 E602.42319
G1 X91.502 Y95.922 E603.46068
G1 X90.621 Y96.396 E604.70792
G1 X89.741 Y96.871 E605.95516
G1 X88.861 Y97.345 E607.20240
G1 X88.066 Y97.595 E608.24160
G1 X87.271 Y97.844 E609.28080
G1 X86.476 Y98.094 E610.32000
G1 X85.681 Y98.344 E611.35920
G1 X84.885 Y98.425 E612.35728
G1 X84.089 Y98.507 E613.35537
G1 X83.293 Y98.588 E614.35346
G1 X82.497 Y98.669 E615.35154
G1 X81.509 Y98.572 E616.58941
G1 X80.521 Y98.476 E617.82728
G1 X79.534 Y98.379 E619.06515
G1 X78.735 Y98.144 E620.10263
G1 X77.937 Y97.910 E621.14012
G1 X77.139 Y97.676 E622.17760
G1 X76.341 Y97.442 E623.21508
G1 X75.458 Y96.973 E624.46232
G1 X74.574 Y96.505 E625.70956
G1 X73.691 Y96.036 E626.95680
G1 X73.041 Y95.514 E627.99600
G1 X72.392 Y94.992 E629.03519
G1 X71.743 Y94.470 E630.07439
G1 X71.094 Y93.948 E631.11359
G1 X70.584 Y93.331 E632.11167
G1 X70.074 Y92.714 E633.10976
G1 X69.564 Y92.097 E634.10785
G1 X69.054 Y91.480 E635.10594
G1 X68.586 Y90.605 E636.34381
G1 X68.118 Y89.730 E637.58168
G1 X67.649 Y88.855 E638.81955
G1 X67.401 Y88.061 E639.85703
G1 X67.152 Y87.268 E640.89451
G1 X66.903 Y86.474 E641.93200
G1 X66.655 Y85.680 E642.96948
G1 X66.554 Y84.685 E644.21672
G1 X66.452 Y83.690 E645.46396
G1 X66.351 Y82.696 E646.71120
G1 X66.250 Y81.701 E647.95844
G1 F1500 E647.85844
G0 F1500 X69.295 Y81.199 Z1.000
G1 F1500 E647.95844
G1 X69.464 Y80.348 E649.03987
G1 X69.633 Y79.498 E650.12131
G1 X69.925 Y78.684 E651.19885
G1 X70.216 Y77.871 E652.27639
G1 X70.507 Y77.058 E653.35393
G1 X70.941 Y76.314 E654.42832
G1 X71.375 Y75.570 E655.50271
G1 X71.809 Y74.826 E656.57710
G1 X72.378 Y74.180 E657.65012
G1 X72.946 Y73.534 E658.72313
G1 X73.514 Y72.888 E659.79614
G1 X74.197 Y72.366 E660.86868
G1 X74.880 Y71.843 E661.94121
G1 X75.563 Y71.320 E663.01375
G1 X76.334 Y70.941 E664.08613
G1 X77.106 Y70.561 E665.15851
G1 X77.877 Y70.182 E666.23089
G1 X78.708 Y69.960 E667.30322
G1 X79.539 Y69.738 E668.37556
G1 X80.370 Y69.517 E669.44790
G1 X81.227 Y69.461 E670.52022
G1 X82.085 Y69.406 E671.59255
G1 X82.943 Y69.350 E672.66488
G1 X83.796 Y69.463 E673.73720
G1 X84.648 Y69.577 E674.80952
G1 X85.500 Y69.690 E675.88184
G1 X86.314 Y69.967 E676.95417
G1 X87.128 Y70.244 E678.02649
G1 X87.942 Y70.521 E679.09881
G1 X88.686 Y70.952 E680.17113
G1 X89.430 Y71.382 E681.24345
G1 X90.174 Y71.813 E682.31577
G1 X90.820 Y72.380 E683.38809
G1 X91.466 Y72.948 E684.46041
G1 X92.112 Y73.515 E685.53273
G1 X92.634 Y74.198 E686.60505
G1 X93.157 Y74.881 E687.67737
G1 X93.680 Y75.563 E688.74970
G1 X94.059 Y76.335 E689.82201
G1 X94.439 Y77.106 E690.89433
G1 X94.818 Y77.878 E691.96665
G1 X95.041 Y78.714 E693.04568
G1 X95.263 Y79.550 E694.12470
G1 X95.486 Y80.386 E695.20372
G1 X95.541 Y81.240 E696.27101
G1 X95.595 Y82.093 E697.33829
G1 X95.650 Y82.947 E698.40557
G1 X95.537 Y83.799 E699.47668
G1 X95.424 Y84.650 E700.54778
G1 X95.311 Y85.501 E701.61889
G1 X95.033 Y86.315 E702.69093
G1 X94.756 Y87.128 E703.76298
G1 X94.479 Y87.942 E704.83502
G1 X94.048 Y88.686 E705.90728
G1 X93.618 Y89.430 E706.97953
G1 X93.187 Y90.174 E708.05179
G1 X92.620 Y90.820 E709.12410
G1 X92.052 Y91.466 E710.19641
G1 X91.485 Y92.112 E711.26871
G1 X90.802 Y92.634 E712.34103
G1 X90.119 Y93.157 E713.41335
G1 X89.437 Y93.680 E714.48567
G1 X88.665 Y94.059 E715.55799
G1 X87.894 Y94.439 E716.63031
G1 X87.122 Y94.818 E717.70263
G1 X86.292 Y95.040 E718.77495
G1 X85.461 Y95.262 E719.84727
G1 X84.630 Y95.483 E720.91959
G1 X83.773 Y95.539 E721.99191
G1 X82.915 Y95.594 E723.06424
G1 X82.057 Y95.650 E724.13656
G1 X81.204 Y95.537 E725.20888
G1 X80.352 Y95.423 E726.28120
G1 X79.500 Y95.310 E727.35352
G1 X78.686 Y95.033 E728.42584
G1 X77.872 Y94.756 E729.49817
G1 X77.058 Y94.479 E730.57049
G1 X76.314 Y94.048 E731.64281
G1 X75.570 Y93.618 E732.71513
G1 X74.826 Y93.187 E733.78745
G1 X74.180 Y92.620 E734.85977
G1 X73.534 Y92.052 E735.93209
G1 X72.888 Y91.485 E737.00441
G1 X72.366 Y90.802 E738.07673
G1 X71.843 Y90.119 E739.14905
G1 X71.320 Y89.437 E740.22137
G1 X70.941 Y88.665 E741.29369
G1 X70.561 Y87.894 E742.36601
G1 X70.182 Y87.122 E743.43833
G1 X69.960 Y86.292 E744.51065
G1 X69.738 Y85.461 E745.58297
G1 X69.517 Y84.630 E746.65530
G1 X69.461 Y83.773 E747.72762
G1 X69.406 Y82.915 E748.79994
G1 X69.350 Y82.057 E749.87226
G1 X69.295 Y81.199 E750.94459
G1 F1500 E750.84459
G0 F1500 X72.244 Y81.996 Z1.000
G1 F1500 E750.94459
G1 X72.343 Y81.332 E751.78145
G1 X72.441 Y80.668 E752.61832
G1 X72.700 Y79.815 E753.73010
G1 X72.959 Y78.962 E754.84188
G1 X73.390 Y78.102 E756.04163
G1 X73.822 Y77.243 E757.24137
G1 X74.416 Y76.459 E758.46819
G1 X75.010 Y75.675 E759.69502
G1 X75.748 Y75.014 E760.92978
G1 X76.485 Y74.353 E762.16454
G1 X77.337 Y73.846 E763.40148
G1 X78.189 Y73.339 E764.63842
G1 X79.124 Y73.007 E765.87589
G1 X80.059 Y72.675 E767.11337
G1 X81.041 Y72.531 E768.35095
G1 X82.023 Y72.388 E769.58853
G1 X83.014 Y72.439 E770.82613
G1 X84.005 Y72.489 E772.06373
G1 X84.967 Y72.732 E773.30132
G1 X85.929 Y72.975 E774.53891
G1 X86.825 Y73.401 E775.77650
G1 X87.721 Y73.827 E777.01409
G1 X88.517 Y74.420 E778.25167
G1 X89.313 Y75.012 E779.48925
G1 X89.978 Y75.749 E780.72683
G1 X90.643 Y76.485 E781.96442
G1 X91.151 Y77.337 E783.20201
G1 X91.660 Y78.189 E784.43959
G1 X91.992 Y79.126 E785.67914
G1 X92.325 Y80.062 E786.91869
G1 X92.469 Y81.043 E788.15495
G1 X92.612 Y82.024 E789.39120
G1 X92.561 Y83.014 E790.62835
G1 X92.511 Y84.005 E791.86551
G1 X92.268 Y84.967 E793.10295
G1 X92.025 Y85.929 E794.34040
G1 X91.599 Y86.825 E795.57794
G1 X91.173 Y87.721 E796.81549
G1 X90.580 Y88.517 E798.05306
G1 X89.988 Y89.313 E799.29062
G1 X89.251 Y89.978 E800.52821
G1 X88.515 Y90.643 E801.76579
G1 X87.663 Y91.151 E803.00337
G1 X86.811 Y91.660 E804.24096
G1 X85.876 Y91.992 E805.47854
G1 X84.941 Y92.325 E806.71613
G1 X83.959 Y92.468 E807.95371
G1 X82.977 Y92.612 E809.19130
G1 X81.986 Y92.561 E810.42888
G1 X80.995 Y92.511 E811.66647
G1 X80.033 Y92.268 E812.90405
G1 X79.071 Y92.025 E814.14163
G1 X78.175 Y91.599 E815.37921
G1 X77.279 Y91.173 E816.61680
G1 X76.483 Y90.580 E817.85438
G1 X75.687 Y89.988 E819.09196
G1 X75.022 Y89.251 E820.32954
G1 X74.357 Y88.515 E821.56713
G1 X73.849 Y87.663 E822.80471
G1 X73.340 Y86.811 E824.04230
G1 X73.008 Y85.876 E825.27988
G1 X72.675 Y84.941 E826.51747
G1 X72.532 Y83.959 E827.75505
G1 X72.388 Y82.977 E828.99264
G1 X72.244 Y81.996 E830.23022
G1 F1500 E830.13022
G0 F1500 X75.268 Y81.787 Z1.000
G1 F1500 E830.23022
G1 X75.407 Y81.089 E831.11864
G1 X75.635 Y80.417 E832.00327
G1 X75.863 Y79.745 E832.88789
G1 X76.203 Y79.127 E833.76832
G1 X76.543 Y78.508 E834.64875
G1 X76.992 Y77.966 E835.52666
G1 X77.441 Y77.424 E836.40457
G1 X77.986 Y76.980 E837.28128
G1 X78.530 Y76.535 E838.15799
G1 X79.150 Y76.205 E839.03419
G1 X79.771 Y75.876 E839.91039
G1 X80.443 Y75.673 E840.78640
G1 X81.116 Y75.470 E841.66240
G1 X81.815 Y75.403 E842.53833
G1 X82.514 Y75.335 E843.41427
G1 X83.212 Y75.406 E844.29017
G1 X83.911 Y75.476 E845.16607
G1 X84.583 Y75.681 E846.04197
G1 X85.254 Y75.886 E846.91787
G1 X85.873 Y76.218 E847.79376
G1 X86.492 Y76.550 E848.66966
G1 X87.034 Y76.997 E849.54554
G1 X87.576 Y77.444 E850.42143
G1 X88.020 Y77.987 E851.29732
G1 X88.465 Y78.531 E852.17322
G1 X88.795 Y79.151 E853.04911
G1 X89.124 Y79.771 E853.92500
G1 X89.329 Y80.456 E854.81618
G1 X89.533 Y81.140 E855.70736
G1 X89.599 Y81.831 E856.57294
G1 X89.666 Y82.522 E857.43853
G1 X89.595 Y83.218 E858.31108
G1 X89.525 Y83.914 E859.18362
G1 X89.319 Y84.585 E860.05848
G1 X89.114 Y85.255 E860.93333
G1 X88.782 Y85.874 E861.80891
G1 X88.450 Y86.492 E862.68450
G1 X88.003 Y87.034 E863.56030
G1 X87.556 Y87.576 E864.43610
G1 X87.013 Y88.020 E865.31197
G1 X86.469 Y88.465 E866.18784
G1 X85.849 Y88.795 E867.06373
G1 X85.229 Y89.124 E867.93961
G1 X84.557 Y89.327 E868.81550
G1 X83.884 Y89.530 E869.69139
G1 X83.185 Y89.597 E870.56729
G1 X82.486 Y89.665 E871.44318
G1 X81.788 Y89.594 E872.31907
G1 X81.089 Y89.524 E873.19496
G1 X80.417 Y89.319 E874.07086
G1 X79.746 Y89.114 E874.94675
G1 X79.127 Y88.782 E875.82264
G1 X78.508 Y88.450 E876.69853
G1 X77.966 Y88.003 E877.57442
G1 X77.424 Y87.556 E878.45031
G1 X76.980 Y87.013 E879.32620
G1 X76.535 Y86.469 E880.20209
G1 X76.205 Y85.849 E881.07798
G1 X75.876 Y85.229 E881.95387
G1 X75.673 Y84.557 E882.82976
G1 X75.470 Y83.884 E883.70566
G1 X75.403 Y83.185 E884.58155
G1 X75.335 Y82.486 E885.45744
G1 X75.268 Y81.787 E886.33334
G1 F1500 E886.23334
G0 F1500 X78.316 Y81.667 Z1.000
G1 F1500 E886.33334
G1 X78.634 Y80.899 E887.37143
G1 X79.133 Y80.250 E888.39181
G1 X79.631 Y79.601 E889.41219
G1 X80.310 Y79.173 E890.41346
G1 X80.989 Y78.744 E891.41472
G1 X81.770 Y78.601 E892.40514
G1 X82.551 Y78.459 E893.39557
G1 X83.324 Y78.623 E894.38136
G1 X84.097 Y78.788 E895.36714
G1 X84.747 Y79.235 E896.35126
G1 X85.397 Y79.683 E897.33538
G1 X85.826 Y80.344 E898.31899
G1 X86.255 Y81.006 E899.30260
G1 X86.398 Y81.782 E900.28608
G1 X86.541 Y82.557 E901.26955
G1 X86.377 Y83.328 E902.25301
G1 X86.212 Y84.099 E903.23646
G1 X85.765 Y84.749 E904.21992
G1 X85.317 Y85.398 E905.20338
G1 X84.656 Y85.827 E906.18684
G1 X83.994 Y86.256 E907.17030
G1 X83.218 Y86.398 E908.15376
G1 X82.443 Y86.541 E909.13721
G1 X81.672 Y86.377 E910.12067
G1 X80.901 Y86.212 E911.10414
G1 X80.251 Y85.765 E912.08760
G1 X79.602 Y85.317 E913.07106
G1 X79.173 Y84.656 E914.05453
G1 X78.744 Y83.994 E915.03799
G1 X78.602 Y83.218 E916.02145
G1 X78.459 Y82.443 E917.00490
G1 X78.316 Y81.667 E917.98836
;LAYER:1
;TYPE:SKIN
G1 F1500 E917.88836
G0 F1500 X98.127 Y63.461 Z2.000
G1 F1500 E917.98836
G1 X98.724 Y64.002 E918.99329
G1 X99.321 Y64.543 E919.99822
G1 X99.876 Y65.127 E921.00225
G1 X100.431 Y65.710 E922.00627
G1 X100.986 Y66.293 E923.01029
G1 X101.484 Y66.924 E924.01358
G1 X101.983 Y67.555 E925.01686
G1 X102.482 Y68.186 E926.02015
G1 X102.917 Y68.862 E927.02311
G1 X103.352 Y69.538 E928.02607
G1 X103.788 Y70.214 E929.02903
G1 X104.155 Y70.930 E930.03187
G1 X104.522 Y71.645 E931.03471
G1 X104.889 Y72.360 E932.03756
G1 X105.185 Y73.108 E933.04036
G1 X105.480 Y73.856 E934.04316
G1 X105.775 Y74.604 E935.04596
G1 X105.996 Y75.377 E936.04875
G1 X106.216 Y76.150 E937.05154
G1 X106.437 Y76.923 E938.05434
G1 X106.581 Y77.715 E939.05846
G1 X106.725 Y78.507 E940.06258
G1 X106.868 Y79.300 E941.06671
G1 X106.934 Y80.098 E942.06575
G1 X107.000 Y80.896 E943.06479
G1 X107.065 Y81.694 E944.06383
G1 X107.052 Y82.500 E945.06843
G1 X107.039 Y83.305 E946.07302
G1 X107.025 Y84.110 E947.07762
G1 X106.933 Y84.910 E948.08085
G1 X106.841 Y85.709 E949.08408
G1 X106.749 Y86.508 E950.08731
G1 X106.579 Y87.294 E951.09021
G1 X106.409 Y88.080 E952.09311
G1 X106.240 Y88.865 E953.09601
G1 X105.993 Y89.631 E954.09883
G1 X105.747 Y90.396 E955.10164
G1 X105.501 Y91.162 E956.10446
G1 X105.181 Y91.899 E957.10725
G1 X104.861 Y92.637 E958.11005
G1 X104.542 Y93.375 E959.11285
G1 X104.151 Y94.077 E960.11563
G1 X103.760 Y94.780 E961.11842
G1 X103.369 Y95.483 E962.12121
G1 X102.912 Y96.144 E963.12399
G1 X102.454 Y96.805 E964.12678
G1 X101.996 Y97.466 E965.12957
G1 X101.476 Y98.079 E966.13236
G1 X100.956 Y98.692 E967.13515
G1 X100.436 Y99.305 E968.13793
G1 X99.858 Y99.864 E969.14072
G1 X99.280 Y100.423 E970.14351
G1 X98.702 Y100.982 E971.14629
G1 X98.072 Y101.481 E972.14908
G1 X97.442 Y101.981 E973.15186
G1 X96.813 Y102.481 E974.15465
G1 X96.137 Y102.916 E975.15744
G1 X95.461 Y103.352 E976.16023
G1 X94.785 Y103.788 E977.16301
G1 X94.070 Y104.155 E978.16580
G1 X93.355 Y104.522 E979.16859
G1 X92.640 Y104.889 E980.17138
G1 X91.892 Y105.185 E981.17416
G1 X91.144 Y105.480 E982.17694
G1 X90.396 Y105.775 E983.17973
G1 X89.623 Y105.996 E984.18252
G1 X88.850 Y106.216 E985.18530
G1 X88.077 Y106.437 E986.18809
G1 X87.286 Y106.581 E987.19088
G1 X86.495 Y106.725 E988.19367
G1 X85.704 Y106.868 E989.19645
G1 X84.902 Y106.934 E990.19924
G1 X84.101 Y107.000 E991.20203
G1 X83.300 Y107.065 E992.20482
G1 X82.496 Y107.052 E993.20761
G1 X81.692 Y107.039 E994.21040
G1 X80.888 Y107.025 E995.21318
G1 X80.089 Y106.933 E996.21596
G1 X79.291 Y106.841 E997.21875
G1 X78.492 Y106.749 E998.22153
G1 X77.706 Y106.579 E999.22432
G1 X76.920 Y106.409 E1000.22710
G1 X76.134 Y106.240 E1001.22989
G1 X75.369 Y105.993 E1002.23268
G1 X74.604 Y105.747 E1003.23547
G1 X73.838 Y105.501 E1004.23826
G1 X73.101 Y105.181 E1005.24104
G1 X72.363 Y104.861 E1006.24383
G1 X71.625 Y104.542 E1007.24662
G1 X70.923 Y104.151 E1008.24941
G1 X70.220 Y103.760 E1009.25219
G1 X69.517 Y103.369 E1010.25498
G1 X68.856 Y102.912 E1011.25777
G1 X68.195 Y102.454 E1012.26055
G1 X67.534 Y101.996 E1013.26334
G1 X66.921 Y101.476 E1014.26613
G1 X66.308 Y100.956 E1015.26892
G1 X65.695 Y100.436 E1016.27171
G1 X65.136 Y99.858 E1017.27449
G1 X64.577 Y99.280 E1018.27728
G1 X64.018 Y98.702 E1019.28006
G1 X63.519 Y98.072 E1020.28285
G1 X63.019 Y97.442 E1021.28564
G1 X62.519 Y96.813 E1022.28842
G1 X62.084 Y96.137 E1023.29121
G1 X61.648 Y95.461 E1024.29400
G1 X61.212 Y94.785 E1025.29678
G1 X60.845 Y94.070 E1026.29957
G1 X60.478 Y93.355 E1027.30236
G1 X60.111 Y92.640 E1028.30515
G1 X59.815 Y91.892 E1029.30793
G1 X59.520 Y91.144 E1030.31072
G1 X59.225 Y90.396 E1031.31350
G1 X59.004 Y89.623 E1032.31629
G1 X58.784 Y88.850 E1033.31908
G1 X58.563 Y88.077 E1034.32186
G1 X58.419 Y87.286 E1035.32465
G1 X58.275 Y86.495 E1036.32744
G1 X58.132 Y85.704 E1037.33022
G1 X58.066 Y84.902 E1038.33301
G1 X58.000 Y84.101 E1039.33580
G1 X57.935 Y83.300 E1040.33859
G1 X57.948 Y82.496 E1041.34138
G1 X57.961 Y81.692 E1042.34417
G1 X57.975 Y80.888 E1043.34695
G1 X58.067 Y80.089 E1044.34974
G1 X58.159 Y79.291 E1045.35252
G1 X58.251 Y78.492 E1046.35530
G1 X58.421 Y77.706 E1047.35809
G1 X58.591 Y76.920 E1048.36088
G1 X58.760 Y76.134 E1049.36366
G1 X59.007 Y75.369 E1050.36645
G1 X59.253 Y74.604 E1051.36924
G1 X59.499 Y73.838 E1052.37203
G1 X59.819 Y73.101 E1053.37482
G1 X60.139 Y72.363 E1054.37761
G1 X60.458 Y71.625 E1055.38039
G1 X60.849 Y70.923 E1056.38318
G1 X61.240 Y70.220 E1057.38597
G1 X61.631 Y69.517 E1058.38875
G1 X62.088 Y68.856 E1059.39154
G1 X62.546 Y68.195 E1060.39433
G1 X63.004 Y67.534 E1061.39711
G1 X63.524 Y66.921 E1062.39990
G1 X64.044 Y66.308 E1063.40269
G1 X64.564 Y65.695 E1064.40548
G1 X65.142 Y65.136 E1065.40826
G1 X65.720 Y64.577 E1066.41105
G1 X66.298 Y64.018 E1067.41384
G1 X66.928 Y63.519 E1068.41662
G1 X67.558 Y63.019 E1069.41941
G1 X68.187 Y62.519 E1070.42219
G1 X68.863 Y62.084 E1071.42498
G1 X69.539 Y61.648 E1072.42777
G1 X70.215 Y61.212 E1073.43056
G1 X70.930 Y60.845 E1074.43335
G1 X71.645 Y60.478 E1075.43613
G1 X72.360 Y60.111 E1076.43892
G1 X73.108 Y59.815 E1077.44170
G1 X73.856 Y59.520 E1078.44449
G1 X74.604 Y59.225 E1079.44727
G1 X75.377 Y59.004 E1080.45006
G1 X76.150 Y58.784 E1081.45285
G1 X76.923 Y58.563 E1082.45564
G1 X77.714 Y58.419 E1083.45842
G1 X78.505 Y58.275 E1084.46121
G1 X79.296 Y58.132 E1085.46400
G1 X80.098 Y58.066 E1086.46679
G1 X80.899 Y58.000 E1087.46958
G1 X81.700 Y57.935 E1088.47237
G1 X82.504 Y57.948 E1089.47515
G1 X83.308 Y57.961 E1090.47794
G1 X84.112 Y57.975 E1091.48073
G1 X84.911 Y58.067 E1092.48351
G1 X85.709 Y58.159 E1093.48629
G1 X86.508 Y58.251 E1094.48907
G1 X87.294 Y58.421 E1095.49186
G1 X88.080 Y58.591 E1096.49465
G1 X88.866 Y58.760 E1097.49744
G1 X89.631 Y59.007 E1098.50022
G1 X90.396 Y59.253 E1099.50301
G1 X91.162 Y59.499 E1100.50580
G1 X91.899 Y59.819 E1101.50859
G1 X92.637 Y60.139 E1102.51138
G1 X93.375 Y60.458 E1103.51417
G1 X94.077 Y60.849 E1104.51695
G1 X94.780 Y61.240 E1105.51974
G1 X95.483 Y61.631 E1106.52252
G1 X96.144 Y62.088 E1107.52531
G1 X96.805 Y62.546 E1108.52810
G1 X97.466 Y63.004 E1109.53088
G1 X98.127 Y63.461 E1110.53367
G1 F1500 E1110.43367
G0 F1500 X96.223 Y65.781 Z2.000
G1 F1500 E1110.53367
G1 X96.747 Y66.256 E1111.41617
G1 X97.271 Y66.731 E1112.29866
G1 X97.921 Y67.414 E1113.47426
G1 X98.571 Y68.097 E1114.64985
G1 X99.050 Y68.694 E1115.60409
G1 X99.528 Y69.290 E1116.55832
G1 X100.007 Y69.887 E1117.51256
G1 X100.530 Y70.693 E1118.71098
G1 X101.053 Y71.499 E1119.90940
G1 X101.411 Y72.180 E1120.86902
G1 X101.769 Y72.862 E1121.82864
G1 X102.126 Y73.543 E1122.78826
G1 X102.484 Y74.436 E1123.98833
G1 X102.841 Y75.329 E1125.18839
G1 X103.060 Y76.067 E1126.14839
G1 X103.278 Y76.805 E1127.10839
G1 X103.496 Y77.543 E1128.06839
G1 X103.673 Y78.492 E1129.27152
G1 X103.850 Y79.440 E1130.47466
G1 X103.920 Y80.201 E1131.42774
G1 X103.990 Y80.962 E1132.38081
G1 X104.060 Y81.723 E1133.33389
G1 X104.049 Y82.689 E1134.53909
G1 X104.037 Y83.655 E1135.74428
G1 X103.956 Y84.422 E1136.70555
G1 X103.875 Y85.188 E1137.66681
G1 X103.795 Y85.955 E1138.62808
G1 X103.596 Y86.896 E1139.82868
G1 X103.397 Y87.838 E1141.02928
G1 X103.168 Y88.573 E1141.98941
G1 X102.940 Y89.308 E1142.94953
G1 X102.711 Y90.044 E1143.90966
G1 X102.333 Y90.928 E1145.10988
G1 X101.954 Y91.813 E1146.31011
G1 X101.586 Y92.489 E1147.27013
G1 X101.219 Y93.165 E1148.23016
G1 X100.851 Y93.842 E1149.19019
G1 X100.307 Y94.635 E1150.39039
G1 X99.763 Y95.429 E1151.59058
G1 X99.271 Y96.021 E1152.55060
G1 X98.778 Y96.612 E1153.51063
G1 X98.286 Y97.204 E1154.47065
G1 X97.598 Y97.876 E1155.67084
G1 X96.909 Y98.549 E1156.87103
G1 X96.311 Y99.033 E1157.83105
G1 X95.712 Y99.517 E1158.79107
G1 X95.114 Y100.001 E1159.75109
G1 X94.308 Y100.526 E1160.95129
G1 X93.501 Y101.051 E1162.15148
G1 X92.820 Y101.409 E1163.11150
G1 X92.139 Y101.768 E1164.07152
G1 X91.457 Y102.126 E1165.03155
G1 X90.564 Y102.483 E1166.23173
G1 X89.671 Y102.841 E1167.43192
G1 X88.933 Y103.059 E1168.39194
G1 X88.195 Y103.278 E1169.35197
G1 X87.457 Y103.496 E1170.31199
G1 X86.511 Y103.673 E1171.51218
G1 X85.565 Y103.849 E1172.71237
G1 X84.798 Y103.919 E1173.67239
G1 X84.032 Y103.990 E1174.63242
G1 X83.265 Y104.060 E1175.59244
G1 X82.303 Y104.048 E1176.79263
G1 X81.341 Y104.037 E1177.99282
G1 X80.575 Y103.956 E1178.95284
G1 X79.810 Y103.875 E1179.91286
G1 X79.044 Y103.795 E1180.87287
G1 X78.103 Y103.596 E1182.07307
G1 X77.161 Y103.397 E1183.27326
G1 X76.426 Y103.168 E1184.23328
G1 X75.691 Y102.940 E1185.19331
G1 X74.956 Y102.711 E1186.15333
G1 X74.072 Y102.333 E1187.35352
G1 X73.187 Y101.954 E1188.55371
G1 X72.511 Y101.586 E1189.51374
G1 X71.835 Y101.219 E1190.47376
G1 X71.158 Y100.851 E1191.43378
G1 X70.365 Y100.307 E1192.63397
G1 X69.571 Y99.763 E1193.83416
G1 X68.979 Y99.271 E1194.79418
G1 X68.388 Y98.778 E1195.75421
G1 X67.796 Y98.286 E1196.71423
G1 X67.124 Y97.598 E1197.91442
G1 X66.451 Y96.909 E1199.11461
G1 X65.967 Y96.311 E1200.07463
G1 X65.483 Y95.712 E1201.03465
G1 X64.999 Y95.114 E1201.99467
G1 X64.474 Y94.308 E1203.19486
G1 X63.949 Y93.501 E1204.39505
G1 X63.591 Y92.820 E1205.35508
G1 X63.232 Y92.139 E1206.31510
G1 X62.874 Y91.457 E1207.27513
G1 X62.517 Y90.564 E1208.47531
G1 X62.159 Y89.671 E1209.67550
G1 X61.941 Y88.933 E1210.63552
G1 X61.722 Y88.195 E1211.59555
G1 X61.504 Y87.457 E1212.55557
G1 X61.327 Y86.511 E1213.75576
G1 X61.151 Y85.565 E1214.95595
G1 X61.081 Y84.798 E1215.91597
G1 X61.010 Y84.032 E1216.87600
G1 X60.940 Y83.265 E1217.83602
G1 X60.952 Y82.303 E1219.03621
G1 X60.963 Y81.341 E1220.23640
G1 X61.044 Y80.575 E1221.19642
G1 X61.125 Y79.810 E1222.15644
G1 X61.205 Y79.044 E1223.11645
G1 X61.404 Y78.103 E1224.31665
G1 X61.603 Y77.161 E1225.51684
G1 X61.832 Y76.426 E1226.47686
G1 X62.060 Y75.691 E1227.43689
G1 X62.289 Y74.956 E1228.39691
G1 X62.667 Y74.072 E1229.59710
G1 X63.046 Y73.187 E1230.79729
G1 X63.414 Y72.511 E1231.75731
G1 X63.781 Y71.835 E1232.71734
G1 X64.149 Y71.158 E1233.67736
G1 X64.693 Y70.365 E1234.87755
G1 X65.237 Y69.571 E1236.07774
G1 X65.729 Y68.979 E1237.03776
G1 X66.222 Y68.388 E1237.99779
G1 X66.714 Y67.796 E1238.95781
G1 X67.402 Y67.124 E1240.15800
G1 X68.091 Y66.451 E1241.35818
G1 X68.689 Y65.967 E1242.31821
G1 X69.288 Y65.483 E1243.27823
G1 X69.886 Y64.999 E1244.23825
G1 X70.692 Y64.474 E1245.43844
G1 X71.499 Y63.949 E1246.63863
G1 X72.180 Y63.591 E1247.59866
G1 X72.861 Y63.232 E1248.55868
G1 X73.543 Y62.874 E1249.51871
G1 X74.436 Y62.517 E1250.71889
G1 X75.329 Y62.159 E1251.91908
G1 X76.067 Y61.941 E1252.87910
G1 X76.805 Y61.722 E1253.83912
G1 X77.543 Y61.504 E1254.79915
G1 X78.489 Y61.327 E1255.99934
G1 X79.435 Y61.151 E1257.19952
G1 X80.202 Y61.081 E1258.15955
G1 X80.968 Y61.010 E1259.11958
G1 X81.735 Y60.940 E1260.07960
G1 X82.697 Y60.952 E1261.27979
G1 X83.659 Y60.963 E1262.47998
G1 X84.425 Y61.044 E1263.44000
G1 X85.190 Y61.125 E1264.40001
G1 X85.956 Y61.205 E1265.36003
G1 X86.897 Y61.404 E1266.56022
G1 X87.839 Y61.603 E1267.76042
G1 X88.574 Y61.832 E1268.72044
G1 X89.309 Y62.060 E1269.68047
G1 X90.044 Y62.289 E1270.64049
G1 X90.928 Y62.667 E1271.84068
G1 X91.813 Y63.046 E1273.04087
G1 X92.489 Y63.414 E1274.00089
G1 X93.165 Y63.781 E1274.96092
G1 X93.842 Y64.149 E1275.92094
G1 X94.635 Y64.693 E1277.12113
G1 X95.429 Y65.237 E1278.32131
G1 X96.223 Y65.781 E1279.52150
G1 F1500 E1279.42150
G0 F1500 X94.319 Y68.100 Z2.000
G1 F1500 E1279.52150
G1 X94.964 Y68.746 E1280.66022
G1 X95.610 Y69.392 E1281.79893
G1 X96.256 Y70.037 E1282.93764
G1 X96.790 Y70.774 E1284.07285
G1 X97.325 Y71.510 E1285.20805
G1 X97.860 Y72.247 E1286.34326
G1 X98.395 Y72.983 E1287.47847
G1 X98.781 Y73.805 E1288.61145
G1 X99.168 Y74.627 E1289.74443
G1 X99.554 Y75.449 E1290.87742
G1 X99.941 Y76.271 E1292.01040
G1 X100.161 Y77.154 E1293.14508
G1 X100.381 Y78.037 E1294.27976
G1 X100.600 Y78.920 E1295.41444
G1 X100.820 Y79.802 E1296.54912
G1 X100.864 Y80.707 E1297.67914
G1 X100.908 Y81.612 E1298.80916
G1 X100.952 Y82.517 E1299.93919
G1 X100.995 Y83.422 E1301.06921
G1 X100.862 Y84.319 E1302.20078
G1 X100.728 Y85.217 E1303.33234
G1 X100.594 Y86.114 E1304.46391
G1 X100.460 Y87.011 E1305.59547
G1 X100.154 Y87.866 E1306.72734
G1 X99.848 Y88.720 E1307.85921
G1 X99.541 Y89.574 E1308.99108
G1 X99.235 Y90.428 E1310.12295
G1 X98.768 Y91.207 E1311.25487
G1 X98.301 Y91.985 E1312.38680
G1 X97.834 Y92.763 E1313.51872
G1 X97.367 Y93.541 E1314.65064
G1 X96.757 Y94.213 E1315.78258
G1 X96.147 Y94.885 E1316.91451
G1 X95.537 Y95.557 E1318.04644
G1 X94.927 Y96.229 E1319.17838
G1 X94.198 Y96.769 E1320.31031
G1 X93.468 Y97.309 E1321.44225
G1 X92.739 Y97.849 E1322.57419
G1 X92.010 Y98.390 E1323.70613
G1 X91.189 Y98.777 E1324.83806
G1 X90.369 Y99.165 E1325.96999
G1 X89.548 Y99.552 E1327.10193
G1 X88.727 Y99.940 E1328.23386
G1 X87.847 Y100.160 E1329.36580
G1 X86.966 Y100.379 E1330.49773
G1 X86.086 Y100.599 E1331.62967
G1 X85.205 Y100.819 E1332.76161
G1 X84.299 Y100.863 E1333.89354
G1 X83.392 Y100.907 E1335.02548
G1 X82.486 Y100.951 E1336.15742
G1 X81.579 Y100.995 E1337.28936
G1 X80.682 Y100.861 E1338.42129
G1 X79.784 Y100.728 E1339.55323
G1 X78.886 Y100.594 E1340.68517
G1 X77.989 Y100.460 E1341.81710
G1 X77.135 Y100.154 E1342.94904
G1 X76.280 Y99.848 E1344.08097
G1 X75.426 Y99.541 E1345.21291
G1 X74.572 Y99.235 E1346.34485
G1 X73.794 Y98.768 E1347.47678
G1 X73.015 Y98.301 E1348.60872
G1 X72.237 Y97.834 E1349.74065
G1 X71.459 Y97.367 E1350.87259
G1 X70.787 Y96.757 E1352.00452
G1 X70.115 Y96.147 E1353.13646
G1 X69.443 Y95.537 E1354.26839
G1 X68.771 Y94.927 E1355.40033
G1 X68.231 Y94.198 E1356.53227
G1 X67.691 Y93.468 E1357.66420
G1 X67.151 Y92.739 E1358.79614
G1 X66.610 Y92.010 E1359.92808
G1 X66.223 Y91.189 E1361.06001
G1 X65.835 Y90.369 E1362.19195
G1 X65.448 Y89.548 E1363.32388
G1 X65.060 Y88.727 E1364.45582
G1 X64.840 Y87.847 E1365.58775
G1 X64.621 Y86.966 E1366.71969
G1 X64.401 Y86.086 E1367.85163
G1 X64.181 Y85.205 E1368.98356
G1 X64.137 Y84.299 E1370.11550
G1 X64.093 Y83.392 E1371.24744
G1 X64.049 Y82.486 E1372.37938
G1 X64.005 Y81.579 E1373.51131
G1 X64.139 Y80.682 E1374.64325
G1 X64.272 Y79.784 E1375.77518
G1 X64.406 Y78.886 E1376.90712
G1 X64.540 Y77.989 E1378.03905
G1 X64.846 Y77.135 E1379.17099
G1 X65.152 Y76.280 E1380.30293
G1 X65.459 Y75.426 E1381.43487
G1 X65.765 Y74.572 E1382.56680
G1 X66.232 Y73.794 E1383.69874
G1 X66.699 Y73.015 E1384.83067
G1 X67.166 Y72.237 E1385.96261
G1 X67.633 Y71.459 E1387.09454
G1 X68.243 Y70.787 E1388.22648
G1 X68.853 Y70.115 E1389.35841
G1 X69.463 Y69.443 E1390.49035
G1 X70.073 Y68.771 E1391.62228
G1 X70.802 Y68.231 E1392.75422
G1 X71.532 Y67.691 E1393.88616
G1 X72.261 Y67.151 E1395.01810
G1 X72.990 Y66.610 E1396.15004
G1 X73.811 Y66.223 E1397.28197
G1 X74.631 Y65.835 E1398.41390
G1 X75.452 Y65.448 E1399.54584
G1 X76.273 Y65.060 E1400.67777
G1 X77.153 Y64.840 E1401.80971
G1 X78.034 Y64.621 E1402.94164
G1 X78.914 Y64.401 E1404.07358
G1 X79.795 Y64.181 E1405.20552
G1 X80.701 Y64.137 E1406.33746
G1 X81.608 Y64.093 E1407.46939
G1 X82.514 Y64.049 E1408.60133
G1 X83.421 Y64.005 E1409.73327
G1 X84.318 Y64.139 E1410.86521
G1 X85.216 Y64.272 E1411.99714
G1 X86.114 Y64.406 E1413.12908
G1 X87.011 Y64.540 E1414.26101
G1 X87.865 Y64.846 E1415.39295
G1 X88.720 Y65.152 E1416.52488
G1 X89.574 Y65.459 E1417.65682
G1 X90.428 Y65.765 E1418.78876
G1 X91.206 Y66.232 E1419.92069
G1 X91.985 Y66.699 E1421.05263
G1 X92.763 Y67.166 E1422.18456
G1 X93.541 Y67.633 E1423.31650
G1 X94.319 Y68.100 E1424.44843
G1 F1500 E1424.34843
G0 F1500 X92.415 Y70.420 Z2.000
G1 F1500 E1424.44843
G1 X92.957 Y70.962 E1425.40371
G1 X93.498 Y71.503 E1426.35899
G1 X94.040 Y72.045 E1427.31427
G1 X94.601 Y72.817 E1428.50469
G1 X95.161 Y73.589 E1429.69511
G1 X95.722 Y74.362 E1430.88554
G1 X96.156 Y75.262 E1432.13214
G1 X96.589 Y76.163 E1433.37874
G1 X97.022 Y77.064 E1434.62535
G1 X97.229 Y77.847 E1435.63609
G1 X97.435 Y78.631 E1436.64684
G1 X97.641 Y79.415 E1437.65758
G1 X97.848 Y80.198 E1438.66833
G1 X97.899 Y81.157 E1439.86571
G1 X97.950 Y82.115 E1441.06308
G1 X98.001 Y83.074 E1442.26046
G1 X97.892 Y83.867 E1443.25849
G1 X97.783 Y84.659 E1444.25651
G1 X97.673 Y85.452 E1445.25454
G1 X97.564 Y86.245 E1446.25256
G1 X97.244 Y87.151 E1447.45090
G1 X96.923 Y88.056 E1448.64924
G1 X96.603 Y88.962 E1449.84757
G1 X96.198 Y89.653 E1450.84582
G1 X95.794 Y90.343 E1451.84406
G1 X95.389 Y91.034 E1452.84231
G1 X94.985 Y91.724 E1453.84055
G1 X94.342 Y92.439 E1455.03895
G1 X93.699 Y93.153 E1456.23734
G1 X93.056 Y93.867 E1457.43574
G1 X92.418 Y94.350 E1458.43400
G1 X91.780 Y94.833 E1459.43226
G1 X91.142 Y95.317 E1460.43052
G1 X90.504 Y95.800 E1461.42878
G1 X89.637 Y96.214 E1462.62718
G1 X88.770 Y96.628 E1463.82558
G1 X87.903 Y97.041 E1465.02398
G1 X87.128 Y97.244 E1466.02223
G1 X86.354 Y97.446 E1467.02049
G1 X85.580 Y97.648 E1468.01875
G1 X84.805 Y97.851 E1469.01701
G1 X83.846 Y97.901 E1470.21541
G1 X82.886 Y97.952 E1471.41382
G1 X81.927 Y98.002 E1472.61222
G1 X81.134 Y97.893 E1473.61048
G1 X80.341 Y97.783 E1474.60874
G1 X79.548 Y97.674 E1475.60700
G1 X78.755 Y97.564 E1476.60525
G1 X77.850 Y97.244 E1477.80366
G1 X76.944 Y96.923 E1479.00206
G1 X76.038 Y96.603 E1480.20046
G1 X75.347 Y96.198 E1481.19872
G1 X74.657 Y95.794 E1482.19697
G1 X73.966 Y95.389 E1483.19523
G1 X73.276 Y94.985 E1484.19349
G1 X72.561 Y94.342 E1485.39189
G1 X71.847 Y93.699 E1486.59029
G1 X71.133 Y93.056 E1487.78869
G1 X70.650 Y92.418 E1488.78695
G1 X70.167 Y91.780 E1489.78521
G1 X69.683 Y91.142 E1490.78347
G1 X69.200 Y90.504 E1491.78173
G1 X68.786 Y89.637 E1492.98013
G1 X68.372 Y88.770 E1494.17853
G1 X67.959 Y87.903 E1495.37693
G1 X67.756 Y87.128 E1496.37518
G1 X67.554 Y86.354 E1497.37344
G1 X67.352 Y85.580 E1498.37170
G1 X67.149 Y84.805 E1499.36996
G1 X67.099 Y83.846 E1500.56837
G1 X67.048 Y82.886 E1501.76677
G1 X66.998 Y81.927 E1502.96517
G1 X67.107 Y81.134 E1503.96343
G1 X67.217 Y80.341 E1504.96169
G1 X67.326 Y79.548 E1505.95995
G1 X67.436 Y78.755 E1506.95821
G1 X67.756 Y77.850 E1508.15661
G1 X68.077 Y76.944 E1509.35501
G1 X68.397 Y76.038 E1510.55341
G1 X68.802 Y75.347 E1511.55167
G1 X69.206 Y74.657 E1512.54993
G1 X69.611 Y73.966 E1513.54819
G1 X70.015 Y73.276 E1514.54644
G1 X70.658 Y72.561 E1515.74484
G1 X71.301 Y71.847 E1516.94324
G1 X71.944 Y71.133 E1518.14164
G1 X72.582 Y70.650 E1519.13990
G1 X73.220 Y70.167 E1520.13816
G1 X73.858 Y69.683 E1521.13642
G1 X74.496 Y69.200 E1522.13469
G1 X75.363 Y68.786 E1523.33308
G1 X76.230 Y68.372 E1524.53148
G1 X77.097 Y67.959 E1525.72988
G1 X77.872 Y67.756 E1526.72814
G1 X78.646 Y67.554 E1527.72640
G1 X79.420 Y67.352 E1528.72466
G1 X80.195 Y67.149 E1529.72291
G1 X81.154 Y67.099 E1530.92132
G1 X82.114 Y67.048 E1532.11972
G1 X83.073 Y66.998 E1533.31812
G1 X83.866 Y67.107 E1534.31638
G1 X84.659 Y67.217 E1535.31464
G1 X85.452 Y67.326 E1536.31290
G1 X86.245 Y67.436 E1537.31116
G1 X87.150 Y67.756 E1538.50956
G1 X88.056 Y68.077 E1539.70796
G1 X88.962 Y68.397 E1540.90636
G1 X89.653 Y68.802 E1541.90462
G1 X90.343 Y69.206 E1542.90288
G1 X91.034 Y69.611 E1543.90114
G1 X91.724 Y70.015 E1544.89939
G1 X92.415 Y70.420 E1545.89765
G1 F1500 E1545.79765
G0 F1500 X90.511 Y72.740 Z2.000
G1 F1500 E1545.89765
G1 X91.095 Y73.323 E1546.92678
G1 X91.678 Y73.907 E1547.95590
G1 X92.168 Y74.567 E1548.98131
G1 X92.657 Y75.227 E1550.00673
G1 X93.147 Y75.888 E1551.03214
G1 X93.506 Y76.625 E1552.05456
G1 X93.865 Y77.362 E1553.07698
G1 X94.224 Y78.098 E1554.09940
G1 X94.435 Y78.893 E1555.12534
G1 X94.646 Y79.688 E1556.15128
G1 X94.857 Y80.484 E1557.17721
G1 X94.910 Y81.297 E1558.19423
G1 X94.962 Y82.111 E1559.21124
G1 X95.014 Y82.925 E1560.22826
G1 X94.906 Y83.735 E1561.24789
G1 X94.799 Y84.545 E1562.26751
G1 X94.691 Y85.356 E1563.28714
G1 X94.427 Y86.130 E1564.30740
G1 X94.163 Y86.904 E1565.32766
G1 X93.900 Y87.679 E1566.34792
G1 X93.490 Y88.387 E1567.36833
G1 X93.080 Y89.095 E1568.38874
G1 X92.670 Y89.803 E1569.40914
G1 X92.130 Y90.418 E1570.42958
G1 X91.590 Y91.032 E1571.45002
G1 X91.050 Y91.647 E1572.47046
G1 X90.400 Y92.144 E1573.49091
G1 X89.751 Y92.642 E1574.51136
G1 X89.101 Y93.139 E1575.53181
G1 X88.367 Y93.500 E1576.55226
G1 X87.633 Y93.861 E1577.57271
G1 X86.899 Y94.222 E1578.59315
G1 X86.108 Y94.433 E1579.61360
G1 X85.318 Y94.644 E1580.63405
G1 X84.527 Y94.855 E1581.65450
G1 X83.711 Y94.908 E1582.67495
G1 X82.894 Y94.961 E1583.69540
G1 X82.078 Y95.013 E1584.71585
G1 X81.267 Y94.906 E1585.73630
G1 X80.456 Y94.798 E1586.75675
G1 X79.645 Y94.691 E1587.77720
G1 X78.870 Y94.427 E1588.79765
G1 X78.096 Y94.163 E1589.81810
G1 X77.321 Y93.899 E1590.83855
G1 X76.613 Y93.490 E1591.85899
G1 X75.905 Y93.080 E1592.87944
G1 X75.197 Y92.670 E1593.89989
G1 X74.582 Y92.130 E1594.92034
G1 X73.968 Y91.590 E1595.94078
G1 X73.353 Y91.050 E1596.96123
G1 X72.856 Y90.400 E1597.98168
G1 X72.358 Y89.751 E1599.00213
G1 X71.861 Y89.101 E1600.02258
G1 X71.500 Y88.367 E1601.04303
G1 X71.139 Y87.633 E1602.06348
G1 X70.778 Y86.899 E1603.08393
G1 X70.567 Y86.108 E1604.10437
G1 X70.356 Y85.318 E1605.12482
G1 X70.145 Y84.527 E1606.14527
G1 X70.092 Y83.711 E1607.16572
G1 X70.039 Y82.894 E1608.18618
G1 X69.987 Y82.078 E1609.20663
G1 X70.094 Y81.267 E1610.22708
G1 X70.202 Y80.456 E1611.24752
G1 X70.309 Y79.645 E1612.26797
G1 X70.573 Y78.870 E1613.28842
G1 X70.837 Y78.096 E1614.30887
G1 X71.101 Y77.321 E1615.32932
G1 X71.510 Y76.613 E1616.34977
G1 X71.920 Y75.905 E1617.37022
G1 X72.330 Y75.197 E1618.39067
G1 X72.870 Y74.582 E1619.41111
G1 X73.410 Y73.968 E1620.43156
G1 X73.950 Y73.353 E1621.45201
G1 X74.600 Y72.856 E1622.47246
G1 X75.249 Y72.358 E1623.49291
G1 X75.899 Y71.861 E1624.51336
G1 X76.633 Y71.500 E1625.53381
G1 X77.367 Y71.139 E1626.55426
G1 X78.101 Y70.778 E1627.57470
G1 X78.892 Y70.567 E1628.59515
G1 X79.682 Y70.356 E1629.61560
G1 X80.473 Y70.145 E1630.63605
G1 X81.289 Y70.092 E1631.65650
G1 X82.106 Y70.039 E1632.67695
G1 X82.922 Y69.987 E1633.69740
G1 X83.733 Y70.094 E1634.71785
G1 X84.544 Y70.202 E1635.73830
G1 X85.355 Y70.309 E1636.75875
G1 X86.130 Y70.573 E1637.77920
G1 X86.904 Y70.837 E1638.79965
G1 X87.679 Y71.101 E1639.82010
G1 X88.387 Y71.510 E1640.84055
G1 X89.095 Y71.920 E1641.86099
G1 X89.803 Y72.330 E1642.88144
G1 X90.511 Y72.740 E1643.90189
G1 F1500 E1643.80189
G0 F1500 X88.607 Y75.059 Z2.000
G1 F1500 E1643.90189
G1 X89.274 Y75.726 E1645.07870
G1 X89.846 Y76.472 E1646.25049
G1 X90.418 Y77.217 E1647.42228
G1 X90.849 Y78.047 E1648.58851
G1 X91.281 Y78.877 E1649.75474
G1 X91.548 Y79.776 E1650.92522
G1 X91.815 Y80.676 E1652.09570
G1 X91.903 Y81.599 E1653.25191
G1 X91.992 Y82.521 E1654.40812
G1 X91.898 Y83.446 E1655.56710
G1 X91.805 Y84.370 E1656.72608
G1 X91.533 Y85.260 E1657.88594
G1 X91.261 Y86.149 E1659.04580
G1 X90.821 Y86.968 E1660.20592
G1 X90.381 Y87.788 E1661.36604
G1 X89.789 Y88.506 E1662.52623
G1 X89.198 Y89.224 E1663.68642
G1 X88.478 Y89.812 E1664.84664
G1 X87.757 Y90.401 E1666.00686
G1 X86.936 Y90.838 E1667.16708
G1 X86.115 Y91.275 E1668.32730
G1 X85.224 Y91.543 E1669.48752
G1 X84.334 Y91.812 E1670.64774
G1 X83.408 Y91.901 E1671.80796
G1 X82.482 Y91.990 E1672.96819
G1 X81.556 Y91.897 E1674.12841
G1 X80.631 Y91.804 E1675.28863
G1 X79.741 Y91.533 E1676.44885
G1 X78.851 Y91.261 E1677.60907
G1 X78.032 Y90.821 E1678.76929
G1 X77.212 Y90.381 E1679.92951
G1 X76.494 Y89.789 E1681.08973
G1 X75.776 Y89.198 E1682.24995
G1 X75.188 Y88.478 E1683.41017
G1 X74.599 Y87.757 E1684.57039
G1 X74.162 Y86.936 E1685.73061
G1 X73.725 Y86.115 E1686.89083
G1 X73.457 Y85.224 E1688.05105
G1 X73.188 Y84.334 E1689.21127
G1 X73.099 Y83.408 E1690.37150
G1 X73.010 Y82.482 E1691.53172
G1 X73.103 Y81.556 E1692.69194
G1 X73.196 Y80.631 E1693.85216
G1 X73.467 Y79.741 E1695.01239
G1 X73.739 Y78.851 E1696.17261
G1 X74.179 Y78.032 E1697.33283
G1 X74.619 Y77.212 E1698.49305
G1 X75.211 Y76.494 E1699.65326
G1 X75.802 Y75.776 E1700.81348
G1 X76.522 Y75.188 E1701.97371
G1 X77.243 Y74.599 E1703.13394
G1 X78.064 Y74.162 E1704.29415
G1 X78.885 Y73.725 E1705.45437
G1 X79.776 Y73.457 E1706.61459
G1 X80.666 Y73.188 E1707.77481
G1 X81.592 Y73.099 E1708.93503
G1 X82.518 Y73.010 E1710.09526
G1 X83.444 Y73.103 E1711.25548
G1 X84.369 Y73.196 E1712.41570
G1 X85.259 Y73.467 E1713.57592
G1 X86.149 Y73.739 E1714.73614
G1 X86.968 Y74.179 E1715.89636
G1 X87.788 Y74.619 E1717.05658
G1 X88.607 Y75.059 E1718.21680
G1 F1500 E1718.11680
G0 F1500 X75.907 Y81.850 Z2.000
G1 F1500 E1718.21680
G1 X76.033 Y81.213 E1719.02675
G1 X76.345 Y80.295 E1720.23649
G1 X76.690 Y79.629 E1721.17180
G1 X77.034 Y78.963 E1722.10712
G1 X77.455 Y78.435 E1722.94950
G1 X77.876 Y77.906 E1723.79188
G1 X78.627 Y77.282 E1725.00986
G1 X79.277 Y76.908 E1725.94529
G1 X79.927 Y76.534 E1726.88072
G1 X80.568 Y76.325 E1727.72205
G1 X81.210 Y76.116 E1728.56338
G1 X82.180 Y76.011 E1729.78029
G1 X82.928 Y76.061 E1730.71523
G1 X83.676 Y76.110 E1731.65017
G1 X84.325 Y76.293 E1732.49129
G1 X84.974 Y76.475 E1733.33240
G1 X85.839 Y76.927 E1734.54918
G1 X86.433 Y77.384 E1735.48407
G1 X87.027 Y77.840 E1736.41896
G1 X87.466 Y78.353 E1737.26006
G1 X87.905 Y78.865 E1738.10116
G1 X88.372 Y79.721 E1739.31793
G1 X88.614 Y80.439 E1740.26243
G1 X88.855 Y81.157 E1741.20694
G1 X88.935 Y81.821 E1742.04153
G1 X89.014 Y82.485 E1742.87611
G1 X88.927 Y83.454 E1744.08971
G1 X88.732 Y84.177 E1745.02361
G1 X88.537 Y84.900 E1745.95750
G1 X88.232 Y85.501 E1746.79830
G1 X87.927 Y86.102 E1747.63910
G1 X87.315 Y86.862 E1748.85574
G1 X86.751 Y87.356 E1749.79060
G1 X86.187 Y87.849 E1750.72547
G1 X85.599 Y88.180 E1751.56656
G1 X85.011 Y88.510 E1752.40764
G1 X84.080 Y88.802 E1753.62441
G1 X83.337 Y88.899 E1754.55930
G1 X82.593 Y88.996 E1755.49420
G1 X81.921 Y88.944 E1756.33530
G1 X81.249 Y88.892 E1757.17639
G1 X80.313 Y88.617 E1758.39316
G1 X79.641 Y88.285 E1759.32805
G1 X78.969 Y87.953 E1760.26294
G1 X78.439 Y87.536 E1761.10404
G1 X77.908 Y87.120 E1761.94513
G1 X77.283 Y86.371 E1763.16190
G1 X76.908 Y85.722 E1764.09679
G1 X76.534 Y85.072 E1765.03169
G1 X76.325 Y84.431 E1765.87278
G1 X76.116 Y83.790 E1766.71388
G1 X76.011 Y82.820 E1767.93065
G1 X75.907 Y81.850 E1769.14743
G1 F1500 E1769.04743
G0 F1500 X78.945 Y81.793 Z2.000
G1 F1500 E1769.14743
G1 X79.216 Y81.139 E1770.02934
G1 X79.639 Y80.588 E1770.89620
G1 X80.063 Y80.037 E1771.76306
G1 X80.640 Y79.673 E1772.61368
G1 X81.216 Y79.309 E1773.46431
G1 X81.880 Y79.188 E1774.30572
G1 X82.544 Y79.067 E1775.14713
G1 X83.200 Y79.207 E1775.98460
G1 X83.857 Y79.347 E1776.82207
G1 X84.409 Y79.727 E1777.65813
G1 X84.961 Y80.107 E1778.49418
G1 X85.326 Y80.669 E1779.32981
G1 X85.690 Y81.231 E1780.16544
G1 X85.812 Y81.890 E1781.00094
G1 X85.933 Y82.549 E1781.83644
G1 X85.793 Y83.204 E1782.67194
G1 X85.653 Y83.859 E1783.50743
G1 X85.273 Y84.410 E1784.34292
G1 X84.893 Y84.962 E1785.17841
G1 X84.331 Y85.326 E1786.01391
G1 X83.769 Y85.691 E1786.84942
G1 X83.110 Y85.812 E1787.68490
G1 X82.451 Y85.933 E1788.52039
G1 X81.796 Y85.793 E1789.35589
G1 X81.141 Y85.653 E1790.19139
G1 X80.590 Y85.273 E1791.02689
G1 X80.038 Y84.893 E1791.86238
G1 X79.674 Y84.331 E1792.69789
G1 X79.309 Y83.769 E1793.53339
G1 X79.188 Y83.110 E1794.36888
G1 X79.067 Y82.451 E1795.20437
G1 X78.945 Y81.793 E1796.03986
;LAYER:2
;TYPE:SKIN
G1 F1500 E1795.93986
G0 F1500 X109.359 Y79.859 Z3.000
G1 F1500 E1796.03986
G1 X109.403 Y80.738 E1797.13815
G1 X109.446 Y81.618 E1798.23645
G1 X109.425 Y82.500 E1799.33728
G1 X109.403 Y83.383 E1800.43811
G1 X109.381 Y84.265 E1801.53894
G1 X109.279 Y85.140 E1802.63847
G1 X109.176 Y86.016 E1803.73800
G1 X109.073 Y86.892 E1804.83753
G1 X108.887 Y87.753 E1805.93659
G1 X108.700 Y88.614 E1807.03565
G1 X108.514 Y89.475 E1808.13471
G1 X108.244 Y90.314 E1809.23361
G1 X107.974 Y91.153 E1810.33251
G1 X107.704 Y91.991 E1811.43141
G1 X107.354 Y92.800 E1812.53026
G1 X107.003 Y93.608 E1813.62911
G1 X106.653 Y94.416 E1814.72796
G1 X106.224 Y95.186 E1815.82680
G1 X105.796 Y95.956 E1816.92563
G1 X105.368 Y96.726 E1818.02447
G1 X104.867 Y97.451 E1819.12330
G1 X104.365 Y98.175 E1820.22213
G1 X103.864 Y98.899 E1821.32096
G1 X103.294 Y99.571 E1822.41980
G1 X102.724 Y100.243 E1823.51863
G1 X102.153 Y100.914 E1824.61746
G1 X101.520 Y101.527 E1825.71629
G1 X100.887 Y102.139 E1826.81512
G1 X100.254 Y102.752 E1827.91395
G1 X99.564 Y103.299 E1829.01278
G1 X98.874 Y103.847 E1830.11161
G1 X98.183 Y104.395 E1831.21044
G1 X97.443 Y104.872 E1832.30927
G1 X96.702 Y105.349 E1833.40810
G1 X95.962 Y105.826 E1834.50693
G1 X95.178 Y106.229 E1835.60576
G1 X94.394 Y106.631 E1836.70459
G1 X93.611 Y107.034 E1837.80342
G1 X92.791 Y107.357 E1838.90225
G1 X91.972 Y107.681 E1840.00108
G1 X91.152 Y108.004 E1841.09991
G1 X90.305 Y108.246 E1842.19874
G1 X89.458 Y108.488 E1843.29757
G1 X88.611 Y108.730 E1844.39640
G1 X87.744 Y108.887 E1845.49523
G1 X86.877 Y109.045 E1846.59406
G1 X86.010 Y109.202 E1847.69289
G1 X85.132 Y109.274 E1848.79172
G1 X84.254 Y109.346 E1849.89056
G1 X83.376 Y109.418 E1850.98939
G1 X82.495 Y109.403 E1852.08822
G1 X81.614 Y109.389 E1853.18705
G1 X80.734 Y109.374 E1854.28588
G1 X79.858 Y109.273 E1855.38471
G1 X78.983 Y109.172 E1856.48353
G1 X78.108 Y109.072 E1857.58236
G1 X77.247 Y108.885 E1858.68119
G1 X76.386 Y108.699 E1859.78002
G1 X75.525 Y108.513 E1860.87885
G1 X74.686 Y108.244 E1861.97768
G1 X73.847 Y107.974 E1863.07651
G1 X73.009 Y107.704 E1864.17534
G1 X72.200 Y107.354 E1865.27417
G1 X71.392 Y107.003 E1866.37301
G1 X70.584 Y106.653 E1867.47184
G1 X69.814 Y106.224 E1868.57067
G1 X69.044 Y105.796 E1869.66950
G1 X68.274 Y105.368 E1870.76833
G1 X67.549 Y104.867 E1871.86716
G1 X66.825 Y104.365 E1872.96599
G1 X66.101 Y103.864 E1874.06482
G1 X65.429 Y103.294 E1875.16365
G1 X64.757 Y102.724 E1876.26248
G1 X64.086 Y102.153 E1877.36131
G1 X63.473 Y101.520 E1878.46014
G1 X62.861 Y100.887 E1879.55897
G1 X62.248 Y100.254 E1880.65780
G1 X61.701 Y99.564 E1881.75663
G1 X61.153 Y98.874 E1882.85546
G1 X60.605 Y98.183 E1883.95429
G1 X60.128 Y97.443 E1885.05312
G1 X59.651 Y96.702 E1886.15195
G1 X59.174 Y95.962 E1887.25078
G1 X58.771 Y95.178 E1888.34961
G1 X58.369 Y94.394 E1889.44844
G1 X57.966 Y93.611 E1890.54727
G1 X57.643 Y92.791 E1891.64610
G1 X57.319 Y91.972 E1892.74493
G1 X56.996 Y91.152 E1893.84376
G1 X56.754 Y90.305 E1894.94259
G1 X56.512 Y89.458 E1896.04142
G1 X56.270 Y88.611 E1897.14025
G1 X56.113 Y87.744 E1898.23908
G1 X55.955 Y86.877 E1899.33791
G1 X55.798 Y86.010 E1900.43674
G1 X55.726 Y85.132 E1901.53557
G1 X55.654 Y84.254 E1902.63441
G1 X55.582 Y83.376 E1903.73324
G1 X55.597 Y82.495 E1904.83207
G1 X55.611 Y81.614 E1905.93090
G1 X55.626 Y80.734 E1907.02973
G1 X55.727 Y79.858 E1908.12856
G1 X55.828 Y78.983 E1909.22738
G1 X55.928 Y78.108 E1910.32621
G1 X56.115 Y77.247 E1911.42504
G1 X56.301 Y76.386 E1912.52387
G1 X56.487 Y75.525 E1913.62270
G1 X56.756 Y74.686 E1914.72153
G1 X57.026 Y73.847 E1915.82036
G1 X57.296 Y73.009 E1916.91919
G1 X57.646 Y72.200 E1918.01803
G1 X57.997 Y71.392 E1919.11686
G1 X58.347 Y70.584 E1920.21569
G1 X58.776 Y69.814 E1921.31452
G1 X59.204 Y69.044 E1922.41335
G1 X59.632 Y68.274 E1923.51218
G1 X60.133 Y67.549 E1924.61101
G1 X60.635 Y66.825 E1925.70984
G1 X61.136 Y66.101 E1926.80867
G1 X61.706 Y65.429 E1927.90750
G1 X62.276 Y64.757 E1929.00633
G1 X62.847 Y64.086 E1930.10516
G1 X63.480 Y63.473 E1931.20399
G1 X64.113 Y62.861 E1932.30282
G1 X64.746 Y62.248 E1933.40165
G1 X65.436 Y61.701 E1934.50048
G1 X66.126 Y61.153 E1935.59931
G1 X66.817 Y60.605 E1936.69814
G1 X67.557 Y60.128 E1937.79697
G1 X68.298 Y59.651 E1938.89580
G1 X69.038 Y59.174 E1939.99463
G1 X69.822 Y58.771 E1941.09346
G1 X70.606 Y58.369 E1942.19230
G1 X71.389 Y57.966 E1943.29113
G1 X72.209 Y57.643 E1944.38995
G1 X73.028 Y57.319 E1945.48878
G1 X73.848 Y56.996 E1946.58761
G1 X74.695 Y56.754 E1947.68644
G1 X75.542 Y56.512 E1948.78527
G1 X76.389 Y56.270 E1949.88410
G1 X77.256 Y56.113 E1950.98293
G1 X78.123 Y55.955 E1952.08176
G1 X78.990 Y55.798 E1953.18059
G1 X79.868 Y55.726 E1954.27942
G1 X80.746 Y55.654 E1955.37826
G1 X81.624 Y55.582 E1956.47709
G1 X82.505 Y55.597 E1957.57592
G1 X83.386 Y55.611 E1958.67475
G1 X84.266 Y55.626 E1959.77358
G1 X85.142 Y55.727 E1960.87241
G1 X86.017 Y55.828 E1961.97123
G1 X86.892 Y55.928 E1963.07006
G1 X87.753 Y56.115 E1964.16889
G1 X88.614 Y56.301 E1965.26772
G1 X89.475 Y56.487 E1966.36655
G1 X90.314 Y56.756 E1967.46538
G1 X91.153 Y57.026 E1968.56421
G1 X91.991 Y57.296 E1969.66305
G1 X92.800 Y57.646 E1970.76188
G1 X93.608 Y57.997 E1971.86071
G1 X94.416 Y58.347 E1972.95954
G1 X95.186 Y58.776 E1974.05837
G1 X95.956 Y59.204 E1975.15720
G1 X96.726 Y59.632 E1976.25603
G1 X97.451 Y60.133 E1977.35486
G1 X98.175 Y60.635 E1978.45369
G1 X98.899 Y61.136 E1979.55252
G1 X99.571 Y61.706 E1980.65135
G1 X100.243 Y62.276 E1981.75018
G1 X100.914 Y62.847 E1982.84902
G1 X101.527 Y63.480 E1983.94784
G1 X102.139 Y64.113 E1985.04667
G1 X102.752 Y64.746 E1986.14550
G1 X103.299 Y65.436 E1987.24433
G1 X103.847 Y66.126 E1988.34316
G1 X104.395 Y66.817 E1989.44199
G1 X104.872 Y67.557 E1990.54082
G1 X105.349 Y68.298 E1991.63965
G1 X105.826 Y69.038 E1992.73848
G1 X106.229 Y69.822 E1993.83732
G1 X106.631 Y70.606 E1994.93615
G1 X107.034 Y71.389 E1996.03498
G1 X107.357 Y72.209 E1997.13380
G1 X107.681 Y73.028 E1998.23263
G1 X108.004 Y73.848 E1999.33146
G1 X108.246 Y74.695 E2000.43029
G1 X108.488 Y75.542 E2001.52912
G1 X108.730 Y76.389 E2002.62795
G1 X108.887 Y77.257 E2003.72752
G1 X109.044 Y78.124 E2004.82709
G1 X109.202 Y78.991 E2005.92666
G1 X109.359 Y79.859 E2007.02623
G1 F1500 E2006.92623
G0 F1500 X106.373 Y80.156 Z3.000
G1 F1500 E2007.02623
G1 X106.412 Y80.933 E2007.99727
G1 X106.450 Y81.711 E2008.96831
G1 X106.431 Y82.496 E2009.94836
G1 X106.412 Y83.282 E2010.92841
G1 X106.392 Y84.067 E2011.90846
G1 X106.301 Y84.846 E2012.88614
G1 X106.210 Y85.624 E2013.86382
G1 X106.119 Y86.403 E2014.84150
G1 X105.953 Y87.169 E2015.81846
G1 X105.787 Y87.934 E2016.79542
G1 X105.621 Y88.700 E2017.77238
G1 X105.381 Y89.445 E2018.74912
G1 X105.142 Y90.191 E2019.72586
G1 X104.902 Y90.936 E2020.70260
G1 X104.590 Y91.654 E2021.67928
G1 X104.279 Y92.373 E2022.65596
G1 X103.967 Y93.091 E2023.63264
G1 X103.587 Y93.776 E2024.60930
G1 X103.206 Y94.460 E2025.58596
G1 X102.826 Y95.144 E2026.56262
G1 X102.380 Y95.788 E2027.53928
G1 X101.934 Y96.432 E2028.51594
G1 X101.488 Y97.076 E2029.49259
G1 X100.982 Y97.673 E2030.46925
G1 X100.475 Y98.270 E2031.44591
G1 X99.968 Y98.867 E2032.42256
G1 X99.405 Y99.411 E2033.39922
G1 X98.843 Y99.956 E2034.37587
G1 X98.280 Y100.500 E2035.35252
G1 X97.666 Y100.987 E2036.32918
G1 X97.053 Y101.474 E2037.30583
G1 X96.440 Y101.960 E2038.28248
G1 X95.781 Y102.384 E2039.25914
G1 X95.123 Y102.809 E2040.23580
G1 X94.465 Y103.233 E2041.21245
G1 X93.768 Y103.590 E2042.18911
G1 X93.072 Y103.948 E2043.16576
G1 X92.375 Y104.306 E2044.14242
G1 X91.647 Y104.593 E2045.11907
G1 X90.919 Y104.881 E2046.09572
G1 X90.190 Y105.169 E2047.07238
G1 X89.437 Y105.384 E2048.04903
G1 X88.684 Y105.598 E2049.02569
G1 X87.931 Y105.813 E2050.00234
G1 X87.161 Y105.953 E2050.97900
G1 X86.391 Y106.093 E2051.95565
G1 X85.620 Y106.233 E2052.93230
G1 X84.840 Y106.297 E2053.90896
G1 X84.059 Y106.361 E2054.88562
G1 X83.279 Y106.425 E2055.86228
G1 X82.496 Y106.412 E2056.83893
G1 X81.713 Y106.399 E2057.81559
G1 X80.930 Y106.386 E2058.79224
G1 X80.152 Y106.296 E2059.76889
G1 X79.374 Y106.207 E2060.74554
G1 X78.596 Y106.117 E2061.72219
G1 X77.831 Y105.952 E2062.69885
G1 X77.066 Y105.786 E2063.67550
G1 X76.300 Y105.621 E2064.65216
G1 X75.555 Y105.381 E2065.62882
G1 X74.809 Y105.142 E2066.60547
G1 X74.064 Y104.902 E2067.58213
G1 X73.345 Y104.590 E2068.55878
G1 X72.627 Y104.279 E2069.53544
G1 X71.909 Y103.967 E2070.51210
G1 X71.224 Y103.587 E2071.48875
G1 X70.540 Y103.206 E2072.46540
G1 X69.856 Y102.826 E2073.44206
G1 X69.212 Y102.380 E2074.41871
G1 X68.568 Y101.934 E2075.39537
G1 X67.924 Y101.488 E2076.37202
G1 X67.327 Y100.982 E2077.34868
G1 X66.730 Y100.475 E2078.32533
G1 X66.133 Y99.968 E2079.30199
G1 X65.589 Y99.405 E2080.27864
G1 X65.044 Y98.843 E2081.25530
G1 X64.500 Y98.280 E2082.23195
G1 X64.013 Y97.666 E2083.20860
G1 X63.526 Y97.053 E2084.18526
G1 X63.040 Y96.440 E2085.16191
G1 X62.616 Y95.781 E2086.13857
G1 X62.191 Y95.123 E2087.11522
G1 X61.767 Y94.465 E2088.09188
G1 X61.410 Y93.768 E2089.06853
G1 X61.052 Y93.072 E2090.04519
G1 X60.694 Y92.375 E2091.02184
G1 X60.407 Y91.647 E2091.99850
G1 X60.119 Y90.919 E2092.97515
G1 X59.831 Y90.190 E2093.95180
G1 X59.616 Y89.437 E2094.92846
G1 X59.402 Y88.684 E2095.90511
G1 X59.187 Y87.931 E2096.88177
G1 X59.047 Y87.161 E2097.85842
G1 X58.907 Y86.391 E2098.83508
G1 X58.767 Y85.620 E2099.81173
G1 X58.703 Y84.840 E2100.78839
G1 X58.639 Y84.059 E2101.76505
G1 X58.575 Y83.279 E2102.74170
G1 X58.588 Y82.496 E2103.71836
G1 X58.601 Y81.713 E2104.69501
G1 X58.614 Y80.930 E2105.67167
G1 X58.704 Y80.152 E2106.64832
G1 X58.793 Y79.374 E2107.62497
G1 X58.883 Y78.596 E2108.60162
G1 X59.048 Y77.831 E2109.57827
G1 X59.214 Y77.066 E2110.55493
G1 X59.379 Y76.300 E2111.53159
G1 X59.619 Y75.555 E2112.50824
G1 X59.858 Y74.809 E2113.48490
G1 X60.098 Y74.064 E2114.46155
G1 X60.410 Y73.345 E2115.43821
G1 X60.721 Y72.627 E2116.41487
G1 X61.033 Y71.909 E2117.39152
G1 X61.413 Y71.224 E2118.36818
G1 X61.794 Y70.540 E2119.34483
G1 X62.174 Y69.856 E2120.32148
G1 X62.620 Y69.212 E2121.29814
G1 X63.066 Y68.568 E2122.27479
G1 X63.512 Y67.924 E2123.25145
G1 X64.018 Y67.327 E2124.22810
G1 X64.525 Y66.730 E2125.20476
G1 X65.032 Y66.133 E2126.18142
G1 X65.595 Y65.589 E2127.15807
G1 X66.157 Y65.044 E2128.13472
G1 X66.720 Y64.500 E2129.11138
G1 X67.334 Y64.013 E2130.08803
G1 X67.947 Y63.526 E2131.06468
G1 X68.560 Y63.040 E2132.04134
G1 X69.219 Y62.616 E2133.01799
G1 X69.877 Y62.191 E2133.99465
G1 X70.535 Y61.767 E2134.97131
G1 X71.232 Y61.410 E2135.94796
G1 X71.928 Y61.052 E2136.92462
G1 X72.625 Y60.694 E2137.90127
G1 X73.353 Y60.407 E2138.87792
G1 X74.081 Y60.119 E2139.85458
G1 X74.810 Y59.831 E2140.83123
G1 X75.563 Y59.616 E2141.80788
G1 X76.316 Y59.402 E2142.78454
G1 X77.069 Y59.187 E2143.76120
G1 X77.839 Y59.047 E2144.73785
G1 X78.609 Y58.907 E2145.71450
G1 X79.380 Y58.767 E2146.69116
G1 X80.160 Y58.703 E2147.66781
G1 X80.941 Y58.639 E2148.64447
G1 X81.721 Y58.575 E2149.62113
G1 X82.504 Y58.588 E2150.59778
G1 X83.287 Y58.601 E2151.57444
G1 X84.070 Y58.614 E2152.55110
G1 X84.848 Y58.704 E2153.52775
G1 X85.626 Y58.793 E2154.50439
G1 X86.404 Y58.883 E2155.48104
G1 X87.169 Y59.048 E2156.45770
G1 X87.934 Y59.214 E2157.43436
G1 X88.700 Y59.379 E2158.41101
G1 X89.445 Y59.619 E2159.38767
G1 X90.191 Y59.858 E2160.36432
G1 X90.936 Y60.098 E2161.34098
G1 X91.655 Y60.410 E2162.31764
G1 X92.373 Y60.721 E2163.29429
G1 X93.091 Y61.033 E2164.27095
G1 X93.776 Y61.413 E2165.24760
G1 X94.460 Y61.794 E2166.22425
G1 X95.144 Y62.174 E2167.20091
G1 X95.788 Y62.620 E2168.17756
G1 X96.432 Y63.066 E2169.15422
G1 X97.076 Y63.512 E2170.13087
G1 X97.673 Y64.018 E2171.10753
G1 X98.270 Y64.525 E2172.08419
G1 X98.867 Y65.032 E2173.06084
G1 X99.411 Y65.595 E2174.03749
G1 X99.956 Y66.157 E2175.01415
G1 X100.500 Y66.720 E2175.99080
G1 X100.987 Y67.334 E2176.96746
G1 X101.474 Y67.947 E2177.94411
G1 X101.960 Y68.560 E2178.92076
G1 X102.384 Y69.219 E2179.89742
G1 X102.809 Y69.877 E2180.87408
G1 X103.233 Y70.535 E2181.85073
G1 X103.590 Y71.232 E2182.82739
G1 X103.948 Y71.928 E2183.80404
G1 X104.306 Y72.625 E2184.78070
G1 X104.593 Y73.353 E2185.75735
G1 X104.881 Y74.081 E2186.73400
G1 X105.169 Y74.810 E2187.71065
G1 X105.384 Y75.563 E2188.68731
G1 X105.598 Y76.316 E2189.66397
G1 X105.813 Y77.069 E2190.64062
G1 X105.953 Y77.840 E2191.61890
G1 X106.093 Y78.612 E2192.59717
G1 X106.233 Y79.384 E2193.57545
G1 X106.373 Y80.156 E2194.55372
G1 F1500 E2194.45372
G0 F1500 X103.387 Y80.452 Z3.000
G1 F1500 E2194.55372
G1 X103.421 Y81.128 E2195.39751
G1 X103.455 Y81.804 E2196.24129
G1 X103.432 Y82.722 E2197.38698
G1 X103.409 Y83.640 E2198.53267
G1 X103.301 Y84.625 E2199.76888
G1 X103.193 Y85.611 E2201.00509
G1 X103.040 Y86.356 E2201.95445
G1 X102.888 Y87.102 E2202.90381
G1 X102.736 Y87.848 E2203.85316
G1 X102.454 Y88.743 E2205.02358
G1 X102.172 Y89.638 E2206.19400
G1 X101.784 Y90.557 E2207.43796
G1 X101.397 Y91.476 E2208.68191
G1 X101.035 Y92.147 E2209.63304
G1 X100.673 Y92.819 E2210.58418
G1 X100.312 Y93.490 E2211.53532
G1 X99.782 Y94.265 E2212.70627
G1 X99.253 Y95.040 E2213.87722
G1 X98.615 Y95.808 E2215.12133
G1 X97.977 Y96.575 E2216.36544
G1 X97.436 Y97.112 E2217.31661
G1 X96.895 Y97.650 E2218.26778
G1 X96.354 Y98.187 E2219.21895
G1 X95.623 Y98.775 E2220.38991
G1 X94.891 Y99.363 E2221.56087
G1 X94.058 Y99.912 E2222.80498
G1 X93.225 Y100.461 E2224.04909
G1 X92.552 Y100.819 E2225.00027
G1 X91.878 Y101.176 E2225.95144
G1 X91.204 Y101.533 E2226.90261
G1 X90.333 Y101.884 E2228.07357
G1 X89.462 Y102.234 E2229.24453
G1 X88.506 Y102.518 E2230.48864
G1 X87.549 Y102.801 E2231.73275
G1 X86.801 Y102.948 E2232.68392
G1 X86.053 Y103.094 E2233.63509
G1 X85.304 Y103.241 E2234.58626
G1 X84.369 Y103.323 E2235.75723
G1 X83.434 Y103.405 E2236.92819
G1 X82.436 Y103.399 E2238.17230
G1 X81.439 Y103.393 E2239.41641
G1 X80.680 Y103.316 E2240.36758
G1 X79.921 Y103.239 E2241.31874
G1 X79.163 Y103.162 E2242.26991
G1 X78.244 Y102.969 E2243.44088
G1 X77.325 Y102.776 E2244.61184
G1 X76.372 Y102.481 E2245.85595
G1 X75.420 Y102.185 E2247.10006
G1 X74.716 Y101.891 E2248.05123
G1 X74.012 Y101.597 E2249.00241
G1 X73.309 Y101.303 E2249.95358
G1 X72.485 Y100.852 E2251.12454
G1 X71.662 Y100.401 E2252.29550
G1 X70.836 Y99.842 E2253.53961
G1 X70.010 Y99.282 E2254.78372
G1 X69.422 Y98.797 E2255.73489
G1 X68.834 Y98.311 E2256.68606
G1 X68.246 Y97.825 E2257.63724
G1 X67.589 Y97.155 E2258.80820
G1 X66.932 Y96.484 E2259.97916
G1 X66.304 Y95.709 E2261.22326
G1 X65.676 Y94.934 E2262.46737
G1 X65.255 Y94.299 E2263.41855
G1 X64.833 Y93.663 E2264.36972
G1 X64.411 Y93.028 E2265.32089
G1 X63.977 Y92.195 E2266.49186
G1 X63.543 Y91.363 E2267.66282
G1 X63.167 Y90.439 E2268.90692
G1 X62.791 Y89.515 E2270.15103
G1 X62.572 Y88.785 E2271.10220
G1 X62.353 Y88.054 E2272.05338
G1 X62.134 Y87.324 E2273.00455
G1 X61.960 Y86.401 E2274.17551
G1 X61.787 Y85.478 E2275.34647
G1 X61.695 Y84.485 E2276.59058
G1 X61.604 Y83.492 E2277.83469
G1 X61.606 Y82.729 E2278.78587
G1 X61.608 Y81.967 E2279.73704
G1 X61.611 Y81.204 E2280.68822
G1 X61.712 Y80.271 E2281.85917
G1 X61.814 Y79.337 E2283.03012
G1 X62.015 Y78.360 E2284.27423
G1 X62.215 Y77.383 E2285.51834
G1 X62.439 Y76.654 E2286.46952
G1 X62.663 Y75.925 E2287.42069
G1 X62.887 Y75.196 E2288.37187
G1 X63.255 Y74.332 E2289.54283
G1 X63.623 Y73.469 E2290.71379
G1 X64.099 Y72.592 E2291.95790
G1 X64.574 Y71.715 E2293.20200
G1 X65.000 Y71.083 E2294.15318
G1 X65.426 Y70.450 E2295.10435
G1 X65.851 Y69.817 E2296.05552
G1 X66.454 Y69.097 E2297.22648
G1 X67.057 Y68.378 E2298.39745
G1 X67.767 Y67.677 E2299.64155
G1 X68.477 Y66.976 E2300.88566
G1 X69.068 Y66.494 E2301.83683
G1 X69.659 Y66.012 E2302.78800
G1 X70.250 Y65.530 E2303.73917
G1 X71.036 Y65.017 E2304.91014
G1 X71.822 Y64.503 E2306.08110
G1 X72.704 Y64.039 E2307.32521
G1 X73.587 Y63.574 E2308.56932
G1 X74.292 Y63.284 E2309.52049
G1 X74.998 Y62.995 E2310.47166
G1 X75.703 Y62.705 E2311.42283
G1 X76.605 Y62.442 E2312.59380
G1 X77.506 Y62.178 E2313.76476
G1 X78.485 Y61.990 E2315.00887
G1 X79.465 Y61.801 E2316.25297
G1 X80.224 Y61.729 E2317.20415
G1 X80.983 Y61.657 E2318.15532
G1 X81.742 Y61.584 E2319.10650
G1 X82.681 Y61.594 E2320.27746
G1 X83.620 Y61.604 E2321.44842
G1 X84.612 Y61.708 E2322.69252
G1 X85.604 Y61.812 E2323.93662
G1 X86.351 Y61.963 E2324.88780
G1 X87.099 Y62.114 E2325.83897
G1 X87.846 Y62.265 E2326.79015
G1 X88.742 Y62.547 E2327.96111
G1 X89.637 Y62.829 E2329.13207
G1 X90.557 Y63.216 E2330.37618
G1 X91.476 Y63.603 E2331.62029
G1 X92.147 Y63.965 E2332.57146
G1 X92.819 Y64.327 E2333.52263
G1 X93.490 Y64.688 E2334.47381
G1 X94.265 Y65.218 E2335.64477
G1 X95.040 Y65.747 E2336.81573
G1 X95.808 Y66.385 E2338.05984
G1 X96.575 Y67.023 E2339.30395
G1 X97.112 Y67.564 E2340.25512
G1 X97.650 Y68.105 E2341.20629
G1 X98.187 Y68.646 E2342.15746
G1 X98.775 Y69.377 E2343.32842
G1 X99.363 Y70.109 E2344.49938
G1 X99.912 Y70.942 E2345.74349
G1 X100.461 Y71.775 E2346.98760
G1 X100.819 Y72.448 E2347.93878
G1 X101.176 Y73.122 E2348.88995
G1 X101.533 Y73.796 E2349.84112
G1 X101.884 Y74.667 E2351.01208
G1 X102.234 Y75.538 E2352.18304
G1 X102.518 Y76.494 E2353.42715
G1 X102.801 Y77.451 E2354.67126
G1 X102.948 Y78.201 E2355.62493
G1 X103.094 Y78.951 E2356.57860
G1 X103.241 Y79.702 E2357.53227
G1 X103.387 Y80.452 E2358.48593
G1 F1500 E2358.38593
G0 F1500 X100.401 Y80.749 Z3.000
G1 F1500 E2358.48593
G1 X100.401 Y81.628 E2359.58201
G1 X100.401 Y82.507 E2360.67808
G1 X100.400 Y83.385 E2361.77415
G1 X100.263 Y84.253 E2362.86958
G1 X100.125 Y85.120 E2363.96500
G1 X99.987 Y85.988 E2365.06042
G1 X99.850 Y86.855 E2366.15585
G1 X99.552 Y87.680 E2367.24967
G1 X99.255 Y88.505 E2368.34349
G1 X98.957 Y89.330 E2369.43731
G1 X98.660 Y90.155 E2370.53113
G1 X98.209 Y90.906 E2371.62432
G1 X97.757 Y91.658 E2372.71750
G1 X97.306 Y92.409 E2373.81068
G1 X96.855 Y93.160 E2374.90387
G1 X96.266 Y93.809 E2375.99686
G1 X95.677 Y94.458 E2377.08986
G1 X95.088 Y95.107 E2378.18285
G1 X94.499 Y95.756 E2379.27585
G1 X93.795 Y96.278 E2380.36880
G1 X93.091 Y96.799 E2381.46175
G1 X92.386 Y97.321 E2382.55471
G1 X91.682 Y97.842 E2383.64766
G1 X90.890 Y98.216 E2384.74059
G1 X90.097 Y98.590 E2385.83353
G1 X89.305 Y98.965 E2386.92647
G1 X88.513 Y99.339 E2388.01940
G1 X87.662 Y99.551 E2389.11234
G1 X86.812 Y99.763 E2390.20527
G1 X85.962 Y99.976 E2391.29821
G1 X85.112 Y100.188 E2392.39114
G1 X84.237 Y100.231 E2393.48408
G1 X83.362 Y100.273 E2394.57702
G1 X82.486 Y100.315 E2395.66995
G1 X81.611 Y100.358 E2396.76289
G1 X80.744 Y100.229 E2397.85582
G1 X79.878 Y100.100 E2398.94876
G1 X79.011 Y99.970 E2400.04169
G1 X78.144 Y99.841 E2401.13463
G1 X77.319 Y99.546 E2402.22756
G1 X76.494 Y99.250 E2403.32050
G1 X75.670 Y98.954 E2404.41343
G1 X74.845 Y98.658 E2405.50637
G1 X74.093 Y98.207 E2406.59930
G1 X73.342 Y97.756 E2407.69223
G1 X72.591 Y97.305 E2408.78517
G1 X71.840 Y96.854 E2409.87810
G1 X71.191 Y96.265 E2410.97104
G1 X70.542 Y95.677 E2412.06397
G1 X69.893 Y95.088 E2413.15690
G1 X69.244 Y94.499 E2414.24984
G1 X68.722 Y93.795 E2415.34277
G1 X68.201 Y93.090 E2416.43571
G1 X67.679 Y92.386 E2417.52865
G1 X67.158 Y91.682 E2418.62158
G1 X66.784 Y90.890 E2419.71452
G1 X66.410 Y90.097 E2420.80745
G1 X66.035 Y89.305 E2421.90038
G1 X65.661 Y88.513 E2422.99332
G1 X65.449 Y87.662 E2424.08625
G1 X65.237 Y86.812 E2425.17919
G1 X65.024 Y85.962 E2426.27212
G1 X64.812 Y85.112 E2427.36505
G1 X64.769 Y84.237 E2428.45799
G1 X64.727 Y83.362 E2429.55093
G1 X64.685 Y82.486 E2430.64387
G1 X64.642 Y81.611 E2431.73680
G1 X64.771 Y80.744 E2432.82974
G1 X64.900 Y79.878 E2433.92267
G1 X65.030 Y79.011 E2435.01561
G1 X65.159 Y78.144 E2436.10854
G1 X65.454 Y77.319 E2437.20147
G1 X65.750 Y76.494 E2438.29441
G1 X66.046 Y75.670 E2439.38735
G1 X66.342 Y74.845 E2440.48028
G1 X66.793 Y74.093 E2441.57321
G1 X67.244 Y73.342 E2442.66615
G1 X67.695 Y72.591 E2443.75908
G1 X68.146 Y71.840 E2444.85202
G1 X68.735 Y71.191 E2445.94495
G1 X69.323 Y70.542 E2447.03788
G1 X69.912 Y69.893 E2448.13082
G1 X70.501 Y69.244 E2449.22375
G1 X71.205 Y68.722 E2450.31669
G1 X71.910 Y68.201 E2451.40963
G1 X72.614 Y67.679 E2452.50256
G1 X73.318 Y67.158 E2453.59550
G1 X74.110 Y66.784 E2454.68843
G1 X74.903 Y66.410 E2455.78137
G1 X75.695 Y66.035 E2456.87430
G1 X76.487 Y65.661 E2457.96723
G1 X77.338 Y65.449 E2459.06017
G1 X78.188 Y65.237 E2460.15310
G1 X79.038 Y65.024 E2461.24603
G1 X79.888 Y64.812 E2462.33897
G1 X80.763 Y64.769 E2463.43191
G1 X81.638 Y64.727 E2464.52484
G1 X82.514 Y64.685 E2465.61778
G1 X83.389 Y64.642 E2466.71072
G1 X84.256 Y64.771 E2467.80365
G1 X85.122 Y64.900 E2468.89659
G1 X85.989 Y65.030 E2469.98952
G1 X86.856 Y65.159 E2471.08245
G1 X87.681 Y65.454 E2472.17539
G1 X88.506 Y65.750 E2473.26832
G1 X89.330 Y66.046 E2474.36126
G1 X90.155 Y66.342 E2475.45419
G1 X90.907 Y66.793 E2476.54713
G1 X91.658 Y67.244 E2477.64006
G1 X92.409 Y67.695 E2478.73300
G1 X93.160 Y68.146 E2479.82593
G1 X93.809 Y68.735 E2480.91886
G1 X94.458 Y69.323 E2482.01180
G1 X95.107 Y69.912 E2483.10473
G1 X95.756 Y70.501 E2484.19766
G1 X96.278 Y71.205 E2485.29060
G1 X96.799 Y71.910 E2486.38354
G1 X97.321 Y72.614 E2487.47647
G1 X97.842 Y73.318 E2488.56941
G1 X98.216 Y74.110 E2489.66234
G1 X98.590 Y74.903 E2490.75528
G1 X98.965 Y75.695 E2491.84821
G1 X99.339 Y76.487 E2492.94114
G1 X99.551 Y77.340 E2494.03676
G1 X99.764 Y78.192 E2495.13237
G1 X99.976 Y79.044 E2496.22798
G1 X100.189 Y79.897 E2497.32360
G1 X100.401 Y80.749 E2498.41921
G1 F1500 E2498.31921
G0 F1500 X97.415 Y81.046 Z3.000
G1 F1500 E2498.41921
G1 X97.415 Y82.021 E2499.63491
G1 X97.414 Y82.995 E2500.85061
G1 X97.271 Y83.959 E2502.06620
G1 X97.127 Y84.923 E2503.28179
G1 X96.984 Y85.887 E2504.49738
G1 X96.667 Y86.807 E2505.71048
G1 X96.350 Y87.726 E2506.92359
G1 X96.033 Y88.646 E2508.13669
G1 X95.546 Y89.486 E2509.34850
G1 X95.058 Y90.327 E2510.56030
G1 X94.571 Y91.167 E2511.77210
G1 X93.930 Y91.897 E2512.98342
G1 X93.289 Y92.626 E2514.19473
G1 X92.648 Y93.356 E2515.40605
G1 X91.877 Y93.946 E2516.61721
G1 X91.106 Y94.536 E2517.82837
G1 X90.335 Y95.127 E2519.03953
G1 X89.463 Y95.555 E2520.25064
G1 X88.592 Y95.984 E2521.46175
G1 X87.721 Y96.413 E2522.67286
G1 X86.782 Y96.663 E2523.88396
G1 X85.844 Y96.913 E2525.09505
G1 X84.906 Y97.164 E2526.30615
G1 X83.937 Y97.226 E2527.51725
G1 X82.968 Y97.289 E2528.72835
G1 X81.999 Y97.351 E2529.93944
G1 X81.037 Y97.224 E2531.15054
G1 X80.074 Y97.096 E2532.36163
G1 X79.111 Y96.968 E2533.57272
G1 X78.192 Y96.655 E2534.78382
G1 X77.273 Y96.342 E2535.99491
G1 X76.354 Y96.029 E2537.20600
G1 X75.513 Y95.543 E2538.41709
G1 X74.673 Y95.056 E2539.62819
G1 X73.833 Y94.570 E2540.83928
G1 X73.103 Y93.929 E2542.05037
G1 X72.374 Y93.288 E2543.26146
G1 X71.644 Y92.647 E2544.47255
G1 X71.054 Y91.876 E2545.68365
G1 X70.464 Y91.105 E2546.89474
G1 X69.873 Y90.334 E2548.10584
G1 X69.445 Y89.463 E2549.31693
G1 X69.016 Y88.592 E2550.52802
G1 X68.587 Y87.721 E2551.73911
G1 X68.337 Y86.782 E2552.95021
G1 X68.087 Y85.844 E2554.16130
G1 X67.836 Y84.906 E2555.37239
G1 X67.774 Y83.937 E2556.58349
G1 X67.711 Y82.968 E2557.79459
G1 X67.649 Y81.999 E2559.00568
G1 X67.776 Y81.037 E2560.21677
G1 X67.904 Y80.074 E2561.42787
G1 X68.032 Y79.111 E2562.63896
G1 X68.345 Y78.192 E2563.85005
G1 X68.658 Y77.273 E2565.06115
G1 X68.971 Y76.354 E2566.27224
G1 X69.457 Y75.513 E2567.48333
G1 X69.944 Y74.673 E2568.69442
G1 X70.430 Y73.833 E2569.90552
G1 X71.071 Y73.103 E2571.11661
G1 X71.712 Y72.374 E2572.32770
G1 X72.353 Y71.644 E2573.53879
G1 X73.124 Y71.054 E2574.74989
G1 X73.895 Y70.464 E2575.96098
G1 X74.666 Y69.873 E2577.17208
G1 X75.537 Y69.445 E2578.38317
G1 X76.408 Y69.016 E2579.59426
G1 X77.279 Y68.587 E2580.80535
G1 X78.218 Y68.337 E2582.01645
G1 X79.156 Y68.087 E2583.22754
G1 X80.094 Y67.836 E2584.43863
G1 X81.063 Y67.774 E2585.64973
G1 X82.032 Y67.711 E2586.86082
G1 X83.001 Y67.649 E2588.07192
G1 X83.963 Y67.776 E2589.28301
G1 X84.926 Y67.904 E2590.49410
G1 X85.889 Y68.032 E2591.70520
G1 X86.808 Y68.345 E2592.91629
G1 X87.727 Y68.658 E2594.12738
G1 X88.646 Y68.971 E2595.33848
G1 X89.487 Y69.457 E2596.54957
G1 X90.327 Y69.944 E2597.76066
G1 X91.167 Y70.430 E2598.97175
G1 X91.897 Y71.071 E2600.18284
G1 X92.626 Y71.712 E2601.39393
G1 X93.356 Y72.353 E2602.60503
G1 X93.946 Y73.124 E2603.81612
G1 X94.536 Y73.895 E2605.02722
G1 X95.127 Y74.666 E2606.23831
G1 X95.555 Y75.537 E2607.44940
G1 X95.984 Y76.408 E2608.66050
G1 X96.413 Y77.279 E2609.87159
G1 X96.663 Y78.221 E2611.08690
G1 X96.914 Y79.163 E2612.30221
G1 X97.164 Y80.104 E2613.51751
G1 X97.415 Y81.046 E2614.73282
G1 F1500 E2614.63282
G0 F1500 X94.429 Y81.343 Z3.000
G1 F1500 E2614.73282
G1 X94.429 Y82.120 E2615.70279
G1 X94.428 Y82.898 E2616.67275
G1 X94.313 Y83.668 E2617.64437
G1 X94.198 Y84.439 E2618.61599
G1 X94.084 Y85.209 E2619.58761
G1 X93.830 Y85.945 E2620.55766
G1 X93.577 Y86.680 E2621.52772
G1 X93.323 Y87.415 E2622.49778
G1 X92.933 Y88.087 E2623.46690
G1 X92.544 Y88.760 E2624.43601
G1 X92.154 Y89.432 E2625.40513
G1 X91.641 Y90.015 E2626.37387
G1 X91.128 Y90.598 E2627.34262
G1 X90.616 Y91.182 E2628.31137
G1 X89.999 Y91.654 E2629.28000
G1 X89.382 Y92.126 E2630.24863
G1 X88.766 Y92.598 E2631.21727
G1 X88.069 Y92.941 E2632.18586
G1 X87.372 Y93.284 E2633.15445
G1 X86.675 Y93.627 E2634.12303
G1 X85.925 Y93.827 E2635.09161
G1 X85.175 Y94.027 E2636.06019
G1 X84.424 Y94.227 E2637.02877
G1 X83.649 Y94.277 E2637.99735
G1 X82.874 Y94.327 E2638.96593
G1 X82.099 Y94.377 E2639.93452
G1 X81.330 Y94.275 E2640.90309
G1 X80.560 Y94.173 E2641.87167
G1 X79.790 Y94.071 E2642.84025
G1 X79.055 Y93.821 E2643.80882
G1 X78.320 Y93.570 E2644.77740
G1 X77.585 Y93.320 E2645.74598
G1 X76.912 Y92.931 E2646.71455
G1 X76.240 Y92.542 E2647.68313
G1 X75.568 Y92.153 E2648.65170
G1 X74.985 Y91.641 E2649.62028
G1 X74.401 Y91.128 E2650.58885
G1 X73.818 Y90.615 E2651.55743
G1 X73.346 Y89.999 E2652.52601
G1 X72.874 Y89.382 E2653.49459
G1 X72.402 Y88.766 E2654.46317
G1 X72.059 Y88.069 E2655.43174
G1 X71.716 Y87.372 E2656.40032
G1 X71.373 Y86.675 E2657.36890
G1 X71.173 Y85.925 E2658.33747
G1 X70.973 Y85.175 E2659.30605
G1 X70.773 Y84.424 E2660.27462
G1 X70.723 Y83.649 E2661.24320
G1 X70.673 Y82.874 E2662.21178
G1 X70.623 Y82.099 E2663.18037
G1 X70.725 Y81.330 E2664.14894
G1 X70.827 Y80.560 E2665.11752
G1 X70.929 Y79.790 E2666.08609
G1 X71.179 Y79.055 E2667.05467
G1 X71.430 Y78.320 E2668.02325
G1 X71.680 Y77.585 E2668.99183
G1 X72.069 Y76.912 E2669.96040
G1 X72.458 Y76.240 E2670.92898
G1 X72.847 Y75.568 E2671.89755
G1 X73.359 Y74.985 E2672.86613
G1 X73.872 Y74.401 E2673.83470
G1 X74.385 Y73.818 E2674.80328
G1 X75.001 Y73.346 E2675.77186
G1 X75.618 Y72.874 E2676.74044
G1 X76.234 Y72.402 E2677.70902
G1 X76.931 Y72.059 E2678.67760
G1 X77.628 Y71.716 E2679.64617
G1 X78.325 Y71.373 E2680.61475
G1 X79.075 Y71.173 E2681.58332
G1 X79.825 Y70.973 E2682.55190
G1 X80.576 Y70.773 E2683.52047
G1 X81.351 Y70.723 E2684.48905
G1 X82.126 Y70.673 E2685.45763
G1 X82.901 Y70.623 E2686.42621
G1 X83.670 Y70.725 E2687.39479
G1 X84.440 Y70.827 E2688.36337
G1 X85.210 Y70.929 E2689.33194
G1 X85.945 Y71.179 E2690.30052
G1 X86.680 Y71.430 E2691.26910
G1 X87.415 Y71.680 E2692.23768
G1 X88.088 Y72.069 E2693.20625
G1 X88.760 Y72.458 E2694.17483
G1 X89.432 Y72.847 E2695.14340
G1 X90.015 Y73.359 E2696.11198
G1 X90.599 Y73.872 E2697.08055
G1 X91.182 Y74.385 E2698.04913
G1 X91.654 Y75.001 E2699.01770
G1 X92.126 Y75.618 E2699.98628
G1 X92.598 Y76.234 E2700.95486
G1 X92.941 Y76.931 E2701.92344
G1 X93.284 Y77.628 E2702.89202
G1 X93.627 Y78.325 E2703.86059
G1 X93.827 Y79.079 E2704.83426
G1 X94.028 Y79.834 E2705.80794
G1 X94.229 Y80.588 E2706.78161
G1 X94.429 Y81.343 E2707.75528
G1 F1500 E2707.65528
G0 F1500 X91.443 Y81.639 Z3.000
G1 F1500 E2707.75528
G1 X91.442 Y82.510 E2708.84163
G1 X91.327 Y83.376 E2709.93137
G1 X91.212 Y84.242 E2711.02111
G1 X90.949 Y85.074 E2712.10835
G1 X90.686 Y85.905 E2713.19559
G1 X90.272 Y86.670 E2714.28058
G1 X89.858 Y87.435 E2715.36557
G1 X89.305 Y88.105 E2716.44933
G1 X88.752 Y88.775 E2717.53310
G1 X88.080 Y89.325 E2718.61632
G1 X87.407 Y89.874 E2719.69954
G1 X86.641 Y90.282 E2720.78253
G1 X85.874 Y90.690 E2721.86552
G1 X85.043 Y90.940 E2722.94842
G1 X84.211 Y91.191 E2724.03133
G1 X83.347 Y91.274 E2725.11420
G1 X82.483 Y91.358 E2726.19708
G1 X81.619 Y91.271 E2727.27995
G1 X80.755 Y91.184 E2728.36281
G1 X79.925 Y90.930 E2729.44567
G1 X79.095 Y90.677 E2730.52853
G1 X78.330 Y90.266 E2731.61139
G1 X77.565 Y89.855 E2732.69424
G1 X76.895 Y89.303 E2733.77710
G1 X76.225 Y88.751 E2734.85995
G1 X75.675 Y88.079 E2735.94281
G1 X75.126 Y87.407 E2737.02568
G1 X74.718 Y86.640 E2738.10853
G1 X74.310 Y85.874 E2739.19139
G1 X74.060 Y85.043 E2740.27425
G1 X73.809 Y84.211 E2741.35711
G1 X73.726 Y83.347 E2742.43997
G1 X73.642 Y82.483 E2743.52283
G1 X73.729 Y81.619 E2744.60569
G1 X73.816 Y80.755 E2745.68855
G1 X74.070 Y79.925 E2746.77141
G1 X74.323 Y79.095 E2747.85427
G1 X74.734 Y78.330 E2748.93712
G1 X75.145 Y77.565 E2750.01998
G1 X75.697 Y76.895 E2751.10283
G1 X76.249 Y76.225 E2752.18569
G1 X76.921 Y75.675 E2753.26855
G1 X77.593 Y75.126 E2754.35142
G1 X78.360 Y74.718 E2755.43427
G1 X79.126 Y74.310 E2756.51713
G1 X79.957 Y74.060 E2757.59999
G1 X80.789 Y73.809 E2758.68284
G1 X81.653 Y73.726 E2759.76570
G1 X82.517 Y73.642 E2760.84857
G1 X83.381 Y73.729 E2761.93142
G1 X84.245 Y73.816 E2763.01428
G1 X85.075 Y74.070 E2764.09714
G1 X85.905 Y74.323 E2765.18000
G1 X86.670 Y74.734 E2766.26286
G1 X87.435 Y75.145 E2767.34571
G1 X88.105 Y75.697 E2768.42857
G1 X88.775 Y76.249 E2769.51142
G1 X89.325 Y76.921 E2770.59428
G1 X89.874 Y77.593 E2771.67714
G1 X90.282 Y78.360 E2772.76000
G1 X90.690 Y79.126 E2773.84286
G1 X90.941 Y79.964 E2774.93364
G1 X91.192 Y80.802 E2776.02442
G1 X91.443 Y81.639 E2777.11520
G1 F1500 E2777.01520
G0 F1500 X88.457 Y81.936 Z3.000
G1 F1500 E2777.11520
G1 X88.456 Y82.511 E2777.83295
G1 X88.341 Y83.374 E2778.91879
G1 X88.153 Y84.023 E2779.76137
G1 X87.965 Y84.672 E2780.60395
G1 X87.545 Y85.484 E2781.74415
G1 X87.128 Y86.031 E2782.60174
G1 X86.712 Y86.578 E2783.45934
G1 X86.016 Y87.178 E2784.60484
G1 X85.423 Y87.527 E2785.46350
G1 X84.830 Y87.876 E2786.32216
G1 X83.958 Y88.166 E2787.46774
G1 X83.276 Y88.262 E2788.32630
G1 X82.595 Y88.358 E2789.18487
G1 X81.679 Y88.292 E2790.33034
G1 X81.012 Y88.120 E2791.18884
G1 X80.346 Y87.948 E2792.04734
G1 X79.525 Y87.537 E2793.19276
G1 X78.975 Y87.123 E2794.05124
G1 X78.425 Y86.709 E2794.90972
G1 X77.824 Y86.015 E2796.05514
G1 X77.474 Y85.422 E2796.91363
G1 X77.124 Y84.829 E2797.77211
G1 X76.835 Y83.958 E2798.91753
G1 X76.738 Y83.276 E2799.77601
G1 X76.642 Y82.595 E2800.63450
G1 X76.708 Y81.679 E2801.77991
G1 X76.880 Y81.012 E2802.63840
G1 X77.052 Y80.346 E2803.49688
G1 X77.463 Y79.525 E2804.64229
G1 X77.877 Y78.975 E2805.50077
G1 X78.291 Y78.425 E2806.35925
G1 X78.985 Y77.824 E2807.50467
G1 X79.578 Y77.474 E2808.36316
G1 X80.171 Y77.124 E2809.22164
G1 X81.042 Y76.835 E2810.36705
G1 X81.724 Y76.738 E2811.22553
G1 X82.405 Y76.642 E2812.08402
G1 X83.321 Y76.708 E2813.22944
G1 X83.988 Y76.880 E2814.08792
G1 X84.654 Y77.052 E2814.94640
G1 X85.475 Y77.463 E2816.09181
G1 X86.025 Y77.877 E2816.95029
G1 X86.575 Y78.291 E2817.80877
G1 X87.176 Y78.985 E2818.95418
G1 X87.526 Y79.578 E2819.81267
G1 X87.876 Y80.171 E2820.67115
G1 X88.167 Y81.053 E2821.83013
G1 X88.457 Y81.936 E2822.98911
G1 F1500 E2822.88911
G0 F1500 X85.471 Y82.233 Z3.000
G1 F1500 E2822.98911
G1 X85.413 Y82.799 E2823.69965
G1 X85.109 Y83.596 E2824.76278
G1 X84.507 Y84.363 E2825.97894
G1 X83.936 Y84.731 E2826.82723
G1 X83.364 Y85.100 E2827.67553
G1 X82.499 Y85.227 E2828.76591
G1 X81.553 Y85.016 E2829.97424
G1 X80.992 Y84.646 E2830.81279
G1 X80.431 Y84.276 E2831.65134
G1 X79.981 Y83.534 E2832.73324
G1 X79.814 Y82.584 E2833.93644
G1 X79.941 Y81.925 E2834.77320
G1 X80.068 Y81.267 E2835.60995
G1 X80.581 Y80.568 E2836.69108
G1 X81.394 Y80.050 E2837.89398
G1 X82.052 Y79.915 E2838.73069
G1 X82.709 Y79.781 E2839.56740
G1 X83.551 Y79.988 E2840.64852
G1 X84.340 Y80.541 E2841.85145
G1 X84.717 Y81.105 E2842.69747
G1 X85.094 Y81.669 E2843.54348
G1 X85.471 Y82.233 E2844.38950
;LAYER:3
;TYPE:WALL-OUTER
G1 F1500 E2844.28950
G0 F1500 X105.661 Y67.038 Z4.000
G1 F1500 E2844.38950
G1 X106.029 Y67.653 Z4.004 E2845.28356
G1 X106.398 Y68.268 Z4.008 E2846.17762
G1 X106.766 Y68.883 Z4.012 E2847.07167
G1 X107.122 Y69.504 Z4.016 E2847.96508
G1 X107.429 Y70.152 Z4.020 E2848.85914
G1 X107.735 Y70.800 Z4.025 E2849.75319
G1 X108.041 Y71.448 Z4.029 E2850.64725
G1 X108.323 Y72.106 Z4.033 E2851.54030
G1 X108.564 Y72.781 Z4.037 E2852.43436
G1 X108.805 Y73.456 Z4.041 E2853.32842
G1 X109.047 Y74.131 Z4.045 E2854.22248
G1 X109.250 Y74.818 Z4.049 E2855.11548
G1 X109.424 Y75.513 Z4.053 E2856.00953
G1 X109.598 Y76.209 Z4.057 E2856.90359
G1 X109.772 Y76.904 Z4.061 E2857.79765
G1 X109.893 Y77.610 Z4.066 E2858.69089
G1 X109.998 Y78.319 Z4.070 E2859.58495
G1 X110.102 Y79.028 Z4.074 E2860.47901
G1 X110.207 Y79.737 Z4.078 E2861.37306
G1 X110.247 Y80.453 Z4.082 E2862.26688
G1 X110.282 Y81.169 Z4.086 E2863.16094
G1 X110.318 Y81.885 Z4.090 E2864.05499
G1 X110.343 Y82.601 Z4.094 E2864.94848
G1 X110.308 Y83.317 Z4.098 E2865.84254
G1 X110.272 Y84.033 Z4.102 E2866.73660
G1 X110.237 Y84.749 Z4.107 E2867.63065
G1 X110.180 Y85.462 Z4.111 E2868.52378
G1 X110.074 Y86.171 Z4.115 E2869.41784
G1 X109.969 Y86.880 Z4.119 E2870.31190
G1 X109.864 Y87.589 Z4.123 E2871.20596
G1 X109.724 Y88.292 Z4.127 E2872.09894
G1 X109.549 Y88.987 Z4.131 E2872.99300
G1 X109.375 Y89.682 Z4.135 E2873.88705
G1 X109.200 Y90.377 Z4.139 E2874.78111
G1 X108.979 Y91.059 Z4.143 E2875.67425
G1 X108.738 Y91.733 Z4.148 E2876.56830
G1 X108.496 Y92.408 Z4.152 E2877.46236
G1 X108.254 Y93.083 Z4.156 E2878.35642
G1 X107.956 Y93.734 Z4.160 E2879.25001
G1 X107.649 Y94.382 Z4.164 E2880.14407
G1 X107.342 Y95.030 Z4.168 E2881.03813
G1 X107.031 Y95.676 Z4.172 E2881.93193
G1 X106.663 Y96.291 Z4.176 E2882.82599
G1 X106.294 Y96.905 Z4.180 E2883.72005
G1 X105.925 Y97.520 Z4.184 E2884.61411
G1 X105.542 Y98.125 Z4.189 E2885.50736
G1 X105.115 Y98.700 Z4.193 E2886.40142
G1 X104.687 Y99.276 Z4.197 E2887.29548
G1 X104.260 Y99.852 Z4.201 E2888.18953
G1 X103.809 Y100.408 Z4.205 E2889.08253
G1 X103.327 Y100.939 Z4.209 E2889.97659
G1 X102.846 Y101.470 Z4.213 E2890.87065
G1 X102.364 Y102.000 Z4.217 E2891.76471
G1 X101.852 Y102.500 Z4.221 E2892.65776
G1 X101.320 Y102.981 Z4.225 E2893.55182
G1 X100.789 Y103.463 Z4.230 E2894.44587
G1 X100.258 Y103.944 Z4.234 E2895.33993
G1 X99.690 Y104.381 Z4.238 E2896.23334
G1 X99.114 Y104.808 Z4.242 E2897.12739
G1 X98.538 Y105.234 Z4.246 E2898.02145
G1 X97.962 Y105.661 Z4.250 E2898.91551
G1 X97.347 Y106.029 Z4.254 E2899.80957
G1 X96.732 Y106.398 Z4.258 E2900.70363
G1 X96.117 Y106.766 Z4.262 E2901.59769
G1 X95.496 Y107.123 Z4.266 E2902.49109
G1 X94.848 Y107.429 Z4.270 E2903.38515
G1 X94.200 Y107.735 Z4.275 E2904.27920
G1 X93.552 Y108.041 Z4.279 E2905.17326
G1 X92.893 Y108.323 Z4.283 E2906.06631
G1 X92.218 Y108.564 Z4.287 E2906.96037
G1 X91.543 Y108.805 Z4.291 E2907.85443
G1 X90.868 Y109.047 Z4.295 E2908.74849
G1 X90.182 Y109.250 Z4.299 E2909.64149
G1 X89.487 Y109.424 Z4.303 E2910.53554
G1 X88.791 Y109.598 Z4.307 E2911.42960
G1 X88.096 Y109.772 Z4.311 E2912.32366
G1 X87.390 Y109.894 Z4.316 E2913.21691
G1 X86.681 Y109.999 Z4.320 E2914.11097
G1 X85.972 Y110.104 Z4.324 E2915.00503
G1 X85.263 Y110.209 Z4.328 E2915.89909
G1 X84.547 Y110.248 Z4.332 E2916.79290
G1 X83.831 Y110.283 Z4.336 E2917.68695
G1 X83.115 Y110.318 Z4.340 E2918.58101
G1 X82.399 Y110.344 Z4.344 E2919.47460
G1 X81.683 Y110.308 Z4.348 E2920.36866
G1 X80.967 Y110.273 Z4.352 E2921.26272
G1 X80.251 Y110.237 Z4.357 E2922.15677
G1 X79.538 Y110.180 Z4.361 E2923.04991
G1 X78.829 Y110.074 Z4.365 E2923.94397
G1 X78.120 Y109.969 Z4.369 E2924.83802
G1 X77.411 Y109.864 Z4.373 E2925.73208
G1 X76.708 Y109.724 Z4.377 E2926.62506
G1 X76.013 Y109.549 Z4.381 E2927.51912
G1 X75.318 Y109.375 Z4.385 E2928.41318
G1 X74.623 Y109.200 Z4.389 E2929.30724
G1 X73.941 Y108.979 Z4.393 E2930.20037
G1 X73.267 Y108.738 Z4.398 E2931.09443
G1 X72.592 Y108.496 Z4.402 E2931.98849
G1 X71.917 Y108.254 Z4.406 E2932.88255
G1 X71.266 Y107.956 Z4.410 E2933.77614
G1 X70.618 Y107.649 Z4.414 E2934.67020
G1 X69.970 Y107.342 Z4.418 E2935.56425
G1 X69.324 Y107.031 Z4.422 E2936.45806
G1 X68.709 Y106.663 Z4.426 E2937.35212
G1 X68.095 Y106.294 Z4.430 E2938.24618
G1 X67.480 Y105.925 Z4.434 E2939.14024
G1 X66.875 Y105.542 Z4.439 E2940.03349
G1 X66.300 Y105.115 Z4.443 E2940.92754
G1 X65.724 Y104.687 Z4.447 E2941.82160
G1 X65.148 Y104.260 Z4.451 E2942.71566
G1 X64.592 Y103.809 Z4.455 E2943.60866
G1 X64.061 Y103.327 Z4.459 E2944.50272
G1 X63.531 Y102.846 Z4.463 E2945.39678
G1 X63.000 Y102.364 Z4.467 E2946.29084
G1 X62.500 Y101.852 Z4.471 E2947.18388
G1 X62.019 Y101.320 Z4.475 E2948.07794
G1 X61.537 Y100.789 Z4.480 E2948.97200
G1 X61.056 Y100.258 Z4.484 E2949.86606
G1 X60.619 Y99.690 Z4.488 E2950.75946
G1 X60.192 Y99.114 Z4.492 E2951.65352
G1 X59.766 Y98.538 Z4.496 E2952.54758
G1 X59.339 Y97.962 Z4.500 E2953.44164
G1 X58.971 Y97.347 Z4.504 E2954.33570
G1 X58.602 Y96.732 Z4.508 E2955.22975
G1 X58.234 Y96.117 Z4.512 E2956.12381
G1 X57.877 Y95.496 Z4.516 E2957.01722
G1 X57.571 Y94.848 Z4.520 E2957.91127
G1 X57.265 Y94.200 Z4.525 E2958.80533
G1 X56.959 Y93.552 Z4.529 E2959.69939
G1 X56.677 Y92.894 Z4.533 E2960.59244
G1 X56.436 Y92.218 Z4.537 E2961.48650
G1 X56.195 Y91.543 Z4.541 E2962.38056
G1 X55.953 Y90.868 Z4.545 E2963.27462
G1 X55.750 Y90.182 Z4.549 E2964.16761
G1 X55.576 Y89.487 Z4.553 E2965.06167
G1 X55.402 Y88.791 Z4.557 E2965.95573
G1 X55.228 Y88.096 Z4.561 E2966.84979
G1 X55.106 Y87.390 Z4.566 E2967.74304
G1 X55.001 Y86.681 Z4.570 E2968.63710
G1 X54.896 Y85.972 Z4.574 E2969.53116
G1 X54.791 Y85.263 Z4.578 E2970.42522
G1 X54.752 Y84.547 Z4.582 E2971.31902
G1 X54.717 Y83.831 Z4.586 E2972.21308
G1 X54.682 Y83.115 Z4.590 E2973.10714
G1 X54.656 Y82.399 Z4.594 E2974.00073
G1 X54.692 Y81.683 Z4.598 E2974.89479
G1 X54.727 Y80.967 Z4.602 E2975.78884
G1 X54.763 Y80.251 Z4.607 E2976.68290
G1 X54.820 Y79.538 Z4.611 E2977.57604
G1 X54.926 Y78.829 Z4.615 E2978.47009
G1 X55.031 Y78.120 Z4.619 E2979.36415
G1 X55.136 Y77.411 Z4.623 E2980.25821
G1 X55.276 Y76.708 Z4.627 E2981.15119
G1 X55.451 Y76.013 Z4.631 E2982.04525
G1 X55.625 Y75.318 Z4.635 E2982.93931
G1 X55.800 Y74.623 Z4.639 E2983.83337
G1 X56.021 Y73.941 Z4.643 E2984.72650
G1 X56.262 Y73.267 Z4.648 E2985.62056
G1 X56.504 Y72.592 Z4.652 E2986.51462
G1 X56.746 Y71.917 Z4.656 E2987.40868
G1 X57.044 Y71.266 Z4.660 E2988.30226
G1 X57.351 Y70.618 Z4.664 E2989.19632
G1 X57.658 Y69.970 Z4.668 E2990.09038
G1 X57.969 Y69.324 Z4.672 E2990.98419
G1 X58.337 Y68.710 Z4.676 E2991.87825
G1 X58.706 Y68.095 Z4.680 E2992.77230
G1 X59.075 Y67.480 Z4.684 E2993.66636
G1 X59.458 Y66.875 Z4.689 E2994.55961
G1 X59.885 Y66.300 Z4.693 E2995.45367
G1 X60.313 Y65.724 Z4.697 E2996.34773
G1 X60.740 Y65.148 Z4.701 E2997.24179
G1 X61.191 Y64.592 Z4.705 E2998.13479
G1 X61.673 Y64.061 Z4.709 E2999.02885
G1 X62.154 Y63.531 Z4.713 E2999.92290
G1 X62.636 Y63.000 Z4.717 E3000.81696
G1 X63.148 Y62.500 Z4.721 E3001.71001
G1 X63.680 Y62.019 Z4.725 E3002.60407
G1 X64.211 Y61.537 Z4.730 E3003.49813
G1 X64.742 Y61.056 Z4.734 E3004.39219
G1 X65.310 Y60.619 Z4.738 E3005.28559
G1 X65.886 Y60.193 Z4.742 E3006.17965
G1 X66.462 Y59.766 Z4.746 E3007.07371
G1 X67.038 Y59.339 Z4.750 E3007.96777
G1 X67.653 Y58.971 Z4.754 E3008.86182
G1 X68.268 Y58.602 Z4.758 E3009.75588
G1 X68.883 Y58.234 Z4.762 E3010.64994
G1 X69.504 Y57.877 Z4.766 E3011.54334
G1 X70.152 Y57.571 Z4.770 E3012.43740
G1 X70.800 Y57.265 Z4.775 E3013.33146
G1 X71.448 Y56.959 Z4.779 E3014.22552
G1 X72.106 Y56.677 Z4.783 E3015.11857
G1 X72.781 Y56.436 Z4.787 E3016.01263
G1 X73.456 Y56.195 Z4.791 E3016.90668
G1 X74.131 Y55.953 Z4.795 E3017.80074
G1 X74.818 Y55.750 Z4.799 E3018.69374
G1 X75.513 Y55.576 Z4.803 E3019.58780
G1 X76.209 Y55.402 Z4.807 E3020.48186
G1 X76.904 Y55.228 Z4.811 E3021.37592
G1 X77.610 Y55.106 Z4.816 E3022.26917
G1 X78.319 Y55.001 Z4.820 E3023.16323
G1 X79.028 Y54.896 Z4.824 E3024.05729
G1 X79.737 Y54.791 Z4.828 E3024.95134
G1 X80.453 Y54.752 Z4.832 E3025.84515
G1 X81.169 Y54.717 Z4.836 E3026.73921
G1 X81.885 Y54.682 Z4.840 E3027.63327
G1 X82.601 Y54.656 Z4.844 E3028.52685
G1 X83.317 Y54.692 Z4.848 E3029.42091
G1 X84.033 Y54.727 Z4.852 E3030.31497
G1 X84.748 Y54.763 Z4.857 E3031.20903
G1 X85.462 Y54.820 Z4.861 E3032.10216
G1 X86.171 Y54.926 Z4.865 E3032.99622
G1 X86.880 Y55.031 Z4.869 E3033.89028
G1 X87.589 Y55.136 Z4.873 E3034.78434
G1 X88.291 Y55.276 Z4.877 E3035.67732
G1 X88.987 Y55.451 Z4.881 E3036.57138
G1 X89.682 Y55.625 Z4.885 E3037.46544
G1 X90.377 Y55.800 Z4.889 E3038.35950
G1 X91.058 Y56.020 Z4.893 E3039.25263
G1 X91.733 Y56.262 Z4.898 E3040.14669
G1 X92.408 Y56.504 Z4.902 E3041.04075
G1 X93.083 Y56.746 Z4.906 E3041.93480
G1 X93.734 Y57.044 Z4.910 E3042.82839
G1 X94.382 Y57.351 Z4.914 E3043.72245
G1 X95.030 Y57.658 Z4.918 E3044.61651
G1 X95.676 Y57.968 Z4.922 E3045.51032
G1 X96.290 Y58.337 Z4.926 E3046.40437
G1 X96.905 Y58.706 Z4.930 E3047.29843
G1 X97.520 Y59.075 Z4.934 E3048.19249
G1 X98.125 Y59.458 Z4.939 E3049.08574
G1 X98.700 Y59.885 Z4.943 E3049.97980
G1 X99.276 Y60.313 Z4.947 E3050.87386
G1 X99.851 Y60.740 Z4.951 E3051.76792
G1 X100.408 Y61.191 Z4.955 E3052.66092
G1 X100.938 Y61.673 Z4.959 E3053.55497
G1 X101.469 Y62.154 Z4.963 E3054.44903
G1 X102.000 Y62.636 Z4.967 E3055.34309
G1 X102.500 Y63.148 Z4.971 E3056.23614
G1 X102.981 Y63.680 Z4.975 E3057.13020
G1 X103.463 Y64.211 Z4.980 E3058.02426
G1 X103.944 Y64.742 Z4.984 E3058.91832
G1 X104.381 Y65.310 Z4.988 E3059.81172
G1 X104.807 Y65.886 Z4.992 E3060.70578
G1 X105.234 Y66.462 Z4.996 E3061.59984
G1 X105.661 Y67.038 Z5.000 E3062.49389
;LAYER:4
;TYPE:WALL-OUTER
G1 X106.367 Y66.554 Z5.000 E3063.56162
G1 X106.749 Y67.186 Z5.004 E3064.48317
G1 X107.131 Y67.819 Z5.008 E3065.40471
G1 X107.508 Y68.454 Z5.012 E3066.32626
G1 X107.875 Y69.095 Z5.016 E3067.24721
G1 X108.193 Y69.762 Z5.020 E3068.16875
G1 X108.510 Y70.429 Z5.025 E3069.09029
G1 X108.823 Y71.098 Z5.029 E3070.01184
G1 X109.114 Y71.777 Z5.033 E3070.93247
G1 X109.365 Y72.472 Z5.037 E3071.85402
G1 X109.614 Y73.167 Z5.041 E3072.77556
G1 X109.861 Y73.864 Z5.045 E3073.69710
G1 X110.071 Y74.571 Z5.049 E3074.61769
G1 X110.252 Y75.288 Z5.053 E3075.53923
G1 X110.431 Y76.004 Z5.057 E3076.46077
G1 X110.608 Y76.722 Z5.061 E3077.38232
G1 X110.735 Y77.449 Z5.066 E3078.30312
G1 X110.845 Y78.180 Z5.070 E3079.22466
G1 X110.951 Y78.911 Z5.074 E3080.14619
G1 X111.056 Y79.642 Z5.078 E3081.06773
G1 X111.100 Y80.379 Z5.082 E3081.98904
G1 X111.139 Y81.117 Z5.086 E3082.91059
G1 X111.174 Y81.855 Z5.090 E3083.83214
G1 X111.199 Y82.593 Z5.094 E3084.75320
G1 X111.165 Y83.331 Z5.098 E3085.67473
G1 X111.131 Y84.070 Z5.102 E3086.59627
G1 X111.092 Y84.807 Z5.107 E3087.51781
G1 X111.033 Y85.543 Z5.111 E3088.43852
G1 X110.926 Y86.274 Z5.115 E3089.36006
G1 X110.819 Y87.005 Z5.119 E3090.28160
G1 X110.708 Y87.736 Z5.123 E3091.20314
G1 X110.564 Y88.460 Z5.127 E3092.12372
G1 X110.386 Y89.177 Z5.131 E3093.04526
G1 X110.207 Y89.894 Z5.135 E3093.96680
G1 X110.025 Y90.610 Z5.139 E3094.88834
G1 X109.798 Y91.312 Z5.143 E3095.80906
G1 X109.551 Y92.009 Z5.148 E3096.73060
G1 X109.301 Y92.704 Z5.152 E3097.65214
G1 X109.050 Y93.399 Z5.156 E3098.57368
G1 X108.744 Y94.071 Z5.160 E3099.49480
G1 X108.430 Y94.740 Z5.164 E3100.41635
G1 X108.113 Y95.407 Z5.168 E3101.33789
G1 X107.791 Y96.072 Z5.172 E3102.25920
G1 X107.413 Y96.707 Z5.176 E3103.18075
G1 X107.035 Y97.341 Z5.180 E3104.10229
G1 X106.652 Y97.974 Z5.184 E3105.02383
G1 X106.256 Y98.597 Z5.189 E3105.94465
G1 X105.818 Y99.192 Z5.193 E3106.86620
G1 X105.379 Y99.786 Z5.197 E3107.78774
G1 X104.937 Y100.378 Z5.201 E3108.70928
G1 X104.472 Y100.951 Z5.205 E3109.62987
G1 X103.977 Y101.500 Z5.209 E3110.55141
G1 X103.481 Y102.047 Z5.213 E3111.47295
G1 X102.983 Y102.593 Z5.217 E3112.39450
G1 X102.455 Y103.109 Z5.221 E3113.31513
G1 X101.909 Y103.607 Z5.225 E3114.23668
G1 X101.361 Y104.102 Z5.230 E3115.15821
G1 X100.812 Y104.597 Z5.234 E3116.07976
G1 X100.228 Y105.048 Z5.238 E3117.00071
G1 X99.636 Y105.490 Z5.242 E3117.92226
G1 X99.041 Y105.929 Z5.246 E3118.84380
G1 X98.446 Y106.367 Z5.250 E3119.76534
G1 X97.814 Y106.749 Z5.254 E3120.68688
G1 X97.181 Y107.131 Z5.258 E3121.60843
G1 X96.546 Y107.508 Z5.262 E3122.52997
G1 X95.905 Y107.875 Z5.266 E3123.45092
G1 X95.238 Y108.193 Z5.270 E3124.37247
G1 X94.571 Y108.510 Z5.275 E3125.29401
G1 X93.902 Y108.824 Z5.279 E3126.21555
G1 X93.223 Y109.114 Z5.283 E3127.13619
G1 X92.528 Y109.365 Z5.287 E3128.05773
G1 X91.833 Y109.614 Z5.291 E3128.97927
G1 X91.136 Y109.861 Z5.295 E3129.90081
G1 X90.429 Y110.071 Z5.299 E3130.82140
G1 X89.712 Y110.252 Z5.303 E3131.74295
G1 X88.996 Y110.431 Z5.307 E3132.66449
G1 X88.278 Y110.608 Z5.311 E3133.58603
G1 X87.551 Y110.736 Z5.316 E3134.50685
G1 X86.820 Y110.846 Z5.320 E3135.42839
G1 X86.089 Y110.953 Z5.324 E3136.34993
G1 X85.358 Y111.059 Z5.328 E3137.27148
G1 X84.621 Y111.102 Z5.332 E3138.19279
G1 X83.883 Y111.141 Z5.336 E3139.11434
G1 X83.145 Y111.175 Z5.340 E3140.03588
G1 X82.407 Y111.200 Z5.344 E3140.95700
G1 X81.669 Y111.166 Z5.348 E3141.87854
G1 X80.931 Y111.131 Z5.352 E3142.80009
G1 X80.193 Y111.092 Z5.357 E3143.72163
G1 X79.457 Y111.033 Z5.361 E3144.64234
G1 X78.726 Y110.926 Z5.365 E3145.56388
G1 X77.995 Y110.819 Z5.369 E3146.48542
G1 X77.264 Y110.708 Z5.373 E3147.40697
G1 X76.540 Y110.564 Z5.377 E3148.32754
G1 X75.823 Y110.386 Z5.381 E3149.24909
G1 X75.107 Y110.207 Z5.385 E3150.17063
G1 X74.390 Y110.025 Z5.389 E3151.09217
G1 X73.688 Y109.799 Z5.393 E3152.01290
G1 X72.991 Y109.552 Z5.398 E3152.93444
G1 X72.296 Y109.303 Z5.402 E3153.85598
G1 X71.603 Y109.047 Z5.406 E3154.77724
G1 X70.931 Y108.740 Z5.410 E3155.69851
G1 X70.261 Y108.427 Z5.414 E3156.62005
G1 X69.594 Y108.111 Z5.418 E3157.54158
G1 X68.928 Y107.791 Z5.422 E3158.46288
G1 X68.293 Y107.413 Z5.426 E3159.38442
G1 X67.659 Y107.034 Z5.430 E3160.30596
G1 X67.026 Y106.652 Z5.434 E3161.22751
G1 X66.403 Y106.256 Z5.439 E3162.14832
G1 X65.808 Y105.818 Z5.443 E3163.06987
G1 X65.214 Y105.379 Z5.447 E3163.99141
G1 X64.622 Y104.937 Z5.451 E3164.91295
G1 X64.049 Y104.471 Z5.455 E3165.83354
G1 X63.500 Y103.977 Z5.459 E3166.75509
G1 X62.953 Y103.481 Z5.463 E3167.67662
G1 X62.407 Y102.983 Z5.467 E3168.59817
G1 X61.891 Y102.455 Z5.471 E3169.51880
G1 X61.393 Y101.909 Z5.475 E3170.44035
G1 X60.898 Y101.361 Z5.480 E3171.36189
G1 X60.403 Y100.812 Z5.484 E3172.28343
G1 X59.952 Y100.228 Z5.488 E3173.20438
G1 X59.510 Y99.636 Z5.492 E3174.12593
G1 X59.071 Y99.041 Z5.496 E3175.04747
G1 X58.633 Y98.446 Z5.500 E3175.96901
G1 X58.251 Y97.814 Z5.504 E3176.89056
G1 X57.869 Y97.181 Z5.508 E3177.81210
G1 X57.492 Y96.546 Z5.512 E3178.73364
G1 X57.125 Y95.905 Z5.516 E3179.65460
G1 X56.807 Y95.238 Z5.520 E3180.57614
G1 X56.490 Y94.571 Z5.525 E3181.49768
G1 X56.176 Y93.902 Z5.529 E3182.41922
G1 X55.886 Y93.223 Z5.533 E3183.33986
G1 X55.635 Y92.528 Z5.537 E3184.26140
G1 X55.386 Y91.833 Z5.541 E3185.18294
G1 X55.139 Y91.136 Z5.545 E3186.10449
G1 X54.929 Y90.428 Z5.549 E3187.02508
G1 X54.748 Y89.712 Z5.553 E3187.94662
G1 X54.569 Y88.995 Z5.557 E3188.86816
G1 X54.391 Y88.278 Z5.561 E3189.78970
G1 X54.264 Y87.551 Z5.566 E3190.71052
G1 X54.154 Y86.820 Z5.570 E3191.63206
G1 X54.047 Y86.089 Z5.574 E3192.55360
G1 X53.941 Y85.358 Z5.578 E3193.47515
G1 X53.898 Y84.621 Z5.582 E3194.39647
G1 X53.859 Y83.883 Z5.586 E3195.31801
G1 X53.825 Y83.145 Z5.590 E3196.23955
G1 X53.800 Y82.407 Z5.594 E3197.16067
G1 X53.834 Y81.669 Z5.598 E3198.08222
G1 X53.869 Y80.931 Z5.602 E3199.00376
G1 X53.908 Y80.193 Z5.607 E3199.92530
G1 X53.967 Y79.457 Z5.611 E3200.84601
G1 X54.074 Y78.726 Z5.615 E3201.76756
G1 X54.181 Y77.995 Z5.619 E3202.68910
G1 X54.292 Y77.264 Z5.623 E3203.61064
G1 X54.436 Y76.540 Z5.627 E3204.53121
G1 X54.614 Y75.823 Z5.631 E3205.45276
G1 X54.793 Y75.106 Z5.635 E3206.37430
G1 X54.975 Y74.390 Z5.639 E3207.29584
G1 X55.202 Y73.688 Z5.643 E3208.21655
G1 X55.449 Y72.991 Z5.648 E3209.13810
G1 X55.699 Y72.296 Z5.652 E3210.05964
G1 X55.950 Y71.601 Z5.656 E3210.98118
G1 X56.256 Y70.929 Z5.660 E3211.90230
G1 X56.570 Y70.260 Z5.664 E3212.82384
G1 X56.887 Y69.593 Z5.668 E3213.74538
G1 X57.209 Y68.928 Z5.672 E3214.66670
G1 X57.587 Y68.293 Z5.676 E3215.58824
G1 X57.965 Y67.659 Z5.680 E3216.50979
G1 X58.347 Y67.026 Z5.684 E3217.43133
G1 X58.744 Y66.403 Z5.689 E3218.35215
G1 X59.182 Y65.808 Z5.693 E3219.27369
G1 X59.621 Y65.214 Z5.697 E3220.19523
G1 X60.063 Y64.622 Z5.701 E3221.11677
G1 X60.528 Y64.049 Z5.705 E3222.03737
G1 X61.023 Y63.500 Z5.709 E3222.95891
G1 X61.519 Y62.953 Z5.713 E3223.88045
G1 X62.017 Y62.407 Z5.717 E3224.80199
G1 X62.545 Y61.891 Z5.721 E3225.72263
G1 X63.091 Y61.393 Z5.725 E3226.64417
G1 X63.639 Y60.898 Z5.730 E3227.56571
G1 X64.188 Y60.403 Z5.734 E3228.48725
G1 X64.772 Y59.952 Z5.738 E3229.40821
G1 X65.364 Y59.510 Z5.742 E3230.32975
G1 X65.959 Y59.071 Z5.746 E3231.25129
G1 X66.554 Y58.633 Z5.750 E3232.17284
G1 X67.186 Y58.251 Z5.754 E3233.09438
G1 X67.819 Y57.869 Z5.758 E3234.01592
G1 X68.454 Y57.492 Z5.762 E3234.93747
G1 X69.095 Y57.125 Z5.766 E3235.85842
G1 X69.762 Y56.807 Z5.770 E3236.77996
G1 X70.429 Y56.490 Z5.775 E3237.70151
G1 X71.098 Y56.176 Z5.779 E3238.62305
G1 X71.777 Y55.886 Z5.783 E3239.54368
G1 X72.472 Y55.635 Z5.787 E3240.46523
G1 X73.167 Y55.386 Z5.791 E3241.38677
G1 X73.864 Y55.139 Z5.795 E3242.30831
G1 X74.571 Y54.929 Z5.799 E3243.22890
G1 X75.288 Y54.748 Z5.803 E3244.15045
G1 X76.004 Y54.569 Z5.807 E3245.07198
G1 X76.722 Y54.392 Z5.811 E3245.99353
G1 X77.449 Y54.264 Z5.816 E3246.91435
G1 X78.180 Y54.154 Z5.820 E3247.83589
G1 X78.911 Y54.047 Z5.824 E3248.75743
G1 X79.642 Y53.941 Z5.828 E3249.67897
G1 X80.379 Y53.898 Z5.832 E3250.60029
G1 X81.117 Y53.859 Z5.836 E3251.52183
G1 X81.855 Y53.825 Z5.840 E3252.44338
G1 X82.593 Y53.800 Z5.844 E3253.36450
G1 X83.331 Y53.834 Z5.848 E3254.28604
G1 X84.069 Y53.869 Z5.852 E3255.20758
G1 X84.807 Y53.908 Z5.857 E3256.12912
G1 X85.543 Y53.967 Z5.861 E3257.04984
G1 X86.274 Y54.074 Z5.865 E3257.97138
G1 X87.005 Y54.181 Z5.869 E3258.89292
G1 X87.736 Y54.292 Z5.873 E3259.81446
G1 X88.459 Y54.436 Z5.877 E3260.73504
G1 X89.177 Y54.614 Z5.881 E3261.65658
G1 X89.893 Y54.793 Z5.885 E3262.57812
G1 X90.610 Y54.975 Z5.889 E3263.49966
G1 X91.312 Y55.202 Z5.893 E3264.42038
G1 X92.009 Y55.449 Z5.898 E3265.34192
G1 X92.704 Y55.699 Z5.902 E3266.26346
G1 X93.399 Y55.950 Z5.906 E3267.18500
G1 X94.071 Y56.256 Z5.910 E3268.10612
G1 X94.740 Y56.570 Z5.914 E3269.02767
G1 X95.407 Y56.887 Z5.918 E3269.94921
G1 X96.072 Y57.209 Z5.922 E3270.87053
G1 X96.706 Y57.587 Z5.926 E3271.79207
G1 X97.341 Y57.965 Z5.930 E3272.71361
G1 X97.974 Y58.347 Z5.934 E3273.63516
G1 X98.597 Y58.744 Z5.939 E3274.55597
G1 X99.191 Y59.182 Z5.943 E3275.47752
G1 X99.786 Y59.621 Z5.947 E3276.39906
G1 X100.377 Y60.063 Z5.951 E3277.32060
G1 X100.951 Y60.528 Z5.955 E3278.24119
G1 X101.500 Y61.023 Z5.959 E3279.16273
G1 X102.047 Y61.519 Z5.963 E3280.08427
G1 X102.593 Y62.017 Z5.967 E3281.00582
G1 X103.109 Y62.545 Z5.971 E3281.92645
G1 X103.607 Y63.091 Z5.975 E3282.84800
G1 X104.102 Y63.639 Z5.980 E3283.76954
G1 X104.596 Y64.188 Z5.984 E3284.69108
G1 X105.048 Y64.772 Z5.988 E3285.61203
G1 X105.490 Y65.364 Z5.992 E3286.53358
G1 X105.929 Y65.959 Z5.996 E3287.45512
G1 X106.367 Y66.554 Z6.000 E3288.37666
;LAYER:5
;TYPE:WALL-OUTER
G1 X107.062 Y66.069 Z6.000 E3289.43296
G1 X107.463 Y66.715 Z6.004 E3290.38181
G1 X107.864 Y67.362 Z6.008 E3291.33065
G1 X108.245 Y68.020 Z6.012 E3292.27949
G1 X108.617 Y68.683 Z6.016 E3293.22801
G1 X108.953 Y69.366 Z6.020 E3294.17686
G1 X109.285 Y70.050 Z6.025 E3295.12563
G1 X109.599 Y70.743 Z6.029 E3296.07447
G1 X109.895 Y71.443 Z6.033 E3297.02282
G1 X110.163 Y72.156 Z6.037 E3297.97166
G1 X110.422 Y72.871 Z6.041 E3298.92039
G1 X110.667 Y73.591 Z6.045 E3299.86923
G1 X110.884 Y74.320 Z6.049 E3300.81756
G1 X111.080 Y75.055 Z6.053 E3301.76640
G1 X111.264 Y75.793 Z6.057 E3302.71512
G1 X111.437 Y76.534 Z6.061 E3303.66396
G1 X111.572 Y77.282 Z6.066 E3304.61240
G1 X111.695 Y78.033 Z6.070 E3305.56123
G1 X111.799 Y78.786 Z6.074 E3306.50996
G1 X111.898 Y79.541 Z6.078 E3307.45879
G1 X111.950 Y80.299 Z6.082 E3308.40753
G1 X112.000 Y81.058 Z6.086 E3309.35641
G1 X112.027 Y81.819 Z6.090 E3310.30524
G1 X112.046 Y82.579 Z6.094 E3311.25382
G1 X112.021 Y83.339 Z6.098 E3312.20264
G1 X111.994 Y84.100 Z6.102 E3313.15141
G1 X111.944 Y84.859 Z6.107 E3314.10024
G1 X111.879 Y85.616 Z6.111 E3315.04863
G1 X111.779 Y86.370 Z6.115 E3315.99748
G1 X111.672 Y87.123 Z6.119 E3316.94622
G1 X111.548 Y87.874 Z6.123 E3317.89506
G1 X111.399 Y88.620 Z6.127 E3318.84337
G1 X111.226 Y89.360 Z6.131 E3319.79222
G1 X111.041 Y90.098 Z6.135 E3320.74094
G1 X110.844 Y90.833 Z6.139 E3321.68978
G1 X110.615 Y91.558 Z6.143 E3322.63817
G1 X110.369 Y92.278 Z6.148 E3323.58702
G1 X110.109 Y92.993 Z6.152 E3324.53575
G1 X109.841 Y93.705 Z6.156 E3325.48459
G1 X109.532 Y94.400 Z6.160 E3326.43321
G1 X109.218 Y95.093 Z6.164 E3327.38205
G1 X108.884 Y95.776 Z6.168 E3328.33084
G1 X108.545 Y96.457 Z6.172 E3329.27956
G1 X108.164 Y97.116 Z6.176 E3330.22840
G1 X107.782 Y97.773 Z6.180 E3331.17722
G1 X107.381 Y98.420 Z6.184 E3332.12605
G1 X106.969 Y99.059 Z6.189 E3333.07450
G1 X106.525 Y99.677 Z6.193 E3334.02335
G1 X106.077 Y100.291 Z6.197 E3334.97210
G1 X105.614 Y100.895 Z6.201 E3335.92094
G1 X105.134 Y101.485 Z6.205 E3336.86926
G1 X104.632 Y102.056 Z6.209 E3337.81811
G1 X104.122 Y102.621 Z6.213 E3338.76683
G1 X103.602 Y103.176 Z6.217 E3339.71567
G1 X103.060 Y103.709 Z6.221 E3340.66402
G1 X102.504 Y104.229 Z6.225 E3341.61287
G1 X101.938 Y104.737 Z6.230 E3342.56160
G1 X101.366 Y105.239 Z6.234 E3343.51044
G1 X100.769 Y105.709 Z6.238 E3344.45896
G1 X100.165 Y106.171 Z6.242 E3345.40780
G1 X99.549 Y106.618 Z6.246 E3346.35657
G1 X98.931 Y107.062 Z6.250 E3347.30541
G1 X98.285 Y107.463 Z6.254 E3348.25426
G1 X97.638 Y107.864 Z6.258 E3349.20310
G1 X96.980 Y108.245 Z6.262 E3350.15194
G1 X96.316 Y108.617 Z6.266 E3351.10046
G1 X95.634 Y108.953 Z6.270 E3352.04930
G1 X94.949 Y109.285 Z6.275 E3352.99807
G1 X94.256 Y109.599 Z6.279 E3353.94691
G1 X93.556 Y109.895 Z6.283 E3354.89526
G1 X92.844 Y110.163 Z6.287 E3355.84410
G1 X92.129 Y110.422 Z6.291 E3356.79284
G1 X91.409 Y110.667 Z6.295 E3357.74168
G1 X90.680 Y110.884 Z6.299 E3358.69000
G1 X89.945 Y111.081 Z6.303 E3359.63885
G1 X89.207 Y111.264 Z6.307 E3360.58757
G1 X88.466 Y111.437 Z6.311 E3361.53641
G1 X87.718 Y111.572 Z6.316 E3362.48486
G1 X86.967 Y111.696 Z6.320 E3363.43371
G1 X86.214 Y111.801 Z6.324 E3364.38246
G1 X85.460 Y111.901 Z6.328 E3365.33130
G1 X84.701 Y111.953 Z6.332 E3366.28002
G1 X83.942 Y112.002 Z6.336 E3367.22886
G1 X83.181 Y112.029 Z6.340 E3368.17768
G1 X82.421 Y112.048 Z6.344 E3369.12629
G1 X81.661 Y112.022 Z6.348 E3370.07513
G1 X80.901 Y111.994 Z6.352 E3371.02392
G1 X80.141 Y111.944 Z6.357 E3371.97276
G1 X79.384 Y111.879 Z6.361 E3372.92115
G1 X78.630 Y111.779 Z6.365 E3373.87000
G1 X77.877 Y111.672 Z6.369 E3374.81873
G1 X77.126 Y111.548 Z6.373 E3375.76757
G1 X76.380 Y111.400 Z6.377 E3376.71589
G1 X75.640 Y111.226 Z6.381 E3377.66474
G1 X74.902 Y111.041 Z6.385 E3378.61346
G1 X74.167 Y110.845 Z6.389 E3379.56230
G1 X73.442 Y110.615 Z6.393 E3380.51071
G1 X72.722 Y110.370 Z6.398 E3381.45956
G1 X72.007 Y110.110 Z6.402 E3382.40829
G1 X71.296 Y109.838 Z6.406 E3383.35697
G1 X70.602 Y109.529 Z6.410 E3384.30569
G1 X69.908 Y109.216 Z6.414 E3385.25455
G1 X69.224 Y108.883 Z6.418 E3386.20332
G1 X68.543 Y108.545 Z6.422 E3387.15200
G1 X67.884 Y108.164 Z6.426 E3388.10084
G1 X67.226 Y107.782 Z6.430 E3389.04966
G1 X66.580 Y107.381 Z6.434 E3389.99850
G1 X65.941 Y106.969 Z6.439 E3390.94695
G1 X65.323 Y106.525 Z6.443 E3391.89579
G1 X64.709 Y106.077 Z6.447 E3392.84454
G1 X64.105 Y105.614 Z6.451 E3393.79338
G1 X63.515 Y105.134 Z6.455 E3394.74171
G1 X62.944 Y104.632 Z6.459 E3395.69055
G1 X62.379 Y104.122 Z6.463 E3396.63928
G1 X61.824 Y103.602 Z6.467 E3397.58811
G1 X61.291 Y103.060 Z6.471 E3398.53647
G1 X60.771 Y102.504 Z6.475 E3399.48531
G1 X60.263 Y101.938 Z6.480 E3400.43404
G1 X59.761 Y101.366 Z6.484 E3401.38288
G1 X59.291 Y100.769 Z6.488 E3402.33140
G1 X58.828 Y100.165 Z6.492 E3403.28025
G1 X58.382 Y99.549 Z6.496 E3404.22902
G1 X57.938 Y98.931 Z6.500 E3405.17785
G1 X57.537 Y98.285 Z6.504 E3406.12670
G1 X57.136 Y97.638 Z6.508 E3407.07554
G1 X56.755 Y96.980 Z6.512 E3408.02438
G1 X56.383 Y96.316 Z6.516 E3408.97290
G1 X56.047 Y95.634 Z6.520 E3409.92175
G1 X55.715 Y94.949 Z6.525 E3410.87052
G1 X55.401 Y94.256 Z6.529 E3411.81935
G1 X55.104 Y93.556 Z6.533 E3412.76771
G1 X54.837 Y92.844 Z6.537 E3413.71655
G1 X54.578 Y92.129 Z6.541 E3414.66528
G1 X54.333 Y91.409 Z6.545 E3415.61412
G1 X54.116 Y90.680 Z6.549 E3416.56245
G1 X53.919 Y89.945 Z6.553 E3417.51129
G1 X53.736 Y89.207 Z6.557 E3418.46001
G1 X53.563 Y88.466 Z6.561 E3419.40885
G1 X53.428 Y87.718 Z6.566 E3420.35730
G1 X53.304 Y86.967 Z6.570 E3421.30615
G1 X53.199 Y86.214 Z6.574 E3422.25490
G1 X53.099 Y85.460 Z6.578 E3423.20374
G1 X53.047 Y84.701 Z6.582 E3424.15246
G1 X52.998 Y83.942 Z6.586 E3425.10130
G1 X52.971 Y83.181 Z6.590 E3426.05011
G1 X52.952 Y82.421 Z6.594 E3426.99873
G1 X52.978 Y81.661 Z6.598 E3427.94757
G1 X53.006 Y80.901 Z6.602 E3428.89636
G1 X53.056 Y80.141 Z6.607 E3429.84520
G1 X53.121 Y79.384 Z6.611 E3430.79359
G1 X53.221 Y78.630 Z6.615 E3431.74243
G1 X53.328 Y77.877 Z6.619 E3432.69117
G1 X53.452 Y77.126 Z6.623 E3433.64001
G1 X53.600 Y76.380 Z6.627 E3434.58833
G1 X53.774 Y75.640 Z6.631 E3435.53718
G1 X53.959 Y74.902 Z6.635 E3436.48590
G1 X54.155 Y74.167 Z6.639 E3437.43474
G1 X54.385 Y73.442 Z6.643 E3438.38313
G1 X54.630 Y72.722 Z6.648 E3439.33197
G1 X54.891 Y72.007 Z6.652 E3440.28071
G1 X55.159 Y71.295 Z6.656 E3441.22955
G1 X55.468 Y70.600 Z6.660 E3442.17817
G1 X55.782 Y69.907 Z6.664 E3443.12701
G1 X56.116 Y69.224 Z6.668 E3444.07580
G1 X56.455 Y68.543 Z6.672 E3445.02451
G1 X56.836 Y67.884 Z6.676 E3445.97336
G1 X57.218 Y67.227 Z6.680 E3446.92217
G1 X57.619 Y66.580 Z6.684 E3447.87101
G1 X58.031 Y65.941 Z6.689 E3448.81946
G1 X58.475 Y65.323 Z6.693 E3449.76830
G1 X58.923 Y64.709 Z6.697 E3450.71706
G1 X59.386 Y64.105 Z6.701 E3451.66590
G1 X59.866 Y63.516 Z6.705 E3452.61422
G1 X60.368 Y62.944 Z6.709 E3453.56307
G1 X60.878 Y62.379 Z6.713 E3454.51179
G1 X61.398 Y61.824 Z6.717 E3455.46063
G1 X61.940 Y61.291 Z6.721 E3456.40898
G1 X62.496 Y60.771 Z6.725 E3457.35783
G1 X63.062 Y60.263 Z6.730 E3458.30656
G1 X63.633 Y59.761 Z6.734 E3459.25539
G1 X64.231 Y59.291 Z6.738 E3460.20392
G1 X64.835 Y58.829 Z6.742 E3461.15276
G1 X65.451 Y58.382 Z6.746 E3462.10153
G1 X66.069 Y57.938 Z6.750 E3463.05037
G1 X66.715 Y57.537 Z6.754 E3463.99921
G1 X67.362 Y57.136 Z6.758 E3464.94806
G1 X68.020 Y56.755 Z6.762 E3465.89690
G1 X68.684 Y56.383 Z6.766 E3466.84542
G1 X69.366 Y56.047 Z6.770 E3467.79426
G1 X70.051 Y55.715 Z6.775 E3468.74303
G1 X70.743 Y55.401 Z6.779 E3469.69187
G1 X71.443 Y55.105 Z6.783 E3470.64022
G1 X72.156 Y54.837 Z6.787 E3471.58907
G1 X72.871 Y54.578 Z6.791 E3472.53780
G1 X73.591 Y54.333 Z6.795 E3473.48663
G1 X74.320 Y54.116 Z6.799 E3474.43496
G1 X75.055 Y53.920 Z6.803 E3475.38381
G1 X75.793 Y53.736 Z6.807 E3476.33253
G1 X76.534 Y53.563 Z6.811 E3477.28137
G1 X77.282 Y53.428 Z6.816 E3478.22982
G1 X78.033 Y53.304 Z6.820 E3479.17866
G1 X78.786 Y53.199 Z6.824 E3480.12741
G1 X79.540 Y53.099 Z6.828 E3481.07625
G1 X80.299 Y53.047 Z6.832 E3482.02497
G1 X81.058 Y52.998 Z6.836 E3482.97382
G1 X81.818 Y52.971 Z6.840 E3483.92263
G1 X82.579 Y52.952 Z6.844 E3484.87124
G1 X83.339 Y52.978 Z6.848 E3485.82008
G1 X84.099 Y53.006 Z6.852 E3486.76888
G1 X84.858 Y53.056 Z6.857 E3487.71771
G1 X85.616 Y53.121 Z6.861 E3488.66611
G1 X86.370 Y53.221 Z6.865 E3489.61495
G1 X87.123 Y53.328 Z6.869 E3490.56369
G1 X87.874 Y53.452 Z6.873 E3491.51253
G1 X88.620 Y53.600 Z6.877 E3492.46085
G1 X89.360 Y53.774 Z6.881 E3493.40969
G1 X90.098 Y53.959 Z6.885 E3494.35841
G1 X90.833 Y54.155 Z6.889 E3495.30725
G1 X91.558 Y54.385 Z6.893 E3496.25565
G1 X92.278 Y54.630 Z6.898 E3497.20449
G1 X92.993 Y54.891 Z6.902 E3498.15323
G1 X93.705 Y55.159 Z6.906 E3499.10207
G1 X94.400 Y55.468 Z6.910 E3500.05068
G1 X95.092 Y55.782 Z6.914 E3500.99953
G1 X95.776 Y56.116 Z6.918 E3501.94831
G1 X96.457 Y56.455 Z6.922 E3502.89703
G1 X97.116 Y56.835 Z6.926 E3503.84587
G1 X97.773 Y57.218 Z6.930 E3504.79469
G1 X98.419 Y57.619 Z6.934 E3505.74353
G1 X99.059 Y58.031 Z6.939 E3506.69198
G1 X99.677 Y58.475 Z6.943 E3507.64082
G1 X100.291 Y58.923 Z6.947 E3508.58957
G1 X100.895 Y59.386 Z6.951 E3509.53841
G1 X101.484 Y59.866 Z6.955 E3510.48674
G1 X102.056 Y60.368 Z6.959 E3511.43558
G1 X102.620 Y60.878 Z6.963 E3512.38431
G1 X103.176 Y61.398 Z6.967 E3513.33315
G1 X103.709 Y61.940 Z6.971 E3514.28150
G1 X104.228 Y62.496 Z6.975 E3515.23034
G1 X104.737 Y63.062 Z6.980 E3516.17907
G1 X105.239 Y63.633 Z6.984 E3517.12791
G1 X105.709 Y64.231 Z6.988 E3518.07643
G1 X106.171 Y64.835 Z6.992 E3519.02528
G1 X106.618 Y65.451 Z6.996 E3519.97405
G1 X107.062 Y66.069 Z7.000 E3520.92289
;LAYER:6
;TYPE:WALL-OUTER
G1 X108.588 Y66.896 Z7.000 E3523.08775
G1 X108.969 Y67.579 Z7.004 E3524.06384
G1 X109.346 Y68.265 Z7.008 E3525.03985
G1 X109.702 Y68.962 Z7.012 E3526.01594
G1 X110.050 Y69.662 Z7.016 E3526.99175
G1 X110.362 Y70.380 Z7.020 E3527.96784
G1 X110.666 Y71.101 Z7.025 E3528.94379
G1 X110.952 Y71.830 Z7.029 E3529.91989
G1 X111.221 Y72.564 Z7.033 E3530.89554
G1 X111.461 Y73.309 Z7.037 E3531.87163
G1 X111.687 Y74.058 Z7.041 E3532.84757
G1 X111.901 Y74.811 Z7.045 E3533.82366
G1 X112.088 Y75.571 Z7.049 E3534.79929
G1 X112.254 Y76.335 Z7.053 E3535.77538
G1 X112.400 Y77.104 Z7.057 E3536.75134
G1 X112.538 Y77.874 Z7.061 E3537.72742
G1 X112.640 Y78.650 Z7.066 E3538.70315
G1 X112.730 Y79.427 Z7.070 E3539.67923
G1 X112.795 Y80.207 Z7.074 E3540.65529
G1 X112.857 Y80.987 Z7.078 E3541.63140
G1 X112.874 Y81.770 Z7.082 E3542.60742
G1 X112.886 Y82.552 Z7.086 E3543.58344
G1 X112.872 Y83.335 Z7.090 E3544.55952
G1 X112.852 Y84.117 Z7.094 E3545.53538
G1 X112.790 Y84.897 Z7.098 E3546.51147
G1 X112.719 Y85.676 Z7.102 E3547.48743
G1 X112.628 Y86.453 Z7.107 E3548.46353
G1 X112.522 Y87.228 Z7.111 E3549.43922
G1 X112.383 Y87.999 Z7.115 E3550.41531
G1 X112.231 Y88.766 Z7.119 E3551.39124
G1 X112.064 Y89.531 Z7.123 E3552.36734
G1 X111.874 Y90.289 Z7.127 E3553.34296
G1 X111.660 Y91.042 Z7.131 E3554.31905
G1 X111.428 Y91.790 Z7.135 E3555.29500
G1 X111.187 Y92.534 Z7.139 E3556.27110
G1 X110.915 Y93.268 Z7.143 E3557.24678
G1 X110.628 Y93.996 Z7.148 E3558.22288
G1 X110.320 Y94.715 Z7.152 E3559.19889
G1 X110.007 Y95.432 Z7.156 E3560.17498
G1 X109.656 Y96.132 Z7.160 E3561.15087
G1 X109.298 Y96.827 Z7.164 E3562.12693
G1 X108.917 Y97.511 Z7.168 E3563.10301
G1 X108.533 Y98.193 Z7.172 E3564.07899
G1 X108.110 Y98.851 Z7.176 E3565.05508
G1 X107.681 Y99.506 Z7.180 E3566.03107
G1 X107.235 Y100.149 Z7.184 E3567.00716
G1 X106.778 Y100.784 Z7.189 E3567.98290
G1 X106.293 Y101.398 Z7.193 E3568.95899
G1 X105.798 Y102.004 Z7.197 E3569.93493
G1 X105.291 Y102.600 Z7.201 E3570.91103
G1 X104.767 Y103.181 Z7.205 E3571.88666
G1 X104.224 Y103.744 Z7.209 E3572.86275
G1 X103.669 Y104.296 Z7.213 E3573.83869
G1 X103.105 Y104.839 Z7.217 E3574.81478
G1 X102.521 Y105.359 Z7.221 E3575.79044
G1 X101.925 Y105.866 Z7.225 E3576.76653
G1 X101.315 Y106.356 Z7.230 E3577.74251
G1 X100.701 Y106.842 Z7.234 E3578.71861
G1 X100.064 Y107.295 Z7.238 E3579.69441
G1 X99.421 Y107.741 Z7.242 E3580.67050
G1 X98.763 Y108.165 Z7.246 E3581.64658
G1 X98.104 Y108.588 Z7.250 E3582.62267
G1 X97.421 Y108.969 Z7.254 E3583.59876
G1 X96.735 Y109.346 Z7.258 E3584.57477
G1 X96.038 Y109.702 Z7.262 E3585.55086
G1 X95.337 Y110.050 Z7.266 E3586.52667
G1 X94.620 Y110.362 Z7.270 E3587.50276
G1 X93.898 Y110.665 Z7.275 E3588.47871
G1 X93.170 Y110.951 Z7.279 E3589.45480
G1 X92.436 Y111.221 Z7.283 E3590.43047
G1 X91.691 Y111.461 Z7.287 E3591.40656
G1 X90.942 Y111.687 Z7.291 E3592.38249
G1 X90.189 Y111.901 Z7.295 E3593.35859
G1 X89.429 Y112.088 Z7.299 E3594.33422
G1 X88.664 Y112.254 Z7.303 E3595.31031
G1 X87.896 Y112.400 Z7.307 E3596.28628
G1 X87.126 Y112.539 Z7.311 E3597.26237
G1 X86.350 Y112.641 Z7.316 E3598.23811
G1 X85.573 Y112.732 Z7.320 E3599.21420
G1 X84.793 Y112.797 Z7.324 E3600.19024
G1 X84.013 Y112.859 Z7.328 E3601.16633
G1 X83.230 Y112.876 Z7.332 E3602.14232
G1 X82.448 Y112.887 Z7.336 E3603.11835
G1 X81.665 Y112.873 Z7.340 E3604.09444
G1 X80.883 Y112.853 Z7.344 E3605.07032
G1 X80.103 Y112.790 Z7.348 E3606.04642
G1 X79.324 Y112.719 Z7.352 E3607.02238
G1 X78.547 Y112.628 Z7.357 E3607.99848
G1 X77.772 Y112.522 Z7.361 E3608.97416
G1 X77.001 Y112.383 Z7.365 E3609.95026
G1 X76.234 Y112.231 Z7.369 E3610.92619
G1 X75.469 Y112.064 Z7.373 E3611.90228
G1 X74.711 Y111.874 Z7.377 E3612.87791
G1 X73.958 Y111.660 Z7.381 E3613.85400
G1 X73.210 Y111.428 Z7.385 E3614.82995
G1 X72.466 Y111.188 Z7.389 E3615.80605
G1 X71.732 Y110.915 Z7.393 E3616.78174
G1 X71.005 Y110.628 Z7.398 E3617.75781
G1 X70.285 Y110.319 Z7.402 E3618.73384
G1 X69.568 Y110.006 Z7.406 E3619.70994
G1 X68.869 Y109.656 Z7.410 E3620.68582
G1 X68.173 Y109.298 Z7.414 E3621.66187
G1 X67.489 Y108.917 Z7.418 E3622.63795
G1 X66.807 Y108.533 Z7.422 E3623.61393
G1 X66.149 Y108.110 Z7.426 E3624.59002
G1 X65.494 Y107.681 Z7.430 E3625.56601
G1 X64.851 Y107.235 Z7.434 E3626.54210
G1 X64.216 Y106.778 Z7.439 E3627.51784
G1 X63.602 Y106.293 Z7.443 E3628.49393
G1 X62.996 Y105.798 Z7.447 E3629.46987
G1 X62.400 Y105.291 Z7.451 E3630.44597
G1 X61.819 Y104.767 Z7.455 E3631.42160
G1 X61.256 Y104.224 Z7.459 E3632.39769
G1 X60.705 Y103.669 Z7.463 E3633.37363
G1 X60.161 Y103.105 Z7.467 E3634.34972
G1 X59.641 Y102.521 Z7.471 E3635.32538
G1 X59.134 Y101.925 Z7.475 E3636.30147
G1 X58.644 Y101.315 Z7.480 E3637.27745
G1 X58.158 Y100.701 Z7.484 E3638.25355
G1 X57.705 Y100.064 Z7.488 E3639.22935
G1 X57.259 Y99.421 Z7.492 E3640.20544
G1 X56.835 Y98.763 Z7.496 E3641.18152
G1 X56.412 Y98.104 Z7.500 E3642.15761
G1 X56.031 Y97.421 Z7.504 E3643.13370
G1 X55.654 Y96.735 Z7.508 E3644.10971
G1 X55.298 Y96.038 Z7.512 E3645.08581
G1 X54.950 Y95.337 Z7.516 E3646.06161
G1 X54.638 Y94.620 Z7.520 E3647.03770
G1 X54.334 Y93.899 Z7.525 E3648.01365
G1 X54.048 Y93.170 Z7.529 E3648.98975
G1 X53.779 Y92.436 Z7.533 E3649.96540
G1 X53.539 Y91.691 Z7.537 E3650.94149
G1 X53.313 Y90.942 Z7.541 E3651.91743
G1 X53.099 Y90.189 Z7.545 E3652.89352
G1 X52.912 Y89.429 Z7.549 E3653.86915
G1 X52.746 Y88.665 Z7.553 E3654.84524
G1 X52.600 Y87.896 Z7.557 E3655.82121
G1 X52.461 Y87.126 Z7.561 E3656.79730
G1 X52.359 Y86.350 Z7.566 E3657.77304
G1 X52.268 Y85.573 Z7.570 E3658.74913
G1 X52.203 Y84.793 Z7.574 E3659.72517
G1 X52.141 Y84.013 Z7.578 E3660.70127
G1 X52.124 Y83.230 Z7.582 E3661.67725
G1 X52.113 Y82.448 Z7.586 E3662.65328
G1 X52.127 Y81.666 Z7.590 E3663.62937
G1 X52.147 Y80.883 Z7.594 E3664.60526
G1 X52.210 Y80.103 Z7.598 E3665.58135
G1 X52.281 Y79.324 Z7.602 E3666.55731
G1 X52.372 Y78.547 Z7.607 E3667.53341
G1 X52.478 Y77.772 Z7.611 E3668.50910
G1 X52.617 Y77.002 Z7.615 E3669.48519
G1 X52.769 Y76.234 Z7.619 E3670.46112
G1 X52.936 Y75.469 Z7.623 E3671.43722
G1 X53.126 Y74.711 Z7.627 E3672.41284
G1 X53.340 Y73.958 Z7.631 E3673.38893
G1 X53.572 Y73.210 Z7.635 E3674.36488
G1 X53.813 Y72.466 Z7.639 E3675.34098
G1 X54.085 Y71.732 Z7.643 E3676.31666
G1 X54.372 Y71.004 Z7.648 E3677.29276
G1 X54.680 Y70.285 Z7.652 E3678.26877
G1 X54.993 Y69.568 Z7.656 E3679.24486
G1 X55.344 Y68.869 Z7.660 E3680.22075
G1 X55.702 Y68.173 Z7.664 E3681.19681
G1 X56.083 Y67.489 Z7.668 E3682.17289
G1 X56.467 Y66.807 Z7.672 E3683.14887
G1 X56.890 Y66.149 Z7.676 E3684.12496
G1 X57.319 Y65.494 Z7.680 E3685.10095
G1 X57.765 Y64.852 Z7.684 E3686.07704
G1 X58.222 Y64.216 Z7.689 E3687.05278
G1 X58.707 Y63.603 Z7.693 E3688.02887
G1 X59.202 Y62.996 Z7.697 E3689.00481
G1 X59.709 Y62.400 Z7.701 E3689.98091
G1 X60.233 Y61.819 Z7.705 E3690.95654
G1 X60.776 Y61.256 Z7.709 E3691.93263
G1 X61.331 Y60.705 Z7.713 E3692.90857
G1 X61.895 Y60.161 Z7.717 E3693.88466
G1 X62.479 Y59.641 Z7.721 E3694.86032
G1 X63.075 Y59.134 Z7.725 E3695.83641
G1 X63.685 Y58.644 Z7.730 E3696.81239
G1 X64.299 Y58.158 Z7.734 E3697.78849
G1 X64.936 Y57.705 Z7.738 E3698.76429
G1 X65.579 Y57.259 Z7.742 E3699.74038
G1 X66.237 Y56.835 Z7.746 E3700.71646
G1 X66.896 Y56.412 Z7.750 E3701.69255
G1 X67.579 Y56.031 Z7.754 E3702.66864
G1 X68.265 Y55.654 Z7.758 E3703.64465
G1 X68.962 Y55.298 Z7.762 E3704.62075
G1 X69.662 Y54.950 Z7.766 E3705.59655
G1 X70.380 Y54.638 Z7.770 E3706.57264
G1 X71.101 Y54.334 Z7.775 E3707.54859
G1 X71.830 Y54.048 Z7.779 E3708.52469
G1 X72.564 Y53.779 Z7.783 E3709.50034
G1 X73.309 Y53.539 Z7.787 E3710.47643
G1 X74.058 Y53.313 Z7.791 E3711.45237
G1 X74.811 Y53.099 Z7.795 E3712.42846
G1 X75.571 Y52.912 Z7.799 E3713.40409
G1 X76.335 Y52.746 Z7.803 E3714.38018
G1 X77.104 Y52.600 Z7.807 E3715.35615
G1 X77.874 Y52.461 Z7.811 E3716.33224
G1 X78.650 Y52.359 Z7.816 E3717.30798
G1 X79.427 Y52.268 Z7.820 E3718.28407
G1 X80.207 Y52.203 Z7.824 E3719.26011
G1 X80.987 Y52.141 Z7.828 E3720.23621
G1 X81.769 Y52.124 Z7.832 E3721.21219
G1 X82.552 Y52.113 Z7.836 E3722.18822
G1 X83.334 Y52.127 Z7.840 E3723.16431
G1 X84.117 Y52.147 Z7.844 E3724.14020
G1 X84.897 Y52.210 Z7.848 E3725.11629
G1 X85.676 Y52.281 Z7.852 E3726.09225
G1 X86.453 Y52.372 Z7.857 E3727.06835
G1 X87.228 Y52.478 Z7.861 E3728.04404
G1 X87.998 Y52.617 Z7.865 E3729.02013
G1 X88.766 Y52.769 Z7.869 E3729.99606
G1 X89.531 Y52.936 Z7.873 E3730.97216
G1 X90.289 Y53.126 Z7.877 E3731.94778
G1 X91.042 Y53.340 Z7.881 E3732.92387
G1 X91.790 Y53.572 Z7.885 E3733.89982
G1 X92.534 Y53.813 Z7.889 E3734.87592
G1 X93.267 Y54.085 Z7.893 E3735.85160
G1 X93.996 Y54.372 Z7.898 E3736.82770
G1 X94.715 Y54.680 Z7.902 E3737.80371
G1 X95.432 Y54.993 Z7.906 E3738.77980
G1 X96.131 Y55.344 Z7.910 E3739.75569
G1 X96.827 Y55.702 Z7.914 E3740.73175
G1 X97.511 Y56.083 Z7.918 E3741.70783
G1 X98.193 Y56.467 Z7.922 E3742.68381
G1 X98.851 Y56.890 Z7.926 E3743.65990
G1 X99.506 Y57.318 Z7.930 E3744.63589
G1 X100.148 Y57.765 Z7.934 E3745.61198
G1 X100.784 Y58.222 Z7.939 E3746.58772
G1 X101.397 Y58.707 Z7.943 E3747.56381
G1 X102.004 Y59.202 Z7.947 E3748.53975
G1 X102.600 Y59.709 Z7.951 E3749.51585
G1 X103.181 Y60.233 Z7.955 E3750.49148
G1 X103.744 Y60.776 Z7.959 E3751.46757
G1 X104.295 Y61.331 Z7.963 E3752.44351
G1 X104.838 Y61.895 Z7.967 E3753.41960
G1 X105.359 Y62.479 Z7.971 E3754.39526
G1 X105.866 Y63.075 Z7.975 E3755.37135
G1 X106.356 Y63.685 Z7.980 E3756.34733
G1 X106.842 Y64.299 Z7.984 E3757.32343
G1 X107.295 Y64.936 Z7.988 E3758.29923
G1 X107.741 Y65.579 Z7.992 E3759.27532
G1 X108.165 Y66.237 Z7.996 E3760.25140
G1 X108.588 Y66.896 Z8.000 E3761.22749
;LAYER:7
;TYPE:WALL-OUTER
G1 X109.289 Y66.427 Z8.000 E3762.27952
G1 X109.680 Y67.130 Z8.004 E3763.28260
G1 X110.069 Y67.834 Z8.008 E3764.28571
G1 X110.437 Y68.549 Z8.012 E3765.28882
G1 X110.796 Y69.268 Z8.016 E3766.29163
G1 X111.115 Y70.007 Z8.020 E3767.29474
G1 X111.429 Y70.747 Z8.025 E3768.29778
G1 X111.725 Y71.495 Z8.029 E3769.30090
G1 X112.003 Y72.249 Z8.033 E3770.30350
G1 X112.248 Y73.015 Z8.037 E3771.30662
G1 X112.483 Y73.784 Z8.041 E3772.30962
G1 X112.704 Y74.557 Z8.045 E3773.31274
G1 X112.897 Y75.338 Z8.049 E3774.31530
G1 X113.066 Y76.124 Z8.053 E3775.31842
G1 X113.220 Y76.913 Z8.057 E3776.32142
G1 X113.365 Y77.705 Z8.061 E3777.32455
G1 X113.470 Y78.502 Z8.066 E3778.32722
G1 X113.562 Y79.301 Z8.070 E3779.33033
G1 X113.633 Y80.102 Z8.074 E3780.33336
G1 X113.699 Y80.903 Z8.078 E3781.33647
G1 X113.715 Y81.707 Z8.082 E3782.33946
G1 X113.726 Y82.511 Z8.086 E3783.34257
G1 X113.715 Y83.315 Z8.090 E3784.34568
G1 X113.696 Y84.119 Z8.094 E3785.34857
G1 X113.630 Y84.921 Z8.098 E3786.35167
G1 X113.559 Y85.722 Z8.102 E3787.35471
G1 X113.467 Y86.521 Z8.107 E3788.35783
G1 X113.360 Y87.318 Z8.111 E3789.36048
G1 X113.215 Y88.109 Z8.115 E3790.36360
G1 X113.062 Y88.898 Z8.119 E3791.36661
G1 X112.893 Y89.684 Z8.123 E3792.36973
G1 X112.698 Y90.464 Z8.127 E3793.37228
G1 X112.476 Y91.237 Z8.131 E3794.37540
G1 X112.242 Y92.007 Z8.135 E3795.37840
G1 X111.996 Y92.772 Z8.139 E3796.38152
G1 X111.716 Y93.526 Z8.143 E3797.38413
G1 X111.420 Y94.274 Z8.148 E3798.38725
G1 X111.107 Y95.014 Z8.152 E3799.39028
G1 X110.787 Y95.752 Z8.156 E3800.39340
G1 X110.426 Y96.471 Z8.160 E3801.39624
G1 X110.057 Y97.186 Z8.164 E3802.39935
G1 X109.669 Y97.890 Z8.168 E3803.40242
G1 X109.276 Y98.592 Z8.172 E3804.40542
G1 X108.840 Y99.267 Z8.176 E3805.40852
G1 X108.401 Y99.941 Z8.180 E3806.41159
G1 X107.944 Y100.603 Z8.184 E3807.41471
G1 X107.477 Y101.257 Z8.189 E3808.41743
G1 X106.976 Y101.886 Z8.193 E3809.42055
G1 X106.470 Y102.511 Z8.197 E3810.42357
G1 X105.950 Y103.125 Z8.201 E3811.42669
G1 X105.413 Y103.723 Z8.205 E3812.42925
G1 X104.853 Y104.300 Z8.209 E3813.43237
G1 X104.285 Y104.869 Z8.213 E3814.43537
G1 X103.707 Y105.429 Z8.217 E3815.43849
G1 X103.107 Y105.964 Z8.221 E3816.44107
G1 X102.493 Y106.484 Z8.225 E3817.44419
G1 X101.869 Y106.991 Z8.230 E3818.44720
G1 X101.239 Y107.491 Z8.234 E3819.45032
G1 X100.584 Y107.957 Z8.238 E3820.45307
G1 X99.922 Y108.414 Z8.242 E3821.45619
G1 X99.249 Y108.853 Z8.246 E3822.45924
G1 X98.573 Y109.289 Z8.250 E3823.46236
G1 X97.870 Y109.680 Z8.254 E3824.46544
G1 X97.166 Y110.069 Z8.258 E3825.46854
G1 X96.451 Y110.437 Z8.262 E3826.47166
G1 X95.732 Y110.796 Z8.266 E3827.47446
G1 X94.993 Y111.115 Z8.270 E3828.47758
G1 X94.253 Y111.429 Z8.275 E3829.48061
G1 X93.505 Y111.725 Z8.279 E3830.48373
G1 X92.751 Y112.003 Z8.283 E3831.48634
G1 X91.985 Y112.248 Z8.287 E3832.48946
G1 X91.216 Y112.483 Z8.291 E3833.49246
G1 X90.443 Y112.704 Z8.295 E3834.49558
G1 X89.662 Y112.897 Z8.299 E3835.49814
G1 X88.876 Y113.066 Z8.303 E3836.50126
G1 X88.087 Y113.220 Z8.307 E3837.50426
G1 X87.295 Y113.365 Z8.311 E3838.50738
G1 X86.498 Y113.470 Z8.316 E3839.51005
G1 X85.699 Y113.561 Z8.320 E3840.51317
G1 X84.898 Y113.632 Z8.324 E3841.51621
G1 X84.097 Y113.698 Z8.328 E3842.51933
G1 X83.293 Y113.715 Z8.332 E3843.52228
G1 X82.489 Y113.727 Z8.336 E3844.52539
G1 X81.685 Y113.715 Z8.340 E3845.52848
G1 X80.881 Y113.696 Z8.344 E3846.53138
G1 X80.079 Y113.630 Z8.348 E3847.53448
G1 X79.278 Y113.559 Z8.352 E3848.53754
G1 X78.479 Y113.468 Z8.357 E3849.54066
G1 X77.682 Y113.360 Z8.361 E3850.54330
G1 X76.891 Y113.215 Z8.365 E3851.54642
G1 X76.102 Y113.062 Z8.369 E3852.54943
G1 X75.316 Y112.893 Z8.373 E3853.55255
G1 X74.536 Y112.698 Z8.377 E3854.55511
G1 X73.763 Y112.476 Z8.381 E3855.55822
G1 X72.993 Y112.242 Z8.385 E3856.56122
G1 X72.228 Y111.996 Z8.389 E3857.56434
G1 X71.474 Y111.716 Z8.393 E3858.56696
G1 X70.726 Y111.420 Z8.398 E3859.57008
G1 X69.986 Y111.107 Z8.402 E3860.57310
G1 X69.248 Y110.787 Z8.406 E3861.57622
G1 X68.529 Y110.426 Z8.410 E3862.57906
G1 X67.814 Y110.057 Z8.414 E3863.58218
G1 X67.110 Y109.669 Z8.418 E3864.58525
G1 X66.408 Y109.276 Z8.422 E3865.58825
G1 X65.733 Y108.840 Z8.426 E3866.59134
G1 X65.059 Y108.401 Z8.430 E3867.59442
G1 X64.397 Y107.944 Z8.434 E3868.59754
G1 X63.743 Y107.477 Z8.439 E3869.60025
G1 X63.114 Y106.976 Z8.443 E3870.60337
G1 X62.489 Y106.470 Z8.447 E3871.60639
G1 X61.875 Y105.950 Z8.451 E3872.60951
G1 X61.277 Y105.413 Z8.455 E3873.61208
G1 X60.700 Y104.853 Z8.459 E3874.61520
G1 X60.131 Y104.285 Z8.463 E3875.61820
G1 X59.571 Y103.707 Z8.467 E3876.62132
G1 X59.036 Y103.107 Z8.471 E3877.62390
G1 X58.516 Y102.493 Z8.475 E3878.62701
G1 X58.009 Y101.869 Z8.480 E3879.63003
G1 X57.509 Y101.239 Z8.484 E3880.63314
G1 X57.043 Y100.584 Z8.488 E3881.63589
G1 X56.586 Y99.922 Z8.492 E3882.63901
G1 X56.147 Y99.249 Z8.496 E3883.64207
G1 X55.711 Y98.573 Z8.500 E3884.64519
G1 X55.320 Y97.870 Z8.504 E3885.64827
G1 X54.931 Y97.166 Z8.508 E3886.65137
G1 X54.563 Y96.451 Z8.512 E3887.65449
G1 X54.204 Y95.732 Z8.516 E3888.65729
G1 X53.885 Y94.993 Z8.520 E3889.66041
G1 X53.571 Y94.253 Z8.525 E3890.66344
G1 X53.275 Y93.505 Z8.529 E3891.66656
G1 X52.997 Y92.751 Z8.533 E3892.66916
G1 X52.752 Y91.985 Z8.537 E3893.67228
G1 X52.517 Y91.216 Z8.541 E3894.67528
G1 X52.296 Y90.443 Z8.545 E3895.67840
G1 X52.103 Y89.662 Z8.549 E3896.68096
G1 X51.934 Y88.876 Z8.553 E3897.68408
G1 X51.780 Y88.087 Z8.557 E3898.68708
G1 X51.635 Y87.295 Z8.561 E3899.69020
G1 X51.530 Y86.498 Z8.566 E3900.69287
G1 X51.439 Y85.699 Z8.570 E3901.69599
G1 X51.368 Y84.898 Z8.574 E3902.69903
G1 X51.302 Y84.097 Z8.578 E3903.70215
G1 X51.285 Y83.293 Z8.582 E3904.70510
G1 X51.273 Y82.489 Z8.586 E3905.70821
G1 X51.285 Y81.684 Z8.590 E3906.71131
G1 X51.304 Y80.881 Z8.594 E3907.71420
G1 X51.370 Y80.079 Z8.598 E3908.71730
G1 X51.441 Y79.278 Z8.602 E3909.72036
G1 X51.532 Y78.479 Z8.607 E3910.72348
G1 X51.640 Y77.682 Z8.611 E3911.72613
G1 X51.785 Y76.891 Z8.615 E3912.72924
G1 X51.938 Y76.102 Z8.619 E3913.73225
G1 X52.107 Y75.316 Z8.623 E3914.73537
G1 X52.302 Y74.536 Z8.627 E3915.73793
G1 X52.524 Y73.763 Z8.631 E3916.74105
G1 X52.758 Y72.993 Z8.635 E3917.74404
G1 X53.004 Y72.228 Z8.639 E3918.74716
G1 X53.284 Y71.474 Z8.643 E3919.74978
G1 X53.580 Y70.726 Z8.648 E3920.75290
G1 X53.893 Y69.986 Z8.652 E3921.75592
G1 X54.213 Y69.248 Z8.656 E3922.75904
G1 X54.574 Y68.529 Z8.660 E3923.76188
G1 X54.943 Y67.814 Z8.664 E3924.76500
G1 X55.331 Y67.110 Z8.668 E3925.76807
G1 X55.724 Y66.408 Z8.672 E3926.77107
G1 X56.160 Y65.733 Z8.676 E3927.77416
G1 X56.599 Y65.059 Z8.680 E3928.77724
G1 X57.056 Y64.397 Z8.684 E3929.78036
G1 X57.523 Y63.743 Z8.689 E3930.78307
G1 X58.024 Y63.114 Z8.693 E3931.78619
G1 X58.530 Y62.489 Z8.697 E3932.78921
G1 X59.050 Y61.875 Z8.701 E3933.79233
G1 X59.587 Y61.277 Z8.705 E3934.79490
G1 X60.147 Y60.700 Z8.709 E3935.79802
G1 X60.715 Y60.131 Z8.713 E3936.80102
G1 X61.293 Y59.571 Z8.717 E3937.80414
G1 X61.893 Y59.036 Z8.721 E3938.80672
G1 X62.507 Y58.516 Z8.725 E3939.80984
G1 X63.131 Y58.009 Z8.730 E3940.81285
G1 X63.761 Y57.509 Z8.734 E3941.81597
G1 X64.416 Y57.043 Z8.738 E3942.81871
G1 X65.078 Y56.586 Z8.742 E3943.82183
G1 X65.751 Y56.147 Z8.746 E3944.82489
G1 X66.427 Y55.711 Z8.750 E3945.82801
G1 X67.130 Y55.320 Z8.754 E3946.83109
G1 X67.834 Y54.931 Z8.758 E3947.83419
G1 X68.549 Y54.563 Z8.762 E3948.83731
G1 X69.268 Y54.204 Z8.766 E3949.84011
G1 X70.007 Y53.885 Z8.770 E3950.84323
G1 X70.747 Y53.571 Z8.775 E3951.84626
G1 X71.495 Y53.275 Z8.779 E3952.84938
G1 X72.249 Y52.997 Z8.783 E3953.85198
G1 X73.015 Y52.752 Z8.787 E3954.85510
G1 X73.784 Y52.517 Z8.791 E3955.85810
G1 X74.557 Y52.296 Z8.795 E3956.86122
G1 X75.338 Y52.103 Z8.799 E3957.86378
G1 X76.124 Y51.934 Z8.803 E3958.86690
G1 X76.913 Y51.780 Z8.807 E3959.86990
G1 X77.705 Y51.635 Z8.811 E3960.87302
G1 X78.502 Y51.530 Z8.816 E3961.87570
G1 X79.301 Y51.439 Z8.820 E3962.87882
G1 X80.102 Y51.368 Z8.824 E3963.88185
G1 X80.903 Y51.302 Z8.828 E3964.88497
G1 X81.707 Y51.285 Z8.832 E3965.88792
G1 X82.511 Y51.273 Z8.836 E3966.89103
G1 X83.316 Y51.285 Z8.840 E3967.89413
G1 X84.119 Y51.304 Z8.844 E3968.89702
G1 X84.921 Y51.370 Z8.848 E3969.90012
G1 X85.722 Y51.441 Z8.852 E3970.90318
G1 X86.521 Y51.532 Z8.857 E3971.90630
G1 X87.318 Y51.640 Z8.861 E3972.90895
G1 X88.109 Y51.785 Z8.865 E3973.91207
G1 X88.898 Y51.938 Z8.869 E3974.91508
G1 X89.684 Y52.107 Z8.873 E3975.91819
G1 X90.464 Y52.302 Z8.877 E3976.92075
G1 X91.237 Y52.524 Z8.881 E3977.92387
G1 X92.007 Y52.758 Z8.885 E3978.92687
G1 X92.772 Y53.004 Z8.889 E3979.92999
G1 X93.526 Y53.284 Z8.893 E3980.93260
G1 X94.274 Y53.580 Z8.898 E3981.93572
G1 X95.014 Y53.893 Z8.902 E3982.93874
G1 X95.752 Y54.213 Z8.906 E3983.94186
G1 X96.471 Y54.574 Z8.910 E3984.94471
G1 X97.186 Y54.943 Z8.914 E3985.94782
G1 X97.890 Y55.331 Z8.918 E3986.95089
G1 X98.592 Y55.724 Z8.922 E3987.95389
G1 X99.267 Y56.160 Z8.926 E3988.95698
G1 X99.941 Y56.599 Z8.930 E3989.96006
G1 X100.603 Y57.056 Z8.934 E3990.96318
G1 X101.257 Y57.523 Z8.939 E3991.96590
G1 X101.886 Y58.024 Z8.943 E3992.96901
G1 X102.511 Y58.530 Z8.947 E3993.97204
G1 X103.125 Y59.050 Z8.951 E3994.97515
G1 X103.723 Y59.587 Z8.955 E3995.97772
G1 X104.300 Y60.147 Z8.959 E3996.98084
G1 X104.869 Y60.715 Z8.963 E3997.98384
G1 X105.429 Y61.293 Z8.967 E3998.98696
G1 X105.964 Y61.893 Z8.971 E3999.98954
G1 X106.484 Y62.507 Z8.975 E4000.99266
G1 X106.991 Y63.131 Z8.980 E4001.99567
G1 X107.491 Y63.761 Z8.984 E4002.99879
G1 X107.957 Y64.416 Z8.988 E4004.00154
G1 X108.414 Y65.078 Z8.992 E4005.00465
G1 X108.853 Y65.751 Z8.996 E4006.00771
G1 X109.289 Y66.427 Z9.000 E4007.01083
;LAYER:8
;TYPE:WALL-OUTER
G1 X110.782 Y67.386 Z9.000 E4009.22434
G1 X111.156 Y68.122 Z9.004 E4010.25425
G1 X111.526 Y68.861 Z9.008 E4011.28403
G1 X111.858 Y69.617 Z9.012 E4012.31396
G1 X112.185 Y70.375 Z9.016 E4013.34376
G1 X112.484 Y71.145 Z9.020 E4014.37369
G1 X112.771 Y71.919 Z9.025 E4015.40330
G1 X113.027 Y72.704 Z9.029 E4016.43323
G1 X113.272 Y73.492 Z9.033 E4017.46294
G1 X113.494 Y74.287 Z9.037 E4018.49287
G1 X113.696 Y75.088 Z9.041 E4019.52241
G1 X113.874 Y75.894 Z9.045 E4020.55234
G1 X114.034 Y76.704 Z9.049 E4021.58204
G1 X114.177 Y77.517 Z9.053 E4022.61198
G1 X114.292 Y78.335 Z9.057 E4023.64158
G1 X114.391 Y79.155 Z9.061 E4024.67151
G1 X114.465 Y79.977 Z9.066 E4025.70121
G1 X114.528 Y80.800 Z9.070 E4026.73111
G1 X114.551 Y81.625 Z9.074 E4027.76086
G1 X114.568 Y82.451 Z9.078 E4028.79078
G1 X114.552 Y83.277 Z9.082 E4029.82067
G1 X114.530 Y84.102 Z9.086 E4030.85052
G1 X114.468 Y84.925 Z9.090 E4031.88040
G1 X114.401 Y85.748 Z9.094 E4032.91022
G1 X114.302 Y86.568 Z9.098 E4033.94014
G1 X114.193 Y87.386 Z9.102 E4034.96980
G1 X114.050 Y88.200 Z9.107 E4035.99972
G1 X113.896 Y89.011 Z9.111 E4037.02945
G1 X113.717 Y89.817 Z9.115 E4038.05938
G1 X113.520 Y90.619 Z9.119 E4039.08894
G1 X113.297 Y91.414 Z9.123 E4040.11886
G1 X113.058 Y92.204 Z9.127 E4041.14855
G1 X112.801 Y92.989 Z9.131 E4042.17848
G1 X112.519 Y93.764 Z9.135 E4043.20804
G1 X112.219 Y94.534 Z9.139 E4044.23797
G1 X111.898 Y95.294 Z9.143 E4045.26768
G1 X111.565 Y96.050 Z9.148 E4046.29761
G1 X111.200 Y96.790 Z9.152 E4047.32728
G1 X110.826 Y97.527 Z9.156 E4048.35721
G1 X110.426 Y98.249 Z9.160 E4049.38701
G1 X110.020 Y98.968 Z9.164 E4050.41689
G1 X109.578 Y99.665 Z9.168 E4051.44673
G1 X109.132 Y100.360 Z9.172 E4052.47661
G1 X108.659 Y101.037 Z9.176 E4053.50652
G1 X108.179 Y101.709 Z9.180 E4054.53624
G1 X107.669 Y102.358 Z9.184 E4055.56617
G1 X107.153 Y103.003 Z9.189 E4056.59593
G1 X106.615 Y103.629 Z9.193 E4057.62586
G1 X106.066 Y104.245 Z9.197 E4058.65543
G1 X105.495 Y104.842 Z9.201 E4059.68536
G1 X104.913 Y105.428 Z9.205 E4060.71506
G1 X104.316 Y105.999 Z9.209 E4061.74499
G1 X103.703 Y106.551 Z9.213 E4062.77453
G1 X103.076 Y107.089 Z9.217 E4063.80446
G1 X102.436 Y107.610 Z9.221 E4064.83416
G1 X101.786 Y108.119 Z9.225 E4065.86409
G1 X101.117 Y108.603 Z9.230 E4066.89370
G1 X100.440 Y109.076 Z9.234 E4067.92363
G1 X99.748 Y109.526 Z9.238 E4068.95340
G1 X99.052 Y109.970 Z9.242 E4069.98333
G1 X98.334 Y110.378 Z9.246 E4071.01313
G1 X97.614 Y110.782 Z9.250 E4072.04306
G1 X96.878 Y111.156 Z9.254 E4073.07296
G1 X96.139 Y111.525 Z9.258 E4074.10275
G1 X95.383 Y111.858 Z9.262 E4075.13268
G1 X94.625 Y112.185 Z9.266 E4076.16248
G1 X93.856 Y112.484 Z9.270 E4077.19241
G1 X93.082 Y112.771 Z9.275 E4078.22202
G1 X92.297 Y113.027 Z9.279 E4079.25195
G1 X91.508 Y113.272 Z9.283 E4080.28166
G1 X90.713 Y113.494 Z9.287 E4081.31159
G1 X89.912 Y113.695 Z9.291 E4082.34113
G1 X89.106 Y113.874 Z9.295 E4083.37106
G1 X88.296 Y114.033 Z9.299 E4084.40075
G1 X87.483 Y114.177 Z9.303 E4085.43068
G1 X86.665 Y114.290 Z9.307 E4086.46026
G1 X85.845 Y114.389 Z9.311 E4087.49019
G1 X85.023 Y114.462 Z9.316 E4088.51992
G1 X84.200 Y114.524 Z9.320 E4089.54985
G1 X83.374 Y114.549 Z9.324 E4090.57958
G1 X82.549 Y114.566 Z9.328 E4091.60951
G1 X81.723 Y114.552 Z9.332 E4092.63936
G1 X80.898 Y114.530 Z9.336 E4093.66919
G1 X80.074 Y114.468 Z9.340 E4094.69908
G1 X79.252 Y114.401 Z9.344 E4095.72891
G1 X78.432 Y114.302 Z9.348 E4096.75883
G1 X77.613 Y114.193 Z9.352 E4097.78849
G1 X76.800 Y114.050 Z9.357 E4098.81842
G1 X75.989 Y113.896 Z9.361 E4099.84815
G1 X75.183 Y113.717 Z9.365 E4100.87808
G1 X74.381 Y113.520 Z9.369 E4101.90763
G1 X73.586 Y113.297 Z9.373 E4102.93756
G1 X72.796 Y113.058 Z9.377 E4103.96725
G1 X72.011 Y112.801 Z9.381 E4104.99718
G1 X71.236 Y112.519 Z9.385 E4106.02673
G1 X70.466 Y112.219 Z9.389 E4107.05666
G1 X69.706 Y111.898 Z9.393 E4108.08637
G1 X68.950 Y111.565 Z9.398 E4109.11630
G1 X68.209 Y111.200 Z9.402 E4110.14597
G1 X67.473 Y110.826 Z9.406 E4111.17590
G1 X66.751 Y110.426 Z9.410 E4112.20571
G1 X66.032 Y110.020 Z9.414 E4113.23559
G1 X65.335 Y109.578 Z9.418 E4114.26543
G1 X64.639 Y109.132 Z9.422 E4115.29531
G1 X63.963 Y108.659 Z9.426 E4116.32522
G1 X63.291 Y108.179 Z9.430 E4117.35494
G1 X62.641 Y107.669 Z9.434 E4118.38486
G1 X61.997 Y107.153 Z9.439 E4119.41463
G1 X61.370 Y106.615 Z9.443 E4120.44456
G1 X60.754 Y106.066 Z9.447 E4121.47413
G1 X60.158 Y105.495 Z9.451 E4122.50406
G1 X59.572 Y104.913 Z9.455 E4123.53375
G1 X59.001 Y104.316 Z9.459 E4124.56368
G1 X58.449 Y103.703 Z9.463 E4125.59323
G1 X57.911 Y103.076 Z9.467 E4126.62316
G1 X57.390 Y102.436 Z9.471 E4127.65285
G1 X56.881 Y101.786 Z9.475 E4128.68278
G1 X56.397 Y101.117 Z9.480 E4129.71240
G1 X55.924 Y100.440 Z9.484 E4130.74233
G1 X55.474 Y99.748 Z9.488 E4131.77209
G1 X55.030 Y99.052 Z9.492 E4132.80202
G1 X54.622 Y98.334 Z9.496 E4133.83183
G1 X54.218 Y97.614 Z9.500 E4134.86176
G1 X53.844 Y96.878 Z9.504 E4135.89166
G1 X53.475 Y96.139 Z9.508 E4136.92145
G1 X53.142 Y95.383 Z9.512 E4137.95138
G1 X52.815 Y94.625 Z9.516 E4138.98118
G1 X52.516 Y93.856 Z9.520 E4140.01111
G1 X52.229 Y93.082 Z9.525 E4141.04072
G1 X51.972 Y92.297 Z9.529 E4142.07064
G1 X51.729 Y91.508 Z9.533 E4143.10038
G1 X51.505 Y90.713 Z9.537 E4144.13034
G1 X51.302 Y89.913 Z9.541 E4145.15985
G1 X51.125 Y89.106 Z9.545 E4146.18981
G1 X50.967 Y88.296 Z9.549 E4147.21954
G1 X50.823 Y87.483 Z9.553 E4148.24947
G1 X50.710 Y86.665 Z9.557 E4149.27905
G1 X50.611 Y85.845 Z9.561 E4150.30898
G1 X50.538 Y85.023 Z9.566 E4151.33871
G1 X50.476 Y84.200 Z9.570 E4152.36864
G1 X50.451 Y83.374 Z9.574 E4153.39837
G1 X50.434 Y82.549 Z9.578 E4154.42830
G1 X50.448 Y81.723 Z9.582 E4155.45815
G1 X50.470 Y80.898 Z9.586 E4156.48798
G1 X50.532 Y80.074 Z9.590 E4157.51787
G1 X50.599 Y79.251 Z9.594 E4158.54770
G1 X50.698 Y78.432 Z9.598 E4159.57762
G1 X50.807 Y77.613 Z9.602 E4160.60728
G1 X50.950 Y76.800 Z9.607 E4161.63721
G1 X51.104 Y75.989 Z9.611 E4162.66694
G1 X51.283 Y75.183 Z9.615 E4163.69687
G1 X51.480 Y74.381 Z9.619 E4164.72642
G1 X51.703 Y73.586 Z9.623 E4165.75635
G1 X51.942 Y72.796 Z9.627 E4166.78604
G1 X52.199 Y72.011 Z9.631 E4167.81597
G1 X52.481 Y71.236 Z9.635 E4168.84553
G1 X52.781 Y70.466 Z9.639 E4169.87545
G1 X53.102 Y69.706 Z9.643 E4170.90517
G1 X53.435 Y68.950 Z9.648 E4171.93510
G1 X53.800 Y68.209 Z9.652 E4172.96477
G1 X54.174 Y67.473 Z9.656 E4173.99469
G1 X54.574 Y66.751 Z9.660 E4175.02450
G1 X54.980 Y66.032 Z9.664 E4176.05438
G1 X55.422 Y65.335 Z9.668 E4177.08422
G1 X55.868 Y64.639 Z9.672 E4178.11410
G1 X56.341 Y63.963 Z9.676 E4179.14401
G1 X56.821 Y63.291 Z9.680 E4180.17373
G1 X57.331 Y62.641 Z9.684 E4181.20366
G1 X57.847 Y61.997 Z9.689 E4182.23342
G1 X58.385 Y61.370 Z9.693 E4183.26335
G1 X58.934 Y60.754 Z9.697 E4184.29292
G1 X59.506 Y60.158 Z9.701 E4185.32285
G1 X60.087 Y59.572 Z9.705 E4186.35255
G1 X60.684 Y59.001 Z9.709 E4187.38248
G1 X61.297 Y58.449 Z9.713 E4188.41202
G1 X61.924 Y57.911 Z9.717 E4189.44195
G1 X62.564 Y57.390 Z9.721 E4190.47164
G1 X63.214 Y56.881 Z9.725 E4191.50157
G1 X63.883 Y56.397 Z9.730 E4192.53119
G1 X64.560 Y55.924 Z9.734 E4193.56112
G1 X65.252 Y55.474 Z9.738 E4194.59089
G1 X65.948 Y55.030 Z9.742 E4195.62082
G1 X66.666 Y54.622 Z9.746 E4196.65062
G1 X67.386 Y54.218 Z9.750 E4197.68055
G1 X68.122 Y53.844 Z9.754 E4198.71045
G1 X68.861 Y53.475 Z9.758 E4199.74024
G1 X69.617 Y53.142 Z9.762 E4200.77017
G1 X70.375 Y52.815 Z9.766 E4201.79997
G1 X71.145 Y52.516 Z9.770 E4202.82990
G1 X71.919 Y52.229 Z9.775 E4203.85951
G1 X72.704 Y51.973 Z9.779 E4204.88943
G1 X73.492 Y51.728 Z9.783 E4205.91914
G1 X74.287 Y51.506 Z9.787 E4206.94907
G1 X75.088 Y51.304 Z9.791 E4207.97862
G1 X75.894 Y51.126 Z9.795 E4209.00854
G1 X76.704 Y50.967 Z9.799 E4210.03823
G1 X77.517 Y50.823 Z9.803 E4211.06816
G1 X78.335 Y50.710 Z9.807 E4212.09774
G1 X79.155 Y50.611 Z9.811 E4213.12767
G1 X79.977 Y50.538 Z9.816 E4214.15741
G1 X80.801 Y50.476 Z9.820 E4215.18734
G1 X81.626 Y50.451 Z9.824 E4216.21707
G1 X82.451 Y50.434 Z9.828 E4217.24700
G1 X83.277 Y50.448 Z9.832 E4218.27685
G1 X84.102 Y50.470 Z9.836 E4219.30668
G1 X84.926 Y50.532 Z9.840 E4220.33656
G1 X85.749 Y50.599 Z9.844 E4221.36640
G1 X86.568 Y50.698 Z9.848 E4222.39632
G1 X87.387 Y50.807 Z9.852 E4223.42598
G1 X88.200 Y50.950 Z9.857 E4224.45591
G1 X89.011 Y51.104 Z9.861 E4225.48564
G1 X89.817 Y51.283 Z9.865 E4226.51557
G1 X90.619 Y51.480 Z9.869 E4227.54512
G1 X91.414 Y51.703 Z9.873 E4228.57505
G1 X92.204 Y51.942 Z9.877 E4229.60473
G1 X92.989 Y52.199 Z9.881 E4230.63467
G1 X93.765 Y52.481 Z9.885 E4231.66422
G1 X94.534 Y52.781 Z9.889 E4232.69415
G1 X95.294 Y53.102 Z9.893 E4233.72386
G1 X96.050 Y53.435 Z9.898 E4234.75379
G1 X96.791 Y53.800 Z9.902 E4235.78346
G1 X97.527 Y54.174 Z9.906 E4236.81339
G1 X98.249 Y54.574 Z9.910 E4237.84319
G1 X98.968 Y54.980 Z9.914 E4238.87307
G1 X99.666 Y55.422 Z9.918 E4239.90292
G1 X100.361 Y55.868 Z9.922 E4240.93280
G1 X101.037 Y56.341 Z9.926 E4241.96271
G1 X101.709 Y56.821 Z9.930 E4242.99242
G1 X102.359 Y57.331 Z9.934 E4244.02235
G1 X103.003 Y57.847 Z9.939 E4245.05211
G1 X103.630 Y58.385 Z9.943 E4246.08204
G1 X104.246 Y58.934 Z9.947 E4247.11162
G1 X104.842 Y59.506 Z9.951 E4248.14155
G1 X105.428 Y60.087 Z9.955 E4249.17124
G1 X105.999 Y60.684 Z9.959 E4250.20117
G1 X106.552 Y61.297 Z9.963 E4251.23071
G1 X107.089 Y61.924 Z9.967 E4252.26064
G1 X107.610 Y62.564 Z9.971 E4253.29034
G1 X108.119 Y63.214 Z9.975 E4254.32027
G1 X108.603 Y63.883 Z9.980 E4255.34989
G1 X109.076 Y64.560 Z9.984 E4256.37982
G1 X109.526 Y65.252 Z9.988 E4257.40958
G1 X109.970 Y65.949 Z9.992 E4258.43951
G1 X110.378 Y66.666 Z9.996 E4259.46932
G1 X110.782 Y67.386 Z10.000 E4260.49925
;LAYER:9
;TYPE:WALL-OUTER
G1 X112.251 Y68.444 Z10.000 E4262.75737
G1 X112.595 Y69.219 Z10.004 E4263.81410
G1 X112.934 Y69.995 Z10.008 E4264.87072
G1 X113.239 Y70.786 Z10.012 E4265.92746
G1 X113.536 Y71.579 Z10.016 E4266.98398
G1 X113.801 Y72.384 Z10.020 E4268.04071
G1 X114.056 Y73.191 Z10.025 E4269.09719
G1 X114.282 Y74.008 Z10.029 E4270.15392
G1 X114.491 Y74.829 Z10.033 E4271.21035
G1 X114.677 Y75.655 Z10.037 E4272.26708
G1 X114.844 Y76.486 Z10.041 E4273.32351
G1 X114.989 Y77.321 Z10.045 E4274.38026
G1 X115.111 Y78.159 Z10.049 E4275.43674
G1 X115.217 Y78.999 Z10.053 E4276.49351
G1 X115.294 Y79.843 Z10.057 E4277.54988
G1 X115.355 Y80.688 Z10.061 E4278.60660
G1 X115.385 Y81.534 Z10.066 E4279.66313
G1 X115.404 Y82.381 Z10.070 E4280.71985
G1 X115.388 Y83.228 Z10.074 E4281.77646
G1 X115.366 Y84.075 Z10.078 E4282.83320
G1 X115.306 Y84.920 Z10.082 E4283.88987
G1 X115.240 Y85.765 Z10.086 E4284.94651
G1 X115.138 Y86.606 Z10.090 E4286.00321
G1 X115.028 Y87.446 Z10.094 E4287.05979
G1 X114.883 Y88.281 Z10.098 E4288.11652
G1 X114.729 Y89.114 Z10.102 E4289.17303
G1 X114.544 Y89.940 Z10.107 E4290.22976
G1 X114.344 Y90.764 Z10.111 E4291.28622
G1 X114.118 Y91.580 Z10.115 E4292.34295
G1 X113.876 Y92.392 Z10.119 E4293.39937
G1 X113.610 Y93.196 Z10.123 E4294.45611
G1 X113.324 Y93.993 Z10.127 E4295.51252
G1 X113.019 Y94.784 Z10.131 E4296.56925
G1 X112.691 Y95.565 Z10.135 E4297.62568
G1 X112.348 Y96.339 Z10.139 E4298.68242
G1 X111.977 Y97.101 Z10.143 E4299.73888
G1 X111.596 Y97.858 Z10.148 E4300.79561
G1 X111.187 Y98.599 Z10.152 E4301.85213
G1 X110.769 Y99.336 Z10.156 E4302.90886
G1 X110.319 Y100.054 Z10.160 E4303.96546
G1 X109.865 Y100.769 Z10.164 E4305.02215
G1 X109.379 Y101.464 Z10.168 E4306.07881
G1 X108.888 Y102.154 Z10.172 E4307.13545
G1 X108.367 Y102.822 Z10.176 E4308.19218
G1 X107.841 Y103.486 Z10.180 E4309.24874
G1 X107.287 Y104.127 Z10.184 E4310.30548
G1 X106.725 Y104.761 Z10.189 E4311.36197
G1 X106.141 Y105.374 Z10.193 E4312.41869
G1 X105.547 Y105.978 Z10.197 E4313.47514
G1 X104.933 Y106.562 Z10.201 E4314.53188
G1 X104.306 Y107.132 Z10.205 E4315.58829
G1 X103.665 Y107.685 Z10.209 E4316.64502
G1 X103.009 Y108.222 Z10.213 E4317.70144
G1 X102.341 Y108.743 Z10.217 E4318.75818
G1 X101.657 Y109.242 Z10.221 E4319.81462
G1 X100.964 Y109.730 Z10.225 E4320.87135
G1 X100.255 Y110.193 Z10.230 E4321.92782
G1 X99.539 Y110.646 Z10.234 E4322.98456
G1 X98.805 Y111.070 Z10.238 E4324.04111
G1 X98.068 Y111.487 Z10.242 E4325.09784
G1 X97.313 Y111.871 Z10.246 E4326.15447
G1 X96.556 Y112.251 Z10.250 E4327.21118
G1 X95.781 Y112.594 Z10.254 E4328.26791
G1 X95.005 Y112.934 Z10.258 E4329.32453
G1 X94.215 Y113.239 Z10.262 E4330.38127
G1 X93.421 Y113.536 Z10.266 E4331.43779
G1 X92.617 Y113.801 Z10.270 E4332.49452
G1 X91.809 Y114.056 Z10.275 E4333.55100
G1 X90.992 Y114.282 Z10.279 E4334.60773
G1 X90.172 Y114.491 Z10.283 E4335.66416
G1 X89.345 Y114.677 Z10.287 E4336.72089
G1 X88.515 Y114.843 Z10.291 E4337.77731
G1 X87.680 Y114.988 Z10.295 E4338.83404
G1 X86.841 Y115.109 Z10.299 E4339.89047
G1 X86.000 Y115.212 Z10.303 E4340.94720
G1 X85.157 Y115.289 Z10.307 E4342.00364
G1 X84.312 Y115.351 Z10.311 E4343.06038
G1 X83.465 Y115.381 Z10.316 E4344.11689
G1 X82.618 Y115.402 Z10.320 E4345.17362
G1 X81.771 Y115.387 Z10.324 E4346.23018
G1 X80.924 Y115.366 Z10.328 E4347.28690
G1 X80.079 Y115.306 Z10.332 E4348.34356
G1 X79.235 Y115.241 Z10.336 E4349.40022
G1 X78.394 Y115.138 Z10.340 E4350.45692
G1 X77.554 Y115.028 Z10.344 E4351.51349
G1 X76.719 Y114.883 Z10.348 E4352.57022
G1 X75.886 Y114.729 Z10.352 E4353.62674
G1 X75.059 Y114.544 Z10.357 E4354.68347
G1 X74.236 Y114.344 Z10.361 E4355.73992
G1 X73.420 Y114.118 Z10.365 E4356.79665
G1 X72.608 Y113.876 Z10.369 E4357.85308
G1 X71.804 Y113.610 Z10.373 E4358.90982
G1 X71.006 Y113.324 Z10.377 E4359.96623
G1 X70.216 Y113.019 Z10.381 E4361.02296
G1 X69.435 Y112.691 Z10.385 E4362.07939
G1 X68.661 Y112.348 Z10.389 E4363.13612
G1 X67.899 Y111.977 Z10.393 E4364.19259
G1 X67.142 Y111.596 Z10.398 E4365.24932
G1 X66.400 Y111.187 Z10.402 E4366.30584
G1 X65.664 Y110.769 Z10.406 E4367.36257
G1 X64.945 Y110.319 Z10.410 E4368.41917
G1 X64.230 Y109.865 Z10.414 E4369.47586
G1 X63.536 Y109.379 Z10.418 E4370.53252
G1 X62.846 Y108.888 Z10.422 E4371.58916
G1 X62.178 Y108.367 Z10.426 E4372.64589
G1 X61.514 Y107.841 Z10.430 E4373.70245
G1 X60.873 Y107.287 Z10.434 E4374.75919
G1 X60.239 Y106.725 Z10.439 E4375.81567
G1 X59.625 Y106.141 Z10.443 E4376.87240
G1 X59.022 Y105.547 Z10.447 E4377.92885
G1 X58.438 Y104.933 Z10.451 E4378.98559
G1 X57.868 Y104.306 Z10.455 E4380.04200
G1 X57.315 Y103.665 Z10.459 E4381.09873
G1 X56.778 Y103.009 Z10.463 E4382.15515
G1 X56.257 Y102.341 Z10.467 E4383.21188
G1 X55.758 Y101.657 Z10.471 E4384.26833
G1 X55.270 Y100.964 Z10.475 E4385.32506
G1 X54.807 Y100.255 Z10.480 E4386.38153
G1 X54.354 Y99.539 Z10.484 E4387.43827
G1 X53.930 Y98.805 Z10.488 E4388.49482
G1 X53.513 Y98.068 Z10.492 E4389.55155
G1 X53.129 Y97.313 Z10.496 E4390.60818
G1 X52.749 Y96.556 Z10.500 E4391.66489
G1 X52.405 Y95.781 Z10.504 E4392.72162
G1 X52.066 Y95.005 Z10.508 E4393.77824
G1 X51.760 Y94.215 Z10.512 E4394.83499
G1 X51.463 Y93.422 Z10.516 E4395.89153
G1 X51.197 Y92.617 Z10.520 E4396.94824
G1 X50.946 Y91.808 Z10.525 E4398.00482
G1 X50.713 Y90.993 Z10.529 E4399.06166
G1 X50.500 Y90.174 Z10.533 E4400.11800
G1 X50.320 Y89.346 Z10.537 E4401.17483
G1 X50.157 Y88.515 Z10.541 E4402.23140
G1 X50.012 Y87.680 Z10.545 E4403.28814
G1 X49.891 Y86.841 Z10.549 E4404.34456
G1 X49.788 Y86.000 Z10.553 E4405.40129
G1 X49.711 Y85.157 Z10.557 E4406.45774
G1 X49.649 Y84.312 Z10.561 E4407.51448
G1 X49.619 Y83.465 Z10.566 E4408.57098
G1 X49.598 Y82.618 Z10.570 E4409.62771
G1 X49.613 Y81.771 Z10.574 E4410.68428
G1 X49.634 Y80.924 Z10.578 E4411.74100
G1 X49.694 Y80.079 Z10.582 E4412.79766
G1 X49.759 Y79.235 Z10.586 E4413.85432
G1 X49.862 Y78.394 Z10.590 E4414.91101
G1 X49.972 Y77.554 Z10.594 E4415.96759
G1 X50.117 Y76.719 Z10.598 E4417.02432
G1 X50.271 Y75.886 Z10.602 E4418.08083
G1 X50.456 Y75.059 Z10.607 E4419.13757
G1 X50.656 Y74.236 Z10.611 E4420.19402
G1 X50.882 Y73.420 Z10.615 E4421.25075
G1 X51.124 Y72.608 Z10.619 E4422.30718
G1 X51.390 Y71.804 Z10.623 E4423.36391
G1 X51.676 Y71.006 Z10.627 E4424.42033
G1 X51.981 Y70.216 Z10.631 E4425.47706
G1 X52.309 Y69.435 Z10.635 E4426.53348
G1 X52.652 Y68.661 Z10.639 E4427.59022
G1 X53.023 Y67.899 Z10.643 E4428.64669
G1 X53.404 Y67.142 Z10.648 E4429.70342
G1 X53.813 Y66.400 Z10.652 E4430.75993
G1 X54.231 Y65.664 Z10.656 E4431.81666
G1 X54.681 Y64.945 Z10.660 E4432.87327
G1 X55.135 Y64.230 Z10.664 E4433.92996
G1 X55.621 Y63.536 Z10.668 E4434.98662
G1 X56.112 Y62.846 Z10.672 E4436.04326
G1 X56.633 Y62.178 Z10.676 E4437.09999
G1 X57.159 Y61.514 Z10.680 E4438.15655
G1 X57.713 Y60.873 Z10.684 E4439.21329
G1 X58.275 Y60.239 Z10.689 E4440.26977
G1 X58.859 Y59.625 Z10.693 E4441.32650
G1 X59.453 Y59.022 Z10.697 E4442.38294
G1 X60.067 Y58.438 Z10.701 E4443.43968
G1 X60.694 Y57.868 Z10.705 E4444.49610
G1 X61.335 Y57.315 Z10.709 E4445.55283
G1 X61.991 Y56.778 Z10.713 E4446.60924
G1 X62.659 Y56.257 Z10.717 E4447.66598
G1 X63.343 Y55.758 Z10.721 E4448.72242
G1 X64.036 Y55.270 Z10.725 E4449.77915
G1 X64.745 Y54.807 Z10.730 E4450.83563
G1 X65.461 Y54.354 Z10.734 E4451.89236
G1 X66.195 Y53.930 Z10.738 E4452.94892
G1 X66.932 Y53.513 Z10.742 E4454.00565
G1 X67.687 Y53.129 Z10.746 E4455.06227
G1 X68.444 Y52.749 Z10.750 E4456.11898
G1 X69.219 Y52.405 Z10.754 E4457.17571
G1 X69.995 Y52.066 Z10.758 E4458.23233
G1 X70.785 Y51.761 Z10.762 E4459.28907
G1 X71.579 Y51.464 Z10.766 E4460.34560
G1 X72.383 Y51.199 Z10.770 E4461.40233
G1 X73.191 Y50.944 Z10.775 E4462.45880
G1 X74.008 Y50.718 Z10.779 E4463.51554
G1 X74.828 Y50.509 Z10.783 E4464.57197
G1 X75.655 Y50.323 Z10.787 E4465.62870
G1 X76.486 Y50.157 Z10.791 E4466.68511
G1 X77.320 Y50.012 Z10.795 E4467.74185
G1 X78.159 Y49.891 Z10.799 E4468.79827
G1 X79.000 Y49.788 Z10.803 E4469.85500
G1 X79.843 Y49.711 Z10.807 E4470.91145
G1 X80.688 Y49.649 Z10.811 E4471.96818
G1 X81.535 Y49.619 Z10.816 E4473.02469
G1 X82.382 Y49.598 Z10.820 E4474.08142
G1 X83.229 Y49.613 Z10.824 E4475.13799
G1 X84.076 Y49.634 Z10.828 E4476.19470
G1 X84.921 Y49.694 Z10.832 E4477.25137
G1 X85.765 Y49.759 Z10.836 E4478.30802
G1 X86.606 Y49.862 Z10.840 E4479.36472
G1 X87.446 Y49.972 Z10.844 E4480.42130
G1 X88.281 Y50.117 Z10.848 E4481.47803
G1 X89.114 Y50.271 Z10.852 E4482.53454
G1 X89.941 Y50.456 Z10.857 E4483.59128
G1 X90.764 Y50.656 Z10.861 E4484.64773
G1 X91.581 Y50.882 Z10.865 E4485.70446
G1 X92.392 Y51.124 Z10.869 E4486.76088
G1 X93.197 Y51.390 Z10.873 E4487.81762
G1 X93.994 Y51.676 Z10.877 E4488.87404
G1 X94.784 Y51.981 Z10.881 E4489.93077
G1 X95.565 Y52.309 Z10.885 E4490.98719
G1 X96.340 Y52.653 Z10.889 E4492.04393
G1 X97.102 Y53.023 Z10.893 E4493.10040
G1 X97.858 Y53.404 Z10.898 E4494.15713
G1 X98.600 Y53.813 Z10.902 E4495.21364
G1 X99.337 Y54.231 Z10.906 E4496.27037
G1 X100.055 Y54.681 Z10.910 E4497.32698
G1 X100.770 Y55.135 Z10.914 E4498.38367
G1 X101.464 Y55.621 Z10.918 E4499.44033
G1 X102.154 Y56.112 Z10.922 E4500.49696
G1 X102.822 Y56.633 Z10.926 E4501.55369
G1 X103.486 Y57.160 Z10.930 E4502.61026
G1 X104.127 Y57.713 Z10.934 E4503.66700
G1 X104.761 Y58.275 Z10.939 E4504.72348
G1 X105.375 Y58.859 Z10.943 E4505.78021
G1 X105.978 Y59.454 Z10.947 E4506.83665
G1 X106.562 Y60.067 Z10.951 E4507.89339
G1 X107.132 Y60.694 Z10.955 E4508.94981
G1 X107.686 Y61.336 Z10.959 E4510.00654
G1 X108.222 Y61.991 Z10.963 E4511.06295
G1 X108.743 Y62.659 Z10.967 E4512.11969
G1 X109.242 Y63.343 Z10.971 E4513.17613
G1 X109.730 Y64.036 Z10.975 E4514.23286
G1 X110.193 Y64.745 Z10.980 E4515.28934
G1 X110.646 Y65.461 Z10.984 E4516.34607
G1 X111.070 Y66.195 Z10.988 E4517.40263
G1 X111.487 Y66.932 Z10.992 E4518.45936
G1 X111.871 Y67.687 Z10.996 E4519.51598
G1 X112.251 Y68.444 Z11.000 E4520.57269
;LAYER:10
;TYPE:WALL-OUTER
G1 X113.690 Y69.638 Z11.000 E4522.90499
G1 X114.003 Y70.449 Z11.004 E4523.98850
G1 X114.308 Y71.262 Z11.008 E4525.07181
G1 X114.580 Y72.087 Z11.012 E4526.15530
G1 X114.844 Y72.915 Z11.016 E4527.23859
G1 X115.076 Y73.752 Z11.020 E4528.32210
G1 X115.292 Y74.593 Z11.025 E4529.40530
G1 X115.482 Y75.441 Z11.029 E4530.48879
G1 X115.656 Y76.292 Z11.033 E4531.57199
G1 X115.805 Y77.147 Z11.037 E4532.65551
G1 X115.933 Y78.006 Z11.041 E4533.73885
G1 X116.046 Y78.868 Z11.045 E4534.82246
G1 X116.125 Y79.733 Z11.049 E4535.90550
G1 X116.181 Y80.600 Z11.053 E4536.98909
G1 X116.219 Y81.467 Z11.057 E4538.07251
G1 X116.238 Y82.336 Z11.061 E4539.15597
G1 X116.224 Y83.204 Z11.066 E4540.23929
G1 X116.201 Y84.073 Z11.070 E4541.32285
G1 X116.139 Y84.939 Z11.074 E4542.40628
G1 X116.075 Y85.806 Z11.078 E4543.48975
G1 X115.971 Y86.668 Z11.082 E4544.57320
G1 X115.859 Y87.529 Z11.086 E4545.65656
G1 X115.710 Y88.385 Z11.090 E4546.74006
G1 X115.556 Y89.240 Z11.094 E4547.82339
G1 X115.365 Y90.088 Z11.098 E4548.90690
G1 X115.162 Y90.932 Z11.102 E4549.99013
G1 X114.930 Y91.769 Z11.107 E4551.07362
G1 X114.685 Y92.602 Z11.111 E4552.15683
G1 X114.412 Y93.427 Z11.115 E4553.24034
G1 X114.120 Y94.245 Z11.119 E4554.32352
G1 X113.807 Y95.055 Z11.123 E4555.40702
G1 X113.474 Y95.857 Z11.127 E4556.49020
G1 X113.121 Y96.651 Z11.131 E4557.57371
G1 X112.743 Y97.433 Z11.135 E4558.65693
G1 X112.352 Y98.209 Z11.139 E4559.74042
G1 X111.935 Y98.970 Z11.143 E4560.82366
G1 X111.507 Y99.726 Z11.148 E4561.90717
G1 X111.046 Y100.463 Z11.152 E4562.99053
G1 X110.581 Y101.197 Z11.156 E4564.07401
G1 X110.085 Y101.909 Z11.160 E4565.15739
G1 X109.583 Y102.618 Z11.164 E4566.24083
G1 X109.048 Y103.303 Z11.168 E4567.32432
G1 X108.511 Y103.985 Z11.172 E4568.40772
G1 X107.943 Y104.643 Z11.176 E4569.49123
G1 X107.368 Y105.294 Z11.180 E4570.57449
G1 X106.769 Y105.923 Z11.184 E4571.65799
G1 X106.162 Y106.544 Z11.189 E4572.74123
G1 X105.532 Y107.143 Z11.193 E4573.82474
G1 X104.891 Y107.728 Z11.197 E4574.90793
G1 X104.233 Y108.295 Z11.201 E4575.99142
G1 X103.562 Y108.847 Z11.205 E4577.07460
G1 X102.878 Y109.382 Z11.209 E4578.15811
G1 X102.177 Y109.895 Z11.213 E4579.24131
G1 X101.467 Y110.395 Z11.217 E4580.32481
G1 X100.741 Y110.872 Z11.221 E4581.40801
G1 X100.007 Y111.337 Z11.225 E4582.49152
G1 X99.255 Y111.772 Z11.230 E4583.57482
G1 X98.499 Y112.200 Z11.234 E4584.65832
G1 X97.727 Y112.597 Z11.238 E4585.74165
G1 X96.951 Y112.987 Z11.242 E4586.82516
G1 X96.156 Y113.339 Z11.246 E4587.90865
G1 X95.362 Y113.690 Z11.250 E4588.99212
G1 X94.551 Y114.003 Z11.254 E4590.07563
G1 X93.738 Y114.308 Z11.258 E4591.15894
G1 X92.913 Y114.580 Z11.262 E4592.24244
G1 X92.086 Y114.844 Z11.266 E4593.32572
G1 X91.248 Y115.076 Z11.270 E4594.40923
G1 X90.407 Y115.292 Z11.275 E4595.49243
G1 X89.560 Y115.482 Z11.279 E4596.57593
G1 X88.709 Y115.656 Z11.283 E4597.65912
G1 X87.853 Y115.804 Z11.287 E4598.74263
G1 X86.993 Y115.929 Z11.291 E4599.82581
G1 X86.131 Y116.035 Z11.295 E4600.90931
G1 X85.267 Y116.117 Z11.299 E4601.99249
G1 X84.400 Y116.181 Z11.303 E4603.07600
G1 X83.532 Y116.212 Z11.307 E4604.15926
G1 X82.664 Y116.234 Z11.311 E4605.24276
G1 X81.795 Y116.222 Z11.316 E4606.32603
G1 X80.927 Y116.201 Z11.320 E4607.40954
G1 X80.060 Y116.139 Z11.324 E4608.49296
G1 X79.194 Y116.075 Z11.328 E4609.57644
G1 X78.332 Y115.971 Z11.332 E4610.65988
G1 X77.470 Y115.859 Z11.336 E4611.74325
G1 X76.614 Y115.710 Z11.340 E4612.82675
G1 X75.760 Y115.556 Z11.344 E4613.91008
G1 X74.912 Y115.365 Z11.348 E4614.99359
G1 X74.068 Y115.162 Z11.352 E4616.07682
G1 X73.231 Y114.930 Z11.357 E4617.16032
G1 X72.398 Y114.685 Z11.361 E4618.24353
G1 X71.573 Y114.412 Z11.365 E4619.32704
G1 X70.755 Y114.119 Z11.369 E4620.41021
G1 X69.945 Y113.807 Z11.373 E4621.49371
G1 X69.143 Y113.473 Z11.377 E4622.57689
G1 X68.348 Y113.121 Z11.381 E4623.66040
G1 X67.567 Y112.743 Z11.385 E4624.74362
G1 X66.791 Y112.352 Z11.389 E4625.82712
G1 X66.029 Y111.935 Z11.393 E4626.91035
G1 X65.273 Y111.506 Z11.398 E4627.99386
G1 X64.537 Y111.046 Z11.402 E4629.07722
G1 X63.803 Y110.581 Z11.406 E4630.16071
G1 X63.090 Y110.085 Z11.410 E4631.24409
G1 X62.382 Y109.582 Z11.414 E4632.32752
G1 X61.697 Y109.048 Z11.418 E4633.41102
G1 X61.014 Y108.511 Z11.422 E4634.49442
G1 X60.357 Y107.943 Z11.426 E4635.57792
G1 X59.706 Y107.368 Z11.430 E4636.66119
G1 X59.077 Y106.769 Z11.434 E4637.74468
G1 X58.456 Y106.161 Z11.439 E4638.82793
G1 X57.857 Y105.532 Z11.443 E4639.91144
G1 X57.272 Y104.890 Z11.447 E4640.99462
G1 X56.705 Y104.233 Z11.451 E4642.07812
G1 X56.152 Y103.562 Z11.455 E4643.16130
G1 X55.618 Y102.877 Z11.459 E4644.24480
G1 X55.105 Y102.177 Z11.463 E4645.32800
G1 X54.605 Y101.466 Z11.467 E4646.41150
G1 X54.128 Y100.741 Z11.471 E4647.49471
G1 X53.663 Y100.007 Z11.475 E4648.57821
G1 X53.228 Y99.255 Z11.480 E4649.66152
G1 X52.800 Y98.499 Z11.484 E4650.74501
G1 X52.403 Y97.726 Z11.488 E4651.82834
G1 X52.013 Y96.950 Z11.492 E4652.91185
G1 X51.661 Y96.156 Z11.496 E4653.99535
G1 X51.310 Y95.362 Z11.500 E4655.07882
G1 X50.996 Y94.551 Z11.504 E4656.16235
G1 X50.690 Y93.738 Z11.508 E4657.24568
G1 X50.417 Y92.914 Z11.512 E4658.32915
G1 X50.159 Y92.085 Z11.516 E4659.41258
G1 X49.917 Y91.250 Z11.520 E4660.49627
G1 X49.695 Y90.410 Z11.525 E4661.57934
G1 X49.513 Y89.561 Z11.529 E4662.66301
G1 X49.344 Y88.709 Z11.533 E4663.74642
G1 X49.196 Y87.853 Z11.537 E4664.82993
G1 X49.071 Y86.993 Z11.541 E4665.91311
G1 X48.965 Y86.131 Z11.545 E4666.99661
G1 X48.883 Y85.267 Z11.549 E4668.07979
G1 X48.819 Y84.400 Z11.553 E4669.16330
G1 X48.788 Y83.532 Z11.557 E4670.24656
G1 X48.766 Y82.664 Z11.561 E4671.33006
G1 X48.778 Y81.795 Z11.566 E4672.41333
G1 X48.799 Y80.927 Z11.570 E4673.49684
G1 X48.861 Y80.061 Z11.574 E4674.58026
G1 X48.925 Y79.194 Z11.578 E4675.66374
G1 X49.029 Y78.332 Z11.582 E4676.74718
G1 X49.141 Y77.470 Z11.586 E4677.83055
G1 X49.290 Y76.615 Z11.590 E4678.91405
G1 X49.444 Y75.760 Z11.594 E4679.99738
G1 X49.635 Y74.912 Z11.598 E4681.08089
G1 X49.838 Y74.068 Z11.602 E4682.16412
G1 X50.070 Y73.231 Z11.607 E4683.24761
G1 X50.315 Y72.397 Z11.611 E4684.33085
G1 X50.586 Y71.572 Z11.615 E4685.41438
G1 X50.879 Y70.754 Z11.619 E4686.49753
G1 X51.193 Y69.945 Z11.623 E4687.58105
G1 X51.526 Y69.143 Z11.627 E4688.66429
G1 X51.878 Y68.348 Z11.631 E4689.74779
G1 X52.257 Y67.567 Z11.635 E4690.83102
G1 X52.648 Y66.791 Z11.639 E4691.91452
G1 X53.065 Y66.029 Z11.643 E4692.99776
G1 X53.493 Y65.274 Z11.648 E4694.08127
G1 X53.954 Y64.537 Z11.652 E4695.16462
G1 X54.419 Y63.803 Z11.656 E4696.24811
G1 X54.915 Y63.090 Z11.660 E4697.33149
G1 X55.418 Y62.382 Z11.664 E4698.41492
G1 X55.952 Y61.697 Z11.668 E4699.49842
G1 X56.489 Y61.014 Z11.672 E4700.58182
G1 X57.057 Y60.357 Z11.676 E4701.66533
G1 X57.632 Y59.706 Z11.680 E4702.74859
G1 X58.231 Y59.077 Z11.684 E4703.83209
G1 X58.839 Y58.456 Z11.689 E4704.91533
G1 X59.468 Y57.857 Z11.693 E4705.99884
G1 X60.110 Y57.272 Z11.697 E4707.08202
G1 X60.767 Y56.705 Z11.701 E4708.16552
G1 X61.438 Y56.152 Z11.705 E4709.24870
G1 X62.123 Y55.618 Z11.709 E4710.33221
G1 X62.823 Y55.105 Z11.713 E4711.41540
G1 X63.534 Y54.605 Z11.717 E4712.49890
G1 X64.259 Y54.128 Z11.721 E4713.58211
G1 X64.993 Y53.663 Z11.725 E4714.66562
G1 X65.745 Y53.228 Z11.730 E4715.74892
G1 X66.501 Y52.800 Z11.734 E4716.83242
G1 X67.274 Y52.403 Z11.738 E4717.91574
G1 X68.049 Y52.013 Z11.742 E4718.99925
G1 X68.844 Y51.661 Z11.746 E4720.08275
G1 X69.638 Y51.310 Z11.750 E4721.16622
G1 X70.449 Y50.997 Z11.754 E4722.24973
G1 X71.262 Y50.692 Z11.758 E4723.33304
G1 X72.087 Y50.420 Z11.762 E4724.41654
G1 X72.914 Y50.156 Z11.766 E4725.49982
G1 X73.752 Y49.924 Z11.770 E4726.58333
G1 X74.593 Y49.708 Z11.775 E4727.66653
G1 X75.440 Y49.518 Z11.779 E4728.75003
G1 X76.291 Y49.344 Z11.783 E4729.83322
G1 X77.147 Y49.196 Z11.787 E4730.91672
G1 X78.007 Y49.071 Z11.791 E4731.99991
G1 X78.869 Y48.965 Z11.795 E4733.08340
G1 X79.734 Y48.883 Z11.799 E4734.16659
G1 X80.600 Y48.819 Z11.803 E4735.25010
G1 X81.468 Y48.788 Z11.807 E4736.33336
G1 X82.336 Y48.766 Z11.811 E4737.41685
G1 X83.205 Y48.778 Z11.816 E4738.50013
G1 X84.073 Y48.799 Z11.820 E4739.58364
G1 X84.940 Y48.861 Z11.824 E4740.66706
G1 X85.806 Y48.925 Z11.828 E4741.75054
G1 X86.668 Y49.029 Z11.832 E4742.83398
G1 X87.530 Y49.141 Z11.836 E4743.91735
G1 X88.386 Y49.290 Z11.840 E4745.00084
G1 X89.240 Y49.444 Z11.844 E4746.08418
G1 X90.088 Y49.635 Z11.848 E4747.16769
G1 X90.932 Y49.838 Z11.852 E4748.25091
G1 X91.769 Y50.070 Z11.857 E4749.33441
G1 X92.603 Y50.315 Z11.861 E4750.41762
G1 X93.427 Y50.588 Z11.865 E4751.50113
G1 X94.245 Y50.881 Z11.869 E4752.58431
G1 X95.056 Y51.193 Z11.873 E4753.66781
G1 X95.857 Y51.527 Z11.877 E4754.75099
G1 X96.652 Y51.879 Z11.881 E4755.83449
G1 X97.433 Y52.257 Z11.885 E4756.91772
G1 X98.209 Y52.648 Z11.889 E4758.00121
G1 X98.971 Y53.065 Z11.893 E4759.08445
G1 X99.727 Y53.494 Z11.898 E4760.16796
G1 X100.463 Y53.954 Z11.902 E4761.25132
G1 X101.197 Y54.419 Z11.906 E4762.33480
G1 X101.910 Y54.915 Z11.910 E4763.41818
G1 X102.618 Y55.418 Z11.914 E4764.50162
G1 X103.303 Y55.952 Z11.918 E4765.58511
G1 X103.986 Y56.490 Z11.922 E4766.66851
G1 X104.643 Y57.057 Z11.926 E4767.75202
G1 X105.294 Y57.632 Z11.930 E4768.83528
G1 X105.923 Y58.231 Z11.934 E4769.91878
G1 X106.544 Y58.839 Z11.939 E4771.00202
G1 X107.143 Y59.468 Z11.943 E4772.08553
G1 X107.728 Y60.110 Z11.947 E4773.16872
G1 X108.295 Y60.768 Z11.951 E4774.25221
G1 X108.848 Y61.438 Z11.955 E4775.33539
G1 X109.382 Y62.123 Z11.959 E4776.41890
G1 X109.895 Y62.823 Z11.963 E4777.50210
G1 X110.395 Y63.534 Z11.967 E4778.58560
G1 X110.872 Y64.259 Z11.971 E4779.66880
G1 X111.337 Y64.993 Z11.975 E4780.75231
G1 X111.772 Y65.745 Z11.980 E4781.83561
G1 X112.200 Y66.501 Z11.984 E4782.91911
G1 X112.597 Y67.274 Z11.988 E4784.00244
G1 X112.987 Y68.050 Z11.992 E4785.08595
G1 X113.339 Y68.844 Z11.996 E4786.16944
G1 X113.690 Y69.638 Z12.000 E4787.25291
;LAYER:11
;TYPE:WALL-OUTER
G1 X113.727 Y67.678 Z12.000 E4789.69838
G1 X114.089 Y68.491 Z12.004 E4790.80844
G1 X114.449 Y69.305 Z12.008 E4791.91854
G1 X114.769 Y70.136 Z12.012 E4793.02864
G1 X115.083 Y70.968 Z12.016 E4794.13856
G1 X115.362 Y71.814 Z12.020 E4795.24866
G1 X115.633 Y72.661 Z12.025 E4796.35855
G1 X115.871 Y73.519 Z12.029 E4797.46866
G1 X116.093 Y74.380 Z12.033 E4798.57845
G1 X116.288 Y75.249 Z12.037 E4799.68855
G1 X116.466 Y76.121 Z12.041 E4800.79833
G1 X116.619 Y76.998 Z12.045 E4801.90844
G1 X116.752 Y77.877 Z12.049 E4803.01843
G1 X116.870 Y78.760 Z12.053 E4804.12870
G1 X116.949 Y79.646 Z12.057 E4805.23829
G1 X117.003 Y80.534 Z12.061 E4806.34858
G1 X117.047 Y81.423 Z12.066 E4807.45872
G1 X117.066 Y82.313 Z12.070 E4808.56875
G1 X117.052 Y83.203 Z12.074 E4809.67864
G1 X117.028 Y84.093 Z12.078 E4810.78881
G1 X116.967 Y84.980 Z12.082 E4811.89881
G1 X116.901 Y85.868 Z12.086 E4813.00890
G1 X116.794 Y86.752 Z12.090 E4814.11894
G1 X116.681 Y87.634 Z12.094 E4815.22892
G1 X116.529 Y88.511 Z12.098 E4816.33900
G1 X116.371 Y89.387 Z12.102 E4817.44894
G1 X116.176 Y90.255 Z12.107 E4818.55904
G1 X115.969 Y91.121 Z12.111 E4819.66887
G1 X115.731 Y91.979 Z12.115 E4820.77896
G1 X115.481 Y92.832 Z12.119 E4821.88877
G1 X115.201 Y93.677 Z12.123 E4822.99888
G1 X114.903 Y94.516 Z12.127 E4824.10864
G1 X114.582 Y95.346 Z12.131 E4825.21874
G1 X114.241 Y96.168 Z12.135 E4826.32850
G1 X113.881 Y96.981 Z12.139 E4827.43861
G1 X113.494 Y97.783 Z12.143 E4828.54841
G1 X113.093 Y98.578 Z12.148 E4829.65850
G1 X112.667 Y99.358 Z12.152 E4830.76832
G1 X112.228 Y100.133 Z12.156 E4831.87842
G1 X111.757 Y100.888 Z12.160 E4832.98835
G1 X111.281 Y101.640 Z12.164 E4834.09844
G1 X110.773 Y102.371 Z12.168 E4835.20840
G1 X110.258 Y103.097 Z12.172 E4836.31843
G1 X109.711 Y103.799 Z12.176 E4837.42851
G1 X109.161 Y104.499 Z12.180 E4838.53853
G1 X108.580 Y105.172 Z12.184 E4839.64863
G1 X107.991 Y105.840 Z12.189 E4840.75850
G1 X107.377 Y106.484 Z12.193 E4841.86859
G1 X106.756 Y107.121 Z12.197 E4842.97844
G1 X106.111 Y107.735 Z12.201 E4844.08854
G1 X105.454 Y108.335 Z12.205 E4845.19832
G1 X104.780 Y108.916 Z12.209 E4846.30842
G1 X104.094 Y109.483 Z12.213 E4847.41819
G1 X103.393 Y110.030 Z12.217 E4848.52829
G1 X102.675 Y110.557 Z12.221 E4849.63807
G1 X101.947 Y111.069 Z12.225 E4850.74816
G1 X101.205 Y111.559 Z12.230 E4851.85795
G1 X100.452 Y112.035 Z12.234 E4852.96806
G1 X99.683 Y112.481 Z12.238 E4854.07793
G1 X98.908 Y112.920 Z12.242 E4855.18803
G1 X98.117 Y113.327 Z12.246 E4856.29792
G1 X97.322 Y113.727 Z12.250 E4857.40803
G1 X96.509 Y114.089 Z12.254 E4858.51809
G1 X95.695 Y114.449 Z12.258 E4859.62819
G1 X94.865 Y114.769 Z12.262 E4860.73829
G1 X94.032 Y115.083 Z12.266 E4861.84821
G1 X93.187 Y115.362 Z12.270 E4862.95831
G1 X92.339 Y115.633 Z12.275 E4864.06820
G1 X91.481 Y115.870 Z12.279 E4865.17830
G1 X90.620 Y116.093 Z12.283 E4866.28810
G1 X89.751 Y116.288 Z12.287 E4867.39820
G1 X88.880 Y116.467 Z12.291 E4868.50798
G1 X88.003 Y116.619 Z12.295 E4869.61808
G1 X87.122 Y116.747 Z12.299 E4870.72785
G1 X86.239 Y116.856 Z12.303 E4871.83795
G1 X85.353 Y116.941 Z12.307 E4872.94772
G1 X84.466 Y117.006 Z12.311 E4874.05782
G1 X83.576 Y117.040 Z12.316 E4875.16765
G1 X82.687 Y117.061 Z12.320 E4876.27775
G1 X81.797 Y117.050 Z12.324 E4877.38760
G1 X80.907 Y117.028 Z12.328 E4878.49770
G1 X80.019 Y116.966 Z12.332 E4879.60769
G1 X79.132 Y116.901 Z12.336 E4880.71779
G1 X78.248 Y116.794 Z12.340 E4881.82781
G1 X77.365 Y116.681 Z12.344 E4882.93779
G1 X76.488 Y116.529 Z12.348 E4884.04787
G1 X75.613 Y116.371 Z12.352 E4885.15782
G1 X74.744 Y116.176 Z12.357 E4886.26793
G1 X73.879 Y115.969 Z12.361 E4887.37775
G1 X73.021 Y115.731 Z12.365 E4888.48785
G1 X72.167 Y115.481 Z12.369 E4889.59766
G1 X71.322 Y115.201 Z12.373 E4890.70777
G1 X70.484 Y114.902 Z12.377 E4891.81753
G1 X69.654 Y114.582 Z12.381 E4892.92763
G1 X68.832 Y114.241 Z12.385 E4894.03739
G1 X68.018 Y113.881 Z12.389 E4895.14750
G1 X67.217 Y113.494 Z12.393 E4896.25730
G1 X66.422 Y113.093 Z12.398 E4897.36739
G1 X65.641 Y112.667 Z12.402 E4898.47721
G1 X64.867 Y112.228 Z12.406 E4899.58731
G1 X64.112 Y111.757 Z12.410 E4900.69724
G1 X63.360 Y111.281 Z12.414 E4901.80733
G1 X62.629 Y110.773 Z12.418 E4902.91729
G1 X61.903 Y110.258 Z12.422 E4904.02732
G1 X61.201 Y109.711 Z12.426 E4905.13740
G1 X60.501 Y109.161 Z12.430 E4906.24742
G1 X59.827 Y108.580 Z12.434 E4907.35752
G1 X59.160 Y107.991 Z12.439 E4908.46739
G1 X58.516 Y107.377 Z12.443 E4909.57748
G1 X57.879 Y106.756 Z12.447 E4910.68733
G1 X57.265 Y106.111 Z12.451 E4911.79743
G1 X56.665 Y105.454 Z12.455 E4912.90721
G1 X56.084 Y104.780 Z12.459 E4914.01731
G1 X55.517 Y104.094 Z12.463 E4915.12708
G1 X54.970 Y103.392 Z12.467 E4916.23718
G1 X54.443 Y102.675 Z12.471 E4917.34696
G1 X53.931 Y101.947 Z12.475 E4918.45705
G1 X53.441 Y101.204 Z12.480 E4919.56684
G1 X52.965 Y100.452 Z12.484 E4920.67695
G1 X52.519 Y99.683 Z12.488 E4921.78682
G1 X52.080 Y98.908 Z12.492 E4922.89692
G1 X51.673 Y98.117 Z12.496 E4924.00681
G1 X51.273 Y97.322 Z12.500 E4925.11692
G1 X50.911 Y96.509 Z12.504 E4926.22698
G1 X50.551 Y95.695 Z12.508 E4927.33708
G1 X50.230 Y94.865 Z12.512 E4928.44720
G1 X49.916 Y94.032 Z12.516 E4929.55713
G1 X49.636 Y93.187 Z12.520 E4930.66721
G1 X49.369 Y92.338 Z12.525 E4931.77719
G1 X49.125 Y91.482 Z12.529 E4932.88739
G1 X48.899 Y90.622 Z12.533 E4933.99710
G1 X48.709 Y89.752 Z12.537 E4935.10730
G1 X48.533 Y88.880 Z12.541 E4936.21723
G1 X48.381 Y88.003 Z12.545 E4937.32733
G1 X48.253 Y87.122 Z12.549 E4938.43710
G1 X48.144 Y86.239 Z12.553 E4939.54719
G1 X48.059 Y85.353 Z12.557 E4940.65696
G1 X47.994 Y84.466 Z12.561 E4941.76707
G1 X47.960 Y83.576 Z12.566 E4942.87690
G1 X47.939 Y82.687 Z12.570 E4943.98700
G1 X47.950 Y81.797 Z12.574 E4945.09685
G1 X47.972 Y80.907 Z12.578 E4946.20695
G1 X48.034 Y80.019 Z12.582 E4947.31694
G1 X48.099 Y79.132 Z12.586 E4948.42704
G1 X48.206 Y78.248 Z12.590 E4949.53706
G1 X48.319 Y77.365 Z12.594 E4950.64703
G1 X48.471 Y76.488 Z12.598 E4951.75712
G1 X48.629 Y75.613 Z12.602 E4952.86707
G1 X48.824 Y74.744 Z12.607 E4953.97717
G1 X49.031 Y73.879 Z12.611 E4955.08700
G1 X49.269 Y73.021 Z12.615 E4956.19710
G1 X49.518 Y72.167 Z12.619 E4957.30701
G1 X49.792 Y71.320 Z12.623 E4958.41722
G1 X50.090 Y70.482 Z12.627 E4959.52688
G1 X50.417 Y69.654 Z12.631 E4960.63709
G1 X50.757 Y68.831 Z12.635 E4961.74709
G1 X51.118 Y68.018 Z12.639 E4962.85718
G1 X51.506 Y67.217 Z12.643 E4963.96699
G1 X51.906 Y66.422 Z12.648 E4965.07710
G1 X52.333 Y65.641 Z12.652 E4966.18692
G1 X52.772 Y64.867 Z12.656 E4967.29703
G1 X53.243 Y64.112 Z12.660 E4968.40695
G1 X53.719 Y63.360 Z12.664 E4969.51705
G1 X54.227 Y62.629 Z12.668 E4970.62700
G1 X54.742 Y61.903 Z12.672 E4971.73704
G1 X55.289 Y61.201 Z12.676 E4972.84711
G1 X55.839 Y60.501 Z12.680 E4973.95713
G1 X56.420 Y59.827 Z12.684 E4975.06724
G1 X57.009 Y59.160 Z12.689 E4976.17710
G1 X57.623 Y58.516 Z12.693 E4977.28720
G1 X58.244 Y57.879 Z12.697 E4978.39705
G1 X58.889 Y57.265 Z12.701 E4979.50715
G1 X59.546 Y56.665 Z12.705 E4980.61693
G1 X60.220 Y56.084 Z12.709 E4981.72702
G1 X60.906 Y55.517 Z12.713 E4982.83679
G1 X61.608 Y54.970 Z12.717 E4983.94690
G1 X62.325 Y54.443 Z12.721 E4985.05667
G1 X63.053 Y53.931 Z12.725 E4986.16677
G1 X63.796 Y53.441 Z12.730 E4987.27656
G1 X64.548 Y52.965 Z12.734 E4988.38666
G1 X65.317 Y52.519 Z12.738 E4989.49654
G1 X66.092 Y52.080 Z12.742 E4990.60663
G1 X66.883 Y51.673 Z12.746 E4991.71653
G1 X67.678 Y51.273 Z12.750 E4992.82663
G1 X68.491 Y50.911 Z12.754 E4993.93670
G1 X69.305 Y50.551 Z12.758 E4995.04679
G1 X70.135 Y50.231 Z12.762 E4996.15690
G1 X70.968 Y49.917 Z12.766 E4997.26682
G1 X71.813 Y49.637 Z12.770 E4998.37694
G1 X72.660 Y49.364 Z12.775 E4999.48683
G1 X73.519 Y49.129 Z12.779 E5000.59695
G1 X74.381 Y48.908 Z12.783 E5001.70682
G1 X75.249 Y48.711 Z12.787 E5002.81690
G1 X76.120 Y48.533 Z12.791 E5003.92668
G1 X76.997 Y48.381 Z12.795 E5005.03679
G1 X77.878 Y48.253 Z12.799 E5006.14658
G1 X78.761 Y48.144 Z12.803 E5007.25667
G1 X79.647 Y48.059 Z12.807 E5008.36644
G1 X80.534 Y47.994 Z12.811 E5009.47655
G1 X81.424 Y47.960 Z12.816 E5010.58638
G1 X82.313 Y47.939 Z12.820 E5011.69647
G1 X83.203 Y47.950 Z12.824 E5012.80632
G1 X84.093 Y47.972 Z12.828 E5013.91643
G1 X84.981 Y48.034 Z12.832 E5015.02642
G1 X85.868 Y48.099 Z12.836 E5016.13651
G1 X86.752 Y48.205 Z12.840 E5017.24654
G1 X87.635 Y48.319 Z12.844 E5018.35651
G1 X88.512 Y48.471 Z12.848 E5019.46660
G1 X89.387 Y48.629 Z12.852 E5020.57655
G1 X90.256 Y48.824 Z12.857 E5021.68665
G1 X91.121 Y49.031 Z12.861 E5022.79648
G1 X91.979 Y49.269 Z12.865 E5023.90657
G1 X92.833 Y49.519 Z12.869 E5025.01639
G1 X93.678 Y49.799 Z12.873 E5026.12649
G1 X94.516 Y50.098 Z12.877 E5027.23626
G1 X95.346 Y50.418 Z12.881 E5028.34635
G1 X96.168 Y50.759 Z12.885 E5029.45612
G1 X96.982 Y51.119 Z12.889 E5030.56622
G1 X97.783 Y51.506 Z12.893 E5031.67602
G1 X98.578 Y51.907 Z12.898 E5032.78612
G1 X99.359 Y52.333 Z12.902 E5033.89593
G1 X100.133 Y52.772 Z12.906 E5035.00603
G1 X100.888 Y53.243 Z12.910 E5036.11596
G1 X101.640 Y53.719 Z12.914 E5037.22606
G1 X102.371 Y54.227 Z12.918 E5038.33601
G1 X103.097 Y54.742 Z12.922 E5039.44605
G1 X103.799 Y55.289 Z12.926 E5040.55612
G1 X104.499 Y55.839 Z12.930 E5041.66614
G1 X105.173 Y56.420 Z12.934 E5042.77624
G1 X105.840 Y57.009 Z12.939 E5043.88611
G1 X106.484 Y57.623 Z12.943 E5044.99621
G1 X107.121 Y58.244 Z12.947 E5046.10605
G1 X107.735 Y58.889 Z12.951 E5047.21616
G1 X108.335 Y59.546 Z12.955 E5048.32593
G1 X108.916 Y60.220 Z12.959 E5049.43603
G1 X109.483 Y60.906 Z12.963 E5050.54580
G1 X110.030 Y61.608 Z12.967 E5051.65590
G1 X110.557 Y62.325 Z12.971 E5052.76568
G1 X111.069 Y63.053 Z12.975 E5053.87578
G1 X111.559 Y63.796 Z12.980 E5054.98557
G1 X112.035 Y64.548 Z12.984 E5056.09567
G1 X112.481 Y65.317 Z12.988 E5057.20554
G1 X112.920 Y66.092 Z12.992 E5058.31564
G1 X113.327 Y66.883 Z12.996 E5059.42554
G1 X113.727 Y67.678 Z13.000 E5060.53564
;LAYER:12
;TYPE:WALL-OUTER
G1 X115.190 Y68.962 Z13.000 E5062.96265
G1 X115.520 Y69.811 Z13.004 E5064.09904
G1 X115.847 Y70.661 Z13.008 E5065.23531
G1 X116.130 Y71.527 Z13.012 E5066.37170
G1 X116.406 Y72.395 Z13.016 E5067.50793
G1 X116.651 Y73.273 Z13.020 E5068.64433
G1 X116.884 Y74.153 Z13.025 E5069.78038
G1 X117.080 Y75.043 Z13.029 E5070.91677
G1 X117.262 Y75.936 Z13.033 E5072.05291
G1 X117.420 Y76.833 Z13.037 E5073.18930
G1 X117.560 Y77.733 Z13.041 E5074.32545
G1 X117.676 Y78.637 Z13.045 E5075.46195
G1 X117.759 Y79.544 Z13.049 E5076.59796
G1 X117.820 Y80.453 Z13.053 E5077.73447
G1 X117.863 Y81.363 Z13.057 E5078.87071
G1 X117.881 Y82.274 Z13.061 E5080.00704
G1 X117.869 Y83.185 Z13.066 E5081.14327
G1 X117.848 Y84.096 Z13.070 E5082.27970
G1 X117.787 Y85.005 Z13.074 E5083.41585
G1 X117.717 Y85.913 Z13.078 E5084.55223
G1 X117.610 Y86.818 Z13.082 E5085.68859
G1 X117.498 Y87.722 Z13.086 E5086.82490
G1 X117.341 Y88.619 Z13.090 E5087.96122
G1 X117.177 Y89.516 Z13.094 E5089.09748
G1 X116.980 Y90.405 Z13.098 E5090.23388
G1 X116.773 Y91.292 Z13.102 E5091.36999
G1 X116.528 Y92.170 Z13.107 E5092.50638
G1 X116.270 Y93.043 Z13.111 E5093.64254
G1 X115.987 Y93.909 Z13.115 E5094.77894
G1 X115.685 Y94.768 Z13.119 E5095.91491
G1 X115.354 Y95.617 Z13.123 E5097.05130
G1 X115.005 Y96.459 Z13.127 E5098.18744
G1 X114.638 Y97.293 Z13.131 E5099.32383
G1 X114.245 Y98.114 Z13.135 E5100.45979
G1 X113.833 Y98.927 Z13.139 E5101.59619
G1 X113.397 Y99.727 Z13.143 E5102.73236
G1 X112.950 Y100.521 Z13.148 E5103.86875
G1 X112.470 Y101.295 Z13.152 E5105.00483
G1 X111.980 Y102.063 Z13.156 E5106.14122
G1 X111.461 Y102.812 Z13.160 E5107.27750
G1 X110.938 Y103.558 Z13.164 E5108.41385
G1 X110.378 Y104.276 Z13.168 E5109.55012
G1 X109.813 Y104.991 Z13.172 E5110.68645
G1 X109.220 Y105.683 Z13.176 E5111.82285
G1 X108.621 Y106.369 Z13.180 E5112.95902
G1 X107.991 Y107.027 Z13.184 E5114.09542
G1 X107.353 Y107.678 Z13.189 E5115.23161
G1 X106.695 Y108.308 Z13.193 E5116.36801
G1 X106.026 Y108.926 Z13.197 E5117.50401
G1 X105.334 Y109.519 Z13.201 E5118.64040
G1 X104.632 Y110.098 Z13.205 E5119.77654
G1 X103.915 Y110.661 Z13.209 E5120.91293
G1 X103.183 Y111.203 Z13.213 E5122.04889
G1 X102.436 Y111.725 Z13.217 E5123.18528
G1 X101.676 Y112.227 Z13.221 E5124.32143
G1 X100.907 Y112.716 Z13.225 E5125.45782
G1 X100.121 Y113.175 Z13.230 E5126.59385
G1 X99.327 Y113.622 Z13.234 E5127.73024
G1 X98.517 Y114.040 Z13.238 E5128.86648
G1 X97.705 Y114.452 Z13.242 E5130.00287
G1 X96.873 Y114.824 Z13.246 E5131.13909
G1 X96.039 Y115.190 Z13.250 E5132.27549
G1 X95.190 Y115.520 Z13.254 E5133.41188
G1 X94.339 Y115.847 Z13.258 E5134.54814
G1 X93.473 Y116.130 Z13.262 E5135.68453
G1 X92.605 Y116.406 Z13.266 E5136.82077
G1 X91.727 Y116.651 Z13.270 E5137.95716
G1 X90.847 Y116.884 Z13.275 E5139.09321
G1 X89.957 Y117.080 Z13.279 E5140.22960
G1 X89.064 Y117.262 Z13.283 E5141.36575
G1 X88.167 Y117.421 Z13.287 E5142.50214
G1 X87.267 Y117.556 Z13.291 E5143.63810
G1 X86.362 Y117.665 Z13.295 E5144.77449
G1 X85.455 Y117.752 Z13.299 E5145.91063
G1 X84.547 Y117.821 Z13.303 E5147.04702
G1 X83.637 Y117.858 Z13.307 E5148.18301
G1 X82.726 Y117.878 Z13.311 E5149.31940
G1 X81.815 Y117.868 Z13.316 E5150.45560
G1 X80.904 Y117.848 Z13.320 E5151.59200
G1 X79.995 Y117.786 Z13.324 E5152.72814
G1 X79.087 Y117.716 Z13.328 E5153.86453
G1 X78.182 Y117.610 Z13.332 E5155.00086
G1 X77.278 Y117.498 Z13.336 E5156.13717
G1 X76.380 Y117.341 Z13.340 E5157.27350
G1 X75.484 Y117.178 Z13.344 E5158.40978
G1 X74.595 Y116.981 Z13.348 E5159.54617
G1 X73.708 Y116.774 Z13.352 E5160.68228
G1 X72.830 Y116.528 Z13.357 E5161.81867
G1 X71.957 Y116.270 Z13.361 E5162.95484
G1 X71.091 Y115.987 Z13.365 E5164.09123
G1 X70.231 Y115.685 Z13.369 E5165.22721
G1 X69.382 Y115.354 Z13.373 E5166.36360
G1 X68.541 Y115.005 Z13.377 E5167.49973
G1 X67.707 Y114.638 Z13.381 E5168.63612
G1 X66.885 Y114.245 Z13.385 E5169.77209
G1 X66.073 Y113.833 Z13.389 E5170.90848
G1 X65.273 Y113.397 Z13.393 E5172.04465
G1 X64.479 Y112.950 Z13.398 E5173.18104
G1 X63.705 Y112.470 Z13.402 E5174.31712
G1 X62.937 Y111.980 Z13.406 E5175.45352
G1 X62.188 Y111.461 Z13.410 E5176.58980
G1 X61.442 Y110.938 Z13.414 E5177.72614
G1 X60.724 Y110.378 Z13.418 E5178.86242
G1 X60.009 Y109.813 Z13.422 E5179.99875
G1 X59.317 Y109.220 Z13.426 E5181.13514
G1 X58.630 Y108.621 Z13.430 E5182.27132
G1 X57.973 Y107.991 Z13.434 E5183.40771
G1 X57.322 Y107.353 Z13.439 E5184.54391
G1 X56.692 Y106.695 Z13.443 E5185.68030
G1 X56.074 Y106.026 Z13.447 E5186.81631
G1 X55.481 Y105.334 Z13.451 E5187.95270
G1 X54.902 Y104.631 Z13.455 E5189.08884
G1 X54.339 Y103.915 Z13.459 E5190.22523
G1 X53.797 Y103.183 Z13.463 E5191.36118
G1 X53.275 Y102.436 Z13.467 E5192.49757
G1 X52.773 Y101.676 Z13.471 E5193.63372
G1 X52.284 Y100.907 Z13.475 E5194.77012
G1 X51.824 Y100.121 Z13.480 E5195.90615
G1 X51.378 Y99.326 Z13.484 E5197.04254
G1 X50.960 Y98.517 Z13.488 E5198.17877
G1 X50.548 Y97.705 Z13.492 E5199.31517
G1 X50.176 Y96.873 Z13.496 E5200.45139
G1 X49.810 Y96.038 Z13.500 E5201.58778
G1 X49.479 Y95.189 Z13.504 E5202.72418
G1 X49.153 Y94.339 Z13.508 E5203.86045
G1 X48.870 Y93.473 Z13.512 E5204.99683
G1 X48.595 Y92.604 Z13.516 E5206.13309
G1 X48.348 Y91.727 Z13.520 E5207.26951
G1 X48.114 Y90.847 Z13.525 E5208.40554
G1 X47.919 Y89.957 Z13.529 E5209.54196
G1 X47.738 Y89.064 Z13.533 E5210.67814
G1 X47.579 Y88.167 Z13.537 E5211.81453
G1 X47.444 Y87.266 Z13.541 E5212.95049
G1 X47.335 Y86.362 Z13.545 E5214.08688
G1 X47.248 Y85.455 Z13.549 E5215.22302
G1 X47.179 Y84.547 Z13.553 E5216.35941
G1 X47.142 Y83.637 Z13.557 E5217.49540
G1 X47.122 Y82.726 Z13.561 E5218.63179
G1 X47.132 Y81.815 Z13.566 E5219.76799
G1 X47.152 Y80.904 Z13.570 E5220.90439
G1 X47.214 Y79.995 Z13.574 E5222.04053
G1 X47.284 Y79.087 Z13.578 E5223.17692
G1 X47.390 Y78.182 Z13.582 E5224.31326
G1 X47.502 Y77.278 Z13.586 E5225.44956
G1 X47.659 Y76.380 Z13.590 E5226.58589
G1 X47.822 Y75.484 Z13.594 E5227.72217
G1 X48.019 Y74.594 Z13.598 E5228.85856
G1 X48.226 Y73.707 Z13.602 E5229.99467
G1 X48.473 Y72.830 Z13.607 E5231.13106
G1 X48.728 Y71.956 Z13.611 E5232.26738
G1 X49.003 Y71.087 Z13.615 E5233.40398
G1 X49.304 Y70.227 Z13.619 E5234.53980
G1 X49.645 Y69.382 Z13.623 E5235.67643
G1 X49.993 Y68.540 Z13.627 E5236.81292
G1 X50.360 Y67.706 Z13.631 E5237.94929
G1 X50.754 Y66.885 Z13.635 E5239.08526
G1 X51.167 Y66.073 Z13.639 E5240.22168
G1 X51.603 Y65.273 Z13.643 E5241.35786
G1 X52.050 Y64.479 Z13.648 E5242.49426
G1 X52.530 Y63.705 Z13.652 E5243.63034
G1 X53.020 Y62.937 Z13.656 E5244.76673
G1 X53.539 Y62.188 Z13.660 E5245.90301
G1 X54.062 Y61.442 Z13.664 E5247.03935
G1 X54.622 Y60.724 Z13.668 E5248.17563
G1 X55.187 Y60.009 Z13.672 E5249.31196
G1 X55.780 Y59.317 Z13.676 E5250.44835
G1 X56.379 Y58.630 Z13.680 E5251.58453
G1 X57.009 Y57.973 Z13.684 E5252.72092
G1 X57.647 Y57.322 Z13.689 E5253.85712
G1 X58.305 Y56.692 Z13.693 E5254.99351
G1 X58.974 Y56.074 Z13.697 E5256.12952
G1 X59.666 Y55.481 Z13.701 E5257.26591
G1 X60.369 Y54.902 Z13.705 E5258.40205
G1 X61.085 Y54.339 Z13.709 E5259.53844
G1 X61.817 Y53.797 Z13.713 E5260.67440
G1 X62.564 Y53.275 Z13.717 E5261.81079
G1 X63.324 Y52.773 Z13.721 E5262.94694
G1 X64.093 Y52.284 Z13.725 E5264.08333
G1 X64.879 Y51.825 Z13.730 E5265.21936
G1 X65.674 Y51.378 Z13.734 E5266.35575
G1 X66.483 Y50.960 Z13.738 E5267.49198
G1 X67.295 Y50.548 Z13.742 E5268.62838
G1 X68.127 Y50.176 Z13.746 E5269.76460
G1 X68.961 Y49.810 Z13.750 E5270.90099
G1 X69.811 Y49.480 Z13.754 E5272.03739
G1 X70.661 Y49.153 Z13.758 E5273.17365
G1 X71.525 Y48.865 Z13.762 E5274.31013
G1 X72.392 Y48.585 Z13.766 E5275.44635
G1 X73.272 Y48.348 Z13.770 E5276.58281
G1 X74.154 Y48.120 Z13.775 E5277.71914
G1 X75.042 Y47.916 Z13.779 E5278.85547
G1 X75.935 Y47.735 Z13.783 E5279.99160
G1 X76.832 Y47.578 Z13.787 E5281.12804
G1 X77.733 Y47.444 Z13.791 E5282.26405
G1 X78.638 Y47.335 Z13.795 E5283.40044
G1 X79.545 Y47.248 Z13.799 E5284.53658
G1 X80.453 Y47.179 Z13.803 E5285.67297
G1 X81.363 Y47.142 Z13.807 E5286.80896
G1 X82.274 Y47.122 Z13.811 E5287.94535
G1 X83.185 Y47.132 Z13.816 E5289.08155
G1 X84.096 Y47.152 Z13.820 E5290.21795
G1 X85.005 Y47.214 Z13.824 E5291.35409
G1 X85.913 Y47.284 Z13.828 E5292.49048
G1 X86.818 Y47.390 Z13.832 E5293.62681
G1 X87.722 Y47.502 Z13.836 E5294.76312
G1 X88.620 Y47.659 Z13.840 E5295.89945
G1 X89.516 Y47.822 Z13.844 E5297.03573
G1 X90.405 Y48.019 Z13.848 E5298.17212
G1 X91.292 Y48.226 Z13.852 E5299.30823
G1 X92.170 Y48.472 Z13.857 E5300.44462
G1 X93.043 Y48.730 Z13.861 E5301.58079
G1 X93.909 Y49.013 Z13.865 E5302.71718
G1 X94.769 Y49.315 Z13.869 E5303.85316
G1 X95.618 Y49.646 Z13.873 E5304.98955
G1 X96.459 Y49.995 Z13.877 E5306.12568
G1 X97.293 Y50.362 Z13.881 E5307.26207
G1 X98.115 Y50.755 Z13.885 E5308.39804
G1 X98.927 Y51.167 Z13.889 E5309.53443
G1 X99.727 Y51.603 Z13.893 E5310.67060
G1 X100.521 Y52.050 Z13.898 E5311.80699
G1 X101.295 Y52.530 Z13.902 E5312.94307
G1 X102.063 Y53.020 Z13.906 E5314.07946
G1 X102.812 Y53.539 Z13.910 E5315.21574
G1 X103.558 Y54.062 Z13.914 E5316.35209
G1 X104.276 Y54.622 Z13.918 E5317.48837
G1 X104.991 Y55.187 Z13.922 E5318.62470
G1 X105.683 Y55.780 Z13.926 E5319.76109
G1 X106.370 Y56.379 Z13.930 E5320.89727
G1 X107.027 Y57.009 Z13.934 E5322.03366
G1 X107.678 Y57.647 Z13.939 E5323.16986
G1 X108.308 Y58.305 Z13.943 E5324.30625
G1 X108.926 Y58.974 Z13.947 E5325.44226
G1 X109.519 Y59.666 Z13.951 E5326.57865
G1 X110.098 Y60.369 Z13.955 E5327.71478
G1 X110.661 Y61.085 Z13.959 E5328.85118
G1 X111.203 Y61.817 Z13.963 E5329.98713
G1 X111.725 Y62.564 Z13.967 E5331.12352
G1 X112.227 Y63.324 Z13.971 E5332.25967
G1 X112.716 Y64.093 Z13.975 E5333.39607
G1 X113.175 Y64.879 Z13.980 E5334.53210
G1 X113.622 Y65.674 Z13.984 E5335.66849
G1 X114.040 Y66.483 Z13.988 E5336.80472
G1 X114.452 Y67.295 Z13.992 E5337.94111
G1 X114.824 Y68.127 Z13.996 E5339.07734
G1 X115.190 Y68.962 Z14.000 E5340.21373
;LAYER:13
;TYPE:WALL-OUTER
G1 X116.598 Y70.336 Z14.000 E5342.66845
G1 X116.882 Y71.224 Z14.004 E5343.83090
G1 X117.162 Y72.113 Z14.008 E5344.99329
G1 X117.419 Y73.009 Z14.012 E5346.15574
G1 X117.663 Y73.908 Z14.016 E5347.31776
G1 X117.859 Y74.819 Z14.020 E5348.48021
G1 X118.045 Y75.732 Z14.025 E5349.64255
G1 X118.214 Y76.649 Z14.029 E5350.80504
G1 X118.361 Y77.569 Z14.033 E5351.96703
G1 X118.473 Y78.494 Z14.037 E5353.12957
G1 X118.562 Y79.422 Z14.041 E5354.29179
G1 X118.631 Y80.351 Z14.045 E5355.45432
G1 X118.671 Y81.282 Z14.049 E5356.61630
G1 X118.685 Y82.214 Z14.053 E5357.77872
G1 X118.677 Y83.146 Z14.057 E5358.94106
G1 X118.662 Y84.077 Z14.061 E5360.10353
G1 X118.600 Y85.007 Z14.066 E5361.26551
G1 X118.523 Y85.936 Z14.070 E5362.42796
G1 X118.419 Y86.862 Z14.074 E5363.59037
G1 X118.313 Y87.788 Z14.078 E5364.75280
G1 X118.149 Y88.705 Z14.082 E5365.91510
G1 X117.978 Y89.621 Z14.086 E5367.07750
G1 X117.782 Y90.533 Z14.090 E5368.23994
G1 X117.578 Y91.442 Z14.094 E5369.40208
G1 X117.321 Y92.338 Z14.098 E5370.56453
G1 X117.056 Y93.231 Z14.102 E5371.72687
G1 X116.772 Y94.119 Z14.107 E5372.88932
G1 X116.468 Y94.999 Z14.111 E5374.05119
G1 X116.124 Y95.866 Z14.115 E5375.21364
G1 X115.768 Y96.727 Z14.119 E5376.37595
G1 X115.398 Y97.582 Z14.123 E5377.53841
G1 X114.999 Y98.424 Z14.127 E5378.70019
G1 X114.572 Y99.252 Z14.131 E5379.86264
G1 X114.129 Y100.072 Z14.135 E5381.02497
G1 X113.677 Y100.887 Z14.139 E5382.18743
G1 X113.187 Y101.679 Z14.143 E5383.34932
G1 X112.681 Y102.462 Z14.148 E5384.51177
G1 X112.155 Y103.231 Z14.152 E5385.67415
G1 X111.625 Y103.998 Z14.156 E5386.83659
G1 X111.050 Y104.732 Z14.160 E5387.99877
G1 X110.469 Y105.460 Z14.164 E5389.16120
G1 X109.867 Y106.172 Z14.168 E5390.32363
G1 X109.261 Y106.880 Z14.172 E5391.48590
G1 X108.612 Y107.548 Z14.176 E5392.64835
G1 X107.959 Y108.213 Z14.180 E5393.81071
G1 X107.290 Y108.862 Z14.184 E5394.97316
G1 X106.609 Y109.498 Z14.189 E5396.13509
G1 X105.898 Y110.100 Z14.193 E5397.29754
G1 X105.179 Y110.693 Z14.197 E5398.45987
G1 X104.450 Y111.273 Z14.201 E5399.62232
G1 X103.703 Y111.831 Z14.205 E5400.78411
G1 X102.936 Y112.360 Z14.209 E5401.94656
G1 X102.160 Y112.875 Z14.213 E5403.10888
G1 X101.377 Y113.381 Z14.217 E5404.27134
G1 X100.573 Y113.852 Z14.221 E5405.43317
G1 X99.758 Y114.304 Z14.225 E5406.59563
G1 X98.932 Y114.736 Z14.230 E5407.75798
G1 X98.104 Y115.163 Z14.234 E5408.92044
G1 X97.253 Y115.542 Z14.238 E5410.08251
G1 X96.397 Y115.912 Z14.242 E5411.24496
G1 X95.531 Y116.256 Z14.246 E5412.40739
G1 X94.664 Y116.598 Z14.250 E5413.56980
G1 X93.776 Y116.882 Z14.254 E5414.73225
G1 X92.888 Y117.162 Z14.258 E5415.89463
G1 X91.992 Y117.419 Z14.262 E5417.05709
G1 X91.093 Y117.663 Z14.266 E5418.21911
G1 X90.181 Y117.859 Z14.270 E5419.38156
G1 X89.268 Y118.045 Z14.275 E5420.54389
G1 X88.351 Y118.212 Z14.279 E5421.70634
G1 X87.431 Y118.356 Z14.283 E5422.86816
G1 X86.505 Y118.461 Z14.287 E5424.03061
G1 X85.577 Y118.551 Z14.291 E5425.19293
G1 X84.649 Y118.628 Z14.295 E5426.35538
G1 X83.718 Y118.669 Z14.299 E5427.51718
G1 X82.786 Y118.683 Z14.303 E5428.67964
G1 X81.854 Y118.677 Z14.307 E5429.84198
G1 X80.922 Y118.662 Z14.311 E5431.00443
G1 X79.993 Y118.600 Z14.316 E5432.16640
G1 X79.064 Y118.522 Z14.320 E5433.32885
G1 X78.138 Y118.419 Z14.324 E5434.49126
G1 X77.212 Y118.313 Z14.328 E5435.65368
G1 X76.295 Y118.149 Z14.332 E5436.81599
G1 X75.378 Y117.978 Z14.336 E5437.97839
G1 X74.467 Y117.782 Z14.340 E5439.14084
G1 X73.558 Y117.578 Z14.344 E5440.30297
G1 X72.662 Y117.320 Z14.348 E5441.46542
G1 X71.769 Y117.056 Z14.352 E5442.62776
G1 X70.881 Y116.772 Z14.357 E5443.79022
G1 X70.000 Y116.468 Z14.361 E5444.95208
G1 X69.134 Y116.124 Z14.365 E5446.11453
G1 X68.273 Y115.768 Z14.369 E5447.27685
G1 X67.417 Y115.398 Z14.373 E5448.43930
G1 X66.576 Y114.999 Z14.377 E5449.60109
G1 X65.747 Y114.572 Z14.381 E5450.76354
G1 X64.928 Y114.129 Z14.385 E5451.92587
G1 X64.113 Y113.677 Z14.389 E5453.08832
G1 X63.320 Y113.187 Z14.393 E5454.25022
G1 X62.538 Y112.681 Z14.398 E5455.41267
G1 X61.768 Y112.155 Z14.402 E5456.57505
G1 X61.002 Y111.625 Z14.406 E5457.73749
G1 X60.268 Y111.050 Z14.410 E5458.89967
G1 X59.540 Y110.469 Z14.414 E5460.06209
G1 X58.828 Y109.867 Z14.418 E5461.22453
G1 X58.120 Y109.261 Z14.422 E5462.38679
G1 X57.451 Y108.612 Z14.426 E5463.54924
G1 X56.787 Y107.959 Z14.430 E5464.71160
G1 X56.138 Y107.290 Z14.434 E5465.87406
G1 X55.502 Y106.609 Z14.439 E5467.03599
G1 X54.900 Y105.898 Z14.443 E5468.19844
G1 X54.306 Y105.179 Z14.447 E5469.36076
G1 X53.726 Y104.449 Z14.451 E5470.52322
G1 X53.169 Y103.703 Z14.455 E5471.68501
G1 X52.640 Y102.936 Z14.459 E5472.84746
G1 X52.124 Y102.159 Z14.463 E5474.00978
G1 X51.619 Y101.377 Z14.467 E5475.17223
G1 X51.148 Y100.573 Z14.471 E5476.33407
G1 X50.696 Y99.758 Z14.475 E5477.49652
G1 X50.264 Y98.932 Z14.480 E5478.65888
G1 X49.837 Y98.103 Z14.484 E5479.82133
G1 X49.458 Y97.252 Z14.488 E5480.98340
G1 X49.088 Y96.397 Z14.492 E5482.14585
G1 X48.744 Y95.531 Z14.496 E5483.30829
G1 X48.402 Y94.664 Z14.500 E5484.47070
G1 X48.118 Y93.776 Z14.504 E5485.63315
G1 X47.838 Y92.887 Z14.508 E5486.79553
G1 X47.581 Y91.991 Z14.512 E5487.95798
G1 X47.337 Y91.092 Z14.516 E5489.12000
G1 X47.141 Y90.181 Z14.520 E5490.28245
G1 X46.955 Y89.268 Z14.525 E5491.44479
G1 X46.787 Y88.351 Z14.529 E5492.60724
G1 X46.644 Y87.431 Z14.533 E5493.76906
G1 X46.539 Y86.505 Z14.537 E5494.93151
G1 X46.449 Y85.577 Z14.541 E5496.09382
G1 X46.371 Y84.648 Z14.545 E5497.25628
G1 X46.331 Y83.718 Z14.549 E5498.41808
G1 X46.317 Y82.786 Z14.553 E5499.58053
G1 X46.323 Y81.854 Z14.557 E5500.74287
G1 X46.338 Y80.922 Z14.561 E5501.90533
G1 X46.400 Y79.992 Z14.566 E5503.06730
G1 X46.478 Y79.064 Z14.570 E5504.22975
G1 X46.581 Y78.137 Z14.574 E5505.39215
G1 X46.687 Y77.212 Z14.578 E5506.55458
G1 X46.851 Y76.294 Z14.582 E5507.71689
G1 X47.022 Y75.378 Z14.586 E5508.87929
G1 X47.218 Y74.467 Z14.590 E5510.04173
G1 X47.422 Y73.558 Z14.594 E5511.20386
G1 X47.680 Y72.662 Z14.598 E5512.36631
G1 X47.943 Y71.768 Z14.602 E5513.52876
G1 X48.222 Y70.878 Z14.607 E5514.69138
G1 X48.525 Y69.998 Z14.611 E5515.85314
G1 X48.875 Y69.134 Z14.615 E5517.01579
G1 X49.230 Y68.272 Z14.619 E5518.17835
G1 X49.601 Y67.417 Z14.623 E5519.34078
G1 X50.000 Y66.576 Z14.627 E5520.50257
G1 X50.428 Y65.747 Z14.631 E5521.66504
G1 X50.871 Y64.928 Z14.635 E5522.82738
G1 X51.323 Y64.113 Z14.639 E5523.98983
G1 X51.813 Y63.320 Z14.643 E5525.15173
G1 X52.319 Y62.538 Z14.648 E5526.31418
G1 X52.845 Y61.768 Z14.652 E5527.47655
G1 X53.375 Y61.002 Z14.656 E5528.63899
G1 X53.950 Y60.268 Z14.660 E5529.80117
G1 X54.531 Y59.540 Z14.664 E5530.96360
G1 X55.133 Y58.828 Z14.668 E5532.12604
G1 X55.739 Y58.120 Z14.672 E5533.28830
G1 X56.388 Y57.451 Z14.676 E5534.45075
G1 X57.041 Y56.787 Z14.680 E5535.61311
G1 X57.711 Y56.138 Z14.684 E5536.77557
G1 X58.391 Y55.502 Z14.689 E5537.93750
G1 X59.102 Y54.900 Z14.693 E5539.09995
G1 X59.821 Y54.306 Z14.697 E5540.26227
G1 X60.551 Y53.726 Z14.701 E5541.42472
G1 X61.297 Y53.169 Z14.705 E5542.58651
G1 X62.064 Y52.640 Z14.709 E5543.74897
G1 X62.841 Y52.124 Z14.713 E5544.91129
G1 X63.623 Y51.619 Z14.717 E5546.07374
G1 X64.427 Y51.148 Z14.721 E5547.23558
G1 X65.242 Y50.696 Z14.725 E5548.39803
G1 X66.068 Y50.264 Z14.730 E5549.56039
G1 X66.897 Y49.837 Z14.734 E5550.72284
G1 X67.748 Y49.458 Z14.738 E5551.88491
G1 X68.603 Y49.088 Z14.742 E5553.04736
G1 X69.469 Y48.744 Z14.746 E5554.20980
G1 X70.336 Y48.402 Z14.750 E5555.37221
G1 X71.221 Y48.109 Z14.754 E5556.53474
G1 X72.108 Y47.823 Z14.758 E5557.69708
G1 X73.008 Y47.580 Z14.762 E5558.85959
G1 X73.909 Y47.343 Z14.766 E5560.02196
G1 X74.818 Y47.135 Z14.770 E5561.18426
G1 X75.731 Y46.951 Z14.775 E5562.34657
G1 X76.648 Y46.786 Z14.779 E5563.50907
G1 X77.569 Y46.644 Z14.783 E5564.67096
G1 X78.495 Y46.539 Z14.787 E5565.83341
G1 X79.423 Y46.449 Z14.791 E5566.99573
G1 X80.351 Y46.372 Z14.795 E5568.15818
G1 X81.282 Y46.331 Z14.799 E5569.31998
G1 X82.214 Y46.317 Z14.803 E5570.48243
G1 X83.146 Y46.323 Z14.807 E5571.64477
G1 X84.078 Y46.338 Z14.811 E5572.80723
G1 X85.007 Y46.400 Z14.816 E5573.96920
G1 X85.936 Y46.478 Z14.820 E5575.13165
G1 X86.862 Y46.581 Z14.824 E5576.29406
G1 X87.788 Y46.687 Z14.828 E5577.45648
G1 X88.706 Y46.851 Z14.832 E5578.61879
G1 X89.622 Y47.022 Z14.836 E5579.78119
G1 X90.533 Y47.218 Z14.840 E5580.94364
G1 X91.442 Y47.422 Z14.844 E5582.10577
G1 X92.338 Y47.680 Z14.848 E5583.26822
G1 X93.231 Y47.944 Z14.852 E5584.43056
G1 X94.119 Y48.228 Z14.857 E5585.59302
G1 X95.000 Y48.532 Z14.861 E5586.75488
G1 X95.866 Y48.876 Z14.865 E5587.91733
G1 X96.727 Y49.232 Z14.869 E5589.07965
G1 X97.583 Y49.602 Z14.873 E5590.24210
G1 X98.424 Y50.001 Z14.877 E5591.40389
G1 X99.253 Y50.428 Z14.881 E5592.56634
G1 X100.072 Y50.871 Z14.885 E5593.72867
G1 X100.887 Y51.323 Z14.889 E5594.89112
G1 X101.680 Y51.813 Z14.893 E5596.05302
G1 X102.462 Y52.319 Z14.898 E5597.21547
G1 X103.232 Y52.845 Z14.902 E5598.37784
G1 X103.998 Y53.375 Z14.906 E5599.54028
G1 X104.732 Y53.950 Z14.910 E5600.70246
G1 X105.460 Y54.531 Z14.914 E5601.86489
G1 X106.172 Y55.133 Z14.918 E5603.02733
G1 X106.880 Y55.739 Z14.922 E5604.18959
G1 X107.549 Y56.388 Z14.926 E5605.35204
G1 X108.213 Y57.041 Z14.930 E5606.51440
G1 X108.862 Y57.710 Z14.934 E5607.67686
G1 X109.498 Y58.391 Z14.939 E5608.83879
G1 X110.100 Y59.102 Z14.943 E5610.00124
G1 X110.694 Y59.821 Z14.947 E5611.16356
G1 X111.274 Y60.551 Z14.951 E5612.32601
G1 X111.831 Y61.297 Z14.955 E5613.48780
G1 X112.360 Y62.064 Z14.959 E5614.65026
G1 X112.876 Y62.841 Z14.963 E5615.81258
G1 X113.381 Y63.623 Z14.967 E5616.97503
G1 X113.852 Y64.427 Z14.971 E5618.13687
G1 X114.304 Y65.242 Z14.975 E5619.29932
G1 X114.736 Y66.068 Z14.980 E5620.46168
G1 X115.163 Y66.897 Z14.984 E5621.62413
G1 X115.542 Y67.748 Z14.988 E5622.78620
G1 X115.912 Y68.603 Z14.992 E5623.94865
G1 X116.256 Y69.469 Z14.996 E5625.11109
G1 X116.598 Y70.336 Z15.000 E5626.27350
;LAYER:14
;TYPE:WALL-OUTER
G1 X117.341 Y70.021 Z15.000 E5627.27944
G1 X117.631 Y70.928 Z15.004 E5628.46773
G1 X117.921 Y71.836 Z15.008 E5629.65600
G1 X118.183 Y72.751 Z15.012 E5630.84430
G1 X118.434 Y73.670 Z15.016 E5632.03219
G1 X118.634 Y74.602 Z15.020 E5633.22048
G1 X118.828 Y75.534 Z15.025 E5634.40874
G1 X119.006 Y76.471 Z15.029 E5635.59722
G1 X119.160 Y77.410 Z15.033 E5636.78505
G1 X119.272 Y78.357 Z15.037 E5637.97352
G1 X119.364 Y79.305 Z15.041 E5639.16169
G1 X119.433 Y80.255 Z15.045 E5640.35009
G1 X119.472 Y81.207 Z15.049 E5641.53794
G1 X119.487 Y82.159 Z15.053 E5642.72619
G1 X119.483 Y83.112 Z15.057 E5643.91433
G1 X119.468 Y84.064 Z15.061 E5645.10264
G1 X119.405 Y85.015 Z15.066 E5646.29043
G1 X119.326 Y85.964 Z15.070 E5647.47872
G1 X119.225 Y86.911 Z15.074 E5648.66692
G1 X119.116 Y87.858 Z15.078 E5649.85522
G1 X118.949 Y88.796 Z15.082 E5651.04335
G1 X118.777 Y89.733 Z15.086 E5652.23162
G1 X118.578 Y90.664 Z15.090 E5653.41989
G1 X118.370 Y91.594 Z15.094 E5654.60790
G1 X118.107 Y92.510 Z15.098 E5655.79619
G1 X117.840 Y93.424 Z15.102 E5656.98440
G1 X117.549 Y94.331 Z15.107 E5658.17270
G1 X117.240 Y95.232 Z15.111 E5659.36042
G1 X116.889 Y96.118 Z15.115 E5660.54871
G1 X116.528 Y96.999 Z15.119 E5661.73687
G1 X116.150 Y97.874 Z15.123 E5662.92517
G1 X115.743 Y98.735 Z15.127 E5664.11279
G1 X115.306 Y99.582 Z15.131 E5665.30108
G1 X114.856 Y100.421 Z15.135 E5666.48923
G1 X114.394 Y101.254 Z15.139 E5667.67753
G1 X113.894 Y102.065 Z15.143 E5668.86524
G1 X113.377 Y102.865 Z15.148 E5670.05353
G1 X112.842 Y103.653 Z15.152 E5671.24171
G1 X112.301 Y104.437 Z15.156 E5672.43001
G1 X111.714 Y105.188 Z15.160 E5673.61801
G1 X111.121 Y105.933 Z15.164 E5674.80629
G1 X110.507 Y106.662 Z15.168 E5675.99453
G1 X109.889 Y107.386 Z15.172 E5677.18268
G1 X109.225 Y108.070 Z15.176 E5678.37097
G1 X108.560 Y108.752 Z15.180 E5679.55920
G1 X107.876 Y109.415 Z15.184 E5680.74750
G1 X107.181 Y110.066 Z15.189 E5681.93530
G1 X106.454 Y110.682 Z15.193 E5683.12359
G1 X105.722 Y111.291 Z15.197 E5684.31176
G1 X104.976 Y111.884 Z15.201 E5685.50006
G1 X104.213 Y112.454 Z15.205 E5686.68769
G1 X103.429 Y112.996 Z15.209 E5687.87598
G1 X102.638 Y113.526 Z15.213 E5689.06413
G1 X101.837 Y114.042 Z15.217 E5690.25243
G1 X101.017 Y114.525 Z15.221 E5691.44009
G1 X100.183 Y114.987 Z15.225 E5692.62838
G1 X99.341 Y115.432 Z15.230 E5693.81655
G1 X98.494 Y115.868 Z15.234 E5695.00485
G1 X97.624 Y116.257 Z15.238 E5696.19273
G1 X96.750 Y116.635 Z15.242 E5697.38102
G1 X95.866 Y116.990 Z15.246 E5698.56924
G1 X94.980 Y117.340 Z15.250 E5699.75754
G1 X94.073 Y117.631 Z15.254 E5700.94582
G1 X93.165 Y117.921 Z15.258 E5702.13409
G1 X92.249 Y118.183 Z15.262 E5703.32239
G1 X91.330 Y118.434 Z15.266 E5704.51028
G1 X90.399 Y118.634 Z15.270 E5705.69857
G1 X89.466 Y118.827 Z15.275 E5706.88676
G1 X88.529 Y118.999 Z15.279 E5708.07506
G1 X87.588 Y119.146 Z15.283 E5709.26273
G1 X86.642 Y119.254 Z15.287 E5710.45101
G1 X85.694 Y119.350 Z15.291 E5711.63917
G1 X84.744 Y119.429 Z15.295 E5712.82747
G1 X83.793 Y119.471 Z15.299 E5714.01510
G1 X82.840 Y119.486 Z15.303 E5715.20339
G1 X81.888 Y119.483 Z15.307 E5716.39154
G1 X80.935 Y119.468 Z15.311 E5717.57984
G1 X79.985 Y119.405 Z15.316 E5718.76763
G1 X79.036 Y119.326 Z15.320 E5719.95592
G1 X78.088 Y119.225 Z15.324 E5721.14412
G1 X77.142 Y119.116 Z15.328 E5722.33242
G1 X76.204 Y118.949 Z15.332 E5723.52055
G1 X75.267 Y118.777 Z15.336 E5724.70882
G1 X74.335 Y118.578 Z15.340 E5725.89709
G1 X73.406 Y118.370 Z15.344 E5727.08510
G1 X72.490 Y118.107 Z15.348 E5728.27339
G1 X71.576 Y117.840 Z15.352 E5729.46160
G1 X70.668 Y117.549 Z15.357 E5730.64990
G1 X69.768 Y117.240 Z15.361 E5731.83762
G1 X68.882 Y116.889 Z15.365 E5733.02591
G1 X68.000 Y116.528 Z15.369 E5734.21407
G1 X67.126 Y116.150 Z15.373 E5735.40237
G1 X66.265 Y115.743 Z15.377 E5736.58999
G1 X65.418 Y115.306 Z15.381 E5737.77828
G1 X64.579 Y114.856 Z15.385 E5738.96643
G1 X63.745 Y114.394 Z15.389 E5740.15473
G1 X62.935 Y113.894 Z15.393 E5741.34244
G1 X62.135 Y113.377 Z15.398 E5742.53073
G1 X61.346 Y112.842 Z15.402 E5743.71891
G1 X60.563 Y112.301 Z15.406 E5744.90721
G1 X59.812 Y111.714 Z15.410 E5746.09521
G1 X59.067 Y111.121 Z15.414 E5747.28349
G1 X58.338 Y110.507 Z15.418 E5748.47173
G1 X57.614 Y109.889 Z15.422 E5749.65988
G1 X56.930 Y109.225 Z15.426 E5750.84816
G1 X56.248 Y108.560 Z15.430 E5752.03640
G1 X55.585 Y107.876 Z15.434 E5753.22470
G1 X54.933 Y107.181 Z15.439 E5754.41249
G1 X54.318 Y106.454 Z15.443 E5755.60078
G1 X53.709 Y105.721 Z15.447 E5756.78896
G1 X53.116 Y104.976 Z15.451 E5757.97726
G1 X52.545 Y104.213 Z15.455 E5759.16489
G1 X52.004 Y103.429 Z15.459 E5760.35318
G1 X51.474 Y102.637 Z15.463 E5761.54133
G1 X50.957 Y101.837 Z15.467 E5762.72963
G1 X50.475 Y101.016 Z15.471 E5763.91729
G1 X50.013 Y100.183 Z15.475 E5765.10558
G1 X49.568 Y99.341 Z15.480 E5766.29375
G1 X49.132 Y98.493 Z15.484 E5767.48205
G1 X48.743 Y97.624 Z15.488 E5768.66993
G1 X48.365 Y96.750 Z15.492 E5769.85821
G1 X48.010 Y95.866 Z15.496 E5771.04644
G1 X47.659 Y94.980 Z15.500 E5772.23474
G1 X47.369 Y94.072 Z15.504 E5773.42302
G1 X47.079 Y93.165 Z15.508 E5774.61129
G1 X46.817 Y92.249 Z15.512 E5775.79959
G1 X46.566 Y91.330 Z15.516 E5776.98748
G1 X46.366 Y90.399 Z15.520 E5778.17577
G1 X46.172 Y89.466 Z15.525 E5779.36396
G1 X46.001 Y88.529 Z15.529 E5780.55226
G1 X45.854 Y87.588 Z15.533 E5781.73992
G1 X45.746 Y86.641 Z15.537 E5782.92821
G1 X45.650 Y85.694 Z15.541 E5784.11637
G1 X45.571 Y84.744 Z15.545 E5785.30467
G1 X45.529 Y83.793 Z15.549 E5786.49230
G1 X45.514 Y82.840 Z15.553 E5787.68059
G1 X45.517 Y81.888 Z15.557 E5788.86874
G1 X45.532 Y80.935 Z15.561 E5790.05704
G1 X45.595 Y79.985 Z15.566 E5791.24483
G1 X45.674 Y79.035 Z15.570 E5792.43312
G1 X45.776 Y78.088 Z15.574 E5793.62132
G1 X45.884 Y77.141 Z15.578 E5794.80962
G1 X46.051 Y76.204 Z15.582 E5795.99775
G1 X46.223 Y75.267 Z15.586 E5797.18602
G1 X46.422 Y74.335 Z15.590 E5798.37429
G1 X46.631 Y73.406 Z15.594 E5799.56230
G1 X46.893 Y72.490 Z15.598 E5800.75059
G1 X47.160 Y71.575 Z15.602 E5801.93882
G1 X47.449 Y70.667 Z15.607 E5803.12716
G1 X47.759 Y69.767 Z15.611 E5804.31486
G1 X48.111 Y68.882 Z15.615 E5805.50319
G1 X48.472 Y68.000 Z15.619 E5806.69141
G1 X48.850 Y67.125 Z15.623 E5807.87970
G1 X49.257 Y66.265 Z15.627 E5809.06732
G1 X49.694 Y65.418 Z15.631 E5810.25562
G1 X50.144 Y64.578 Z15.635 E5811.44377
G1 X50.606 Y63.745 Z15.639 E5812.63207
G1 X51.106 Y62.935 Z15.643 E5813.81979
G1 X51.623 Y62.135 Z15.648 E5815.00807
G1 X52.158 Y61.346 Z15.652 E5816.19626
G1 X52.699 Y60.562 Z15.656 E5817.38455
G1 X53.286 Y59.812 Z15.660 E5818.57255
G1 X53.879 Y59.066 Z15.664 E5819.76083
G1 X54.493 Y58.338 Z15.668 E5820.94908
G1 X55.112 Y57.613 Z15.672 E5822.13722
G1 X55.775 Y56.929 Z15.676 E5823.32551
G1 X56.440 Y56.248 Z15.680 E5824.51375
G1 X57.124 Y55.584 Z15.684 E5825.70204
G1 X57.819 Y54.933 Z15.689 E5826.88984
G1 X58.546 Y54.318 Z15.693 E5828.07813
G1 X59.279 Y53.709 Z15.697 E5829.26630
G1 X60.025 Y53.116 Z15.701 E5830.45460
G1 X60.787 Y52.545 Z15.705 E5831.64223
G1 X61.571 Y52.004 Z15.709 E5832.83052
G1 X62.363 Y51.474 Z15.713 E5834.01867
G1 X63.163 Y50.957 Z15.717 E5835.20697
G1 X63.984 Y50.475 Z15.721 E5836.39463
G1 X64.817 Y50.013 Z15.725 E5837.58292
G1 X65.660 Y49.568 Z15.730 E5838.77109
G1 X66.507 Y49.132 Z15.734 E5839.95939
G1 X67.376 Y48.743 Z15.738 E5841.14727
G1 X68.251 Y48.365 Z15.742 E5842.33556
G1 X69.135 Y48.010 Z15.746 E5843.52378
G1 X70.020 Y47.659 Z15.750 E5844.71208
G1 X70.926 Y47.363 Z15.754 E5845.90041
G1 X71.832 Y47.070 Z15.758 E5847.08867
G1 X72.751 Y46.816 Z15.762 E5848.27697
G1 X73.671 Y46.570 Z15.766 E5849.46509
G1 X74.601 Y46.362 Z15.770 E5850.65325
G1 X75.534 Y46.170 Z15.775 E5851.84142
G1 X76.471 Y46.000 Z15.779 E5853.02975
G1 X77.412 Y45.854 Z15.783 E5854.21746
G1 X78.359 Y45.746 Z15.787 E5855.40575
G1 X79.307 Y45.650 Z15.791 E5856.59390
G1 X80.256 Y45.571 Z15.795 E5857.78220
G1 X81.207 Y45.529 Z15.799 E5858.96983
G1 X82.160 Y45.514 Z15.803 E5860.15812
G1 X83.112 Y45.517 Z15.807 E5861.34628
G1 X84.065 Y45.532 Z15.811 E5862.53458
G1 X85.015 Y45.595 Z15.816 E5863.72237
G1 X85.965 Y45.674 Z15.820 E5864.91065
G1 X86.912 Y45.776 Z15.824 E5866.09885
G1 X87.859 Y45.884 Z15.828 E5867.28715
G1 X88.796 Y46.051 Z15.832 E5868.47528
G1 X89.733 Y46.223 Z15.836 E5869.66356
G1 X90.665 Y46.422 Z15.840 E5870.85183
G1 X91.595 Y46.631 Z15.844 E5872.03983
G1 X92.510 Y46.893 Z15.848 E5873.22812
G1 X93.425 Y47.160 Z15.852 E5874.41634
G1 X94.332 Y47.451 Z15.857 E5875.60463
G1 X95.233 Y47.761 Z15.861 E5876.79235
G1 X96.118 Y48.112 Z15.865 E5877.98064
G1 X97.000 Y48.472 Z15.869 E5879.16880
G1 X97.874 Y48.850 Z15.873 E5880.35710
G1 X98.735 Y49.258 Z15.877 E5881.54473
G1 X99.582 Y49.694 Z15.881 E5882.73301
G1 X100.422 Y50.144 Z15.885 E5883.92117
G1 X101.255 Y50.606 Z15.889 E5885.10946
G1 X102.065 Y51.106 Z15.893 E5886.29718
G1 X102.866 Y51.623 Z15.898 E5887.48547
G1 X103.654 Y52.158 Z15.902 E5888.67365
G1 X104.438 Y52.700 Z15.906 E5889.86195
G1 X105.188 Y53.286 Z15.910 E5891.04994
G1 X105.934 Y53.879 Z15.914 E5892.23823
G1 X106.662 Y54.493 Z15.918 E5893.42647
G1 X107.387 Y55.112 Z15.922 E5894.61461
G1 X108.071 Y55.775 Z15.926 E5895.80290
G1 X108.753 Y56.440 Z15.930 E5896.99114
G1 X109.416 Y57.124 Z15.934 E5898.17944
G1 X110.067 Y57.819 Z15.939 E5899.36726
G1 X110.684 Y58.545 Z15.943 E5900.55555
G1 X111.293 Y59.277 Z15.947 E5901.74370
G1 X111.884 Y60.024 Z15.951 E5902.93200
G1 X112.455 Y60.787 Z15.955 E5904.11971
G1 X112.996 Y61.571 Z15.959 E5905.30800
G1 X113.526 Y62.363 Z15.963 E5906.49615
G1 X114.043 Y63.163 Z15.967 E5907.68445
G1 X114.525 Y63.984 Z15.971 E5908.87212
G1 X114.987 Y64.817 Z15.975 E5910.06041
G1 X115.432 Y65.660 Z15.980 E5911.24857
G1 X115.868 Y66.507 Z15.984 E5912.43687
G1 X116.257 Y67.376 Z15.988 E5913.62475
G1 X116.635 Y68.251 Z15.992 E5914.81304
G1 X116.990 Y69.135 Z15.996 E5916.00127
G1 X117.341 Y70.021 Z16.000 E5917.18956
;LAYER:15
;TYPE:WALL-OUTER
G1 F1500 E5917.08956
G0 F1500 X118.681 Y71.587 Z16.000
G1 F1500 E5917.18956
G1 X118.947 Y72.523 Z16.004 E5918.40344
G1 X119.201 Y73.462 Z16.008 E5919.61696
G1 X119.409 Y74.413 Z16.012 E5920.83082
G1 X119.611 Y75.365 Z16.016 E5922.04466
G1 X119.792 Y76.322 Z16.020 E5923.25879
G1 X119.949 Y77.282 Z16.025 E5924.47214
G1 X120.058 Y78.249 Z16.029 E5925.68624
G1 X120.152 Y79.218 Z16.033 E5926.90009
G1 X120.223 Y80.188 Z16.037 E5928.11406
G1 X120.265 Y81.160 Z16.041 E5929.32751
G1 X120.283 Y82.133 Z16.045 E5930.54133
G1 X120.281 Y83.106 Z16.049 E5931.75497
G1 X120.263 Y84.079 Z16.053 E5932.96884
G1 X120.200 Y85.050 Z16.057 E5934.18228
G1 X120.123 Y86.020 Z16.061 E5935.39613
G1 X120.019 Y86.988 Z16.066 E5936.60984
G1 X119.905 Y87.955 Z16.070 E5937.82371
G1 X119.737 Y88.913 Z16.074 E5939.03743
G1 X119.564 Y89.871 Z16.078 E5940.25129
G1 X119.359 Y90.822 Z16.082 E5941.46511
G1 X119.144 Y91.771 Z16.086 E5942.67873
G1 X118.879 Y92.707 Z16.090 E5943.89258
G1 X118.609 Y93.643 Z16.094 E5945.10635
G1 X118.310 Y94.568 Z16.098 E5946.32022
G1 X117.993 Y95.488 Z16.102 E5947.53359
G1 X117.637 Y96.394 Z16.107 E5948.74745
G1 X117.270 Y97.296 Z16.111 E5949.96113
G1 X116.881 Y98.188 Z16.115 E5951.17500
G1 X116.466 Y99.067 Z16.119 E5952.38829
G1 X116.023 Y99.934 Z16.123 E5953.60215
G1 X115.564 Y100.792 Z16.127 E5954.81581
G1 X115.089 Y101.641 Z16.131 E5956.02968
G1 X114.580 Y102.470 Z16.135 E5957.24304
G1 X114.054 Y103.289 Z16.139 E5958.45690
G1 X113.508 Y104.094 Z16.143 E5959.67059
G1 X112.952 Y104.893 Z16.148 E5960.88446
G1 X112.355 Y105.661 Z16.152 E5962.09806
G1 X111.751 Y106.425 Z16.156 E5963.31192
G1 X111.123 Y107.168 Z16.160 E5964.52570
G1 X110.489 Y107.907 Z16.164 E5965.73943
G1 X109.814 Y108.607 Z16.168 E5966.95329
G1 X109.137 Y109.307 Z16.172 E5968.16710
G1 X108.436 Y109.982 Z16.176 E5969.38097
G1 X107.725 Y110.646 Z16.180 E5970.59440
G1 X106.984 Y111.277 Z16.184 E5971.80826
G1 X106.238 Y111.901 Z16.189 E5973.02196
G1 X105.474 Y112.505 Z16.193 E5974.23583
G1 X104.695 Y113.087 Z16.197 E5975.44914
G1 X103.896 Y113.643 Z16.201 E5976.66299
G1 X103.088 Y114.185 Z16.205 E5977.87665
G1 X102.269 Y114.711 Z16.209 E5979.09052
G1 X101.431 Y115.205 Z16.213 E5980.30384
G1 X100.581 Y115.679 Z16.217 E5981.51770
G1 X99.721 Y116.134 Z16.221 E5982.73137
G1 X98.854 Y116.577 Z16.225 E5983.94524
G1 X97.967 Y116.976 Z16.230 E5985.15875
G1 X97.075 Y117.364 Z16.234 E5986.37261
G1 X96.171 Y117.726 Z16.238 E5987.58635
G1 X95.266 Y118.082 Z16.242 E5988.80022
G1 X94.340 Y118.382 Z16.246 E5990.01407
G1 X93.414 Y118.681 Z16.250 E5991.22793
G1 X92.477 Y118.947 Z16.254 E5992.44179
G1 X91.538 Y119.201 Z16.258 E5993.65531
G1 X90.587 Y119.408 Z16.262 E5994.86917
G1 X89.635 Y119.609 Z16.266 E5996.08290
G1 X88.677 Y119.781 Z16.270 E5997.29677
G1 X87.716 Y119.931 Z16.275 E5998.51010
G1 X86.749 Y120.044 Z16.279 E5999.72396
G1 X85.781 Y120.144 Z16.283 E6000.93762
G1 X84.811 Y120.222 Z16.287 E6002.15149
G1 X83.839 Y120.266 Z16.291 E6003.36479
G1 X82.866 Y120.284 Z16.295 E6004.57865
G1 X81.893 Y120.281 Z16.299 E6005.79231
G1 X80.920 Y120.263 Z16.303 E6007.00618
G1 X79.949 Y120.201 Z16.307 E6008.21961
G1 X78.979 Y120.123 Z16.311 E6009.43346
G1 X78.012 Y120.019 Z16.316 E6010.64718
G1 X77.045 Y119.905 Z16.320 E6011.86104
G1 X76.087 Y119.737 Z16.324 E6013.07477
G1 X75.129 Y119.564 Z16.328 E6014.28862
G1 X74.178 Y119.359 Z16.332 E6015.50244
G1 X73.229 Y119.144 Z16.336 E6016.71606
G1 X72.292 Y118.879 Z16.340 E6017.92992
G1 X71.357 Y118.609 Z16.344 E6019.14368
G1 X70.431 Y118.310 Z16.348 E6020.35755
G1 X69.512 Y117.992 Z16.352 E6021.57093
G1 X68.606 Y117.637 Z16.357 E6022.78478
G1 X67.704 Y117.270 Z16.361 E6023.99847
G1 X66.812 Y116.881 Z16.365 E6025.21234
G1 X65.933 Y116.465 Z16.369 E6026.42563
G1 X65.066 Y116.022 Z16.373 E6027.63948
G1 X64.208 Y115.564 Z16.377 E6028.85314
G1 X63.358 Y115.089 Z16.381 E6030.06701
G1 X62.530 Y114.579 Z16.385 E6031.28038
G1 X61.711 Y114.054 Z16.389 E6032.49423
G1 X60.906 Y113.507 Z16.393 E6033.70792
G1 X60.106 Y112.952 Z16.398 E6034.92179
G1 X59.338 Y112.354 Z16.402 E6036.13540
G1 X58.575 Y111.751 Z16.406 E6037.34925
G1 X57.831 Y111.123 Z16.410 E6038.56303
G1 X57.093 Y110.489 Z16.414 E6039.77677
G1 X56.392 Y109.814 Z16.418 E6040.99062
G1 X55.693 Y109.137 Z16.422 E6042.20443
G1 X55.018 Y108.436 Z16.426 E6043.41830
G1 X54.354 Y107.725 Z16.430 E6044.63174
G1 X53.723 Y106.984 Z16.434 E6045.84559
G1 X53.098 Y106.238 Z16.439 E6047.05930
G1 X52.495 Y105.474 Z16.443 E6048.27317
G1 X51.913 Y104.695 Z16.447 E6049.48647
G1 X51.357 Y103.896 Z16.451 E6050.70032
G1 X50.815 Y103.088 Z16.455 E6051.91398
G1 X50.289 Y102.269 Z16.459 E6053.12785
G1 X49.795 Y101.431 Z16.463 E6054.34118
G1 X49.321 Y100.581 Z16.467 E6055.55503
G1 X48.866 Y99.721 Z16.471 E6056.76870
G1 X48.423 Y98.854 Z16.475 E6057.98257
G1 X48.024 Y97.967 Z16.480 E6059.19608
G1 X47.636 Y97.074 Z16.484 E6060.40994
G1 X47.274 Y96.171 Z16.488 E6061.62368
G1 X46.918 Y95.265 Z16.492 E6062.83755
G1 X46.618 Y94.339 Z16.496 E6064.05140
G1 X46.319 Y93.413 Z16.500 E6065.26526
G1 X46.053 Y92.477 Z16.504 E6066.47913
G1 X45.799 Y91.538 Z16.508 E6067.69265
G1 X45.592 Y90.587 Z16.512 E6068.90650
G1 X45.391 Y89.635 Z16.516 E6070.12024
G1 X45.219 Y88.677 Z16.520 E6071.33410
G1 X45.069 Y87.716 Z16.525 E6072.54743
G1 X44.956 Y86.749 Z16.529 E6073.76129
G1 X44.856 Y85.781 Z16.533 E6074.97496
G1 X44.778 Y84.811 Z16.537 E6076.18883
G1 X44.734 Y83.839 Z16.541 E6077.40213
G1 X44.716 Y82.866 Z16.545 E6078.61598
G1 X44.719 Y81.893 Z16.549 E6079.82964
G1 X44.737 Y80.920 Z16.553 E6081.04351
G1 X44.799 Y79.949 Z16.557 E6082.25694
G1 X44.877 Y78.979 Z16.561 E6083.47080
G1 X44.981 Y78.012 Z16.566 E6084.68451
G1 X45.095 Y77.045 Z16.570 E6085.89838
G1 X45.263 Y76.087 Z16.574 E6087.11210
G1 X45.436 Y75.129 Z16.578 E6088.32596
G1 X45.641 Y74.177 Z16.582 E6089.53978
G1 X45.856 Y73.228 Z16.586 E6090.75339
G1 X46.121 Y72.292 Z16.590 E6091.96725
G1 X46.391 Y71.357 Z16.594 E6093.18102
G1 X46.690 Y70.431 Z16.598 E6094.39489
G1 X47.008 Y69.511 Z16.602 E6095.60826
G1 X47.363 Y68.606 Z16.607 E6096.82212
G1 X47.730 Y67.704 Z16.611 E6098.03580
G1 X48.119 Y66.812 Z16.615 E6099.24967
G1 X48.535 Y65.933 Z16.619 E6100.46296
G1 X48.978 Y65.066 Z16.623 E6101.67682
G1 X49.436 Y64.208 Z16.627 E6102.89047
G1 X49.911 Y63.358 Z16.631 E6104.10434
G1 X50.421 Y62.530 Z16.635 E6105.31771
G1 X50.946 Y61.711 Z16.639 E6106.53157
G1 X51.493 Y60.905 Z16.643 E6107.74525
G1 X52.048 Y60.106 Z16.648 E6108.95912
G1 X52.646 Y59.338 Z16.652 E6110.17273
G1 X53.249 Y58.575 Z16.656 E6111.38659
G1 X53.877 Y57.831 Z16.660 E6112.60036
G1 X54.511 Y57.093 Z16.664 E6113.81410
G1 X55.186 Y56.392 Z16.668 E6115.02795
G1 X55.863 Y55.693 Z16.672 E6116.24176
G1 X56.564 Y55.018 Z16.676 E6117.45563
G1 X57.275 Y54.353 Z16.680 E6118.66907
G1 X58.016 Y53.722 Z16.684 E6119.88293
G1 X58.762 Y53.098 Z16.689 E6121.09663
G1 X59.526 Y52.495 Z16.693 E6122.31050
G1 X60.305 Y51.912 Z16.697 E6123.52380
G1 X61.104 Y51.357 Z16.701 E6124.73766
G1 X61.912 Y50.815 Z16.705 E6125.95132
G1 X62.731 Y50.289 Z16.709 E6127.16518
G1 X63.570 Y49.795 Z16.713 E6128.37851
G1 X64.419 Y49.321 Z16.717 E6129.59237
G1 X65.280 Y48.866 Z16.721 E6130.80604
G1 X66.146 Y48.423 Z16.725 E6132.01991
G1 X67.034 Y48.024 Z16.730 E6133.23342
G1 X67.926 Y47.635 Z16.734 E6134.44727
G1 X68.829 Y47.273 Z16.738 E6135.66101
G1 X69.735 Y46.918 Z16.742 E6136.87488
G1 X70.661 Y46.617 Z16.746 E6138.08875
G1 X71.586 Y46.316 Z16.750 E6139.30261
G1 X72.523 Y46.053 Z16.754 E6140.51647
G1 X73.463 Y45.800 Z16.758 E6141.73005
G1 X74.413 Y45.591 Z16.762 E6142.94387
G1 X75.365 Y45.390 Z16.766 E6144.15760
G1 X76.323 Y45.218 Z16.770 E6145.37147
G1 X77.284 Y45.069 Z16.775 E6146.58482
G1 X78.251 Y44.956 Z16.779 E6147.79867
G1 X79.219 Y44.856 Z16.783 E6149.01234
G1 X80.189 Y44.778 Z16.787 E6150.22621
G1 X81.161 Y44.734 Z16.791 E6151.43951
G1 X82.134 Y44.716 Z16.795 E6152.65336
G1 X83.107 Y44.719 Z16.799 E6153.86702
G1 X84.080 Y44.737 Z16.803 E6155.08089
G1 X85.051 Y44.799 Z16.807 E6156.29432
G1 X86.021 Y44.877 Z16.811 E6157.50818
G1 X86.989 Y44.981 Z16.816 E6158.72189
G1 X87.955 Y45.095 Z16.820 E6159.93576
G1 X88.914 Y45.263 Z16.824 E6161.14948
G1 X89.871 Y45.436 Z16.828 E6162.36334
G1 X90.823 Y45.641 Z16.832 E6163.57716
G1 X91.772 Y45.856 Z16.836 E6164.79078
G1 X92.708 Y46.121 Z16.840 E6166.00463
G1 X93.643 Y46.391 Z16.844 E6167.21840
G1 X94.569 Y46.690 Z16.848 E6168.43227
G1 X95.489 Y47.008 Z16.852 E6169.64564
G1 X96.395 Y47.364 Z16.857 E6170.85950
G1 X97.296 Y47.730 Z16.861 E6172.07318
G1 X98.188 Y48.119 Z16.865 E6173.28705
G1 X99.068 Y48.535 Z16.869 E6174.50034
G1 X99.934 Y48.978 Z16.873 E6175.71420
G1 X100.792 Y49.436 Z16.877 E6176.92785
G1 X101.642 Y49.911 Z16.881 E6178.14172
G1 X102.471 Y50.421 Z16.885 E6179.35509
G1 X103.290 Y50.947 Z16.889 E6180.56895
G1 X104.095 Y51.493 Z16.893 E6181.78264
G1 X104.894 Y52.048 Z16.898 E6182.99651
G1 X105.662 Y52.646 Z16.902 E6184.21011
G1 X106.425 Y53.249 Z16.906 E6185.42397
G1 X107.169 Y53.877 Z16.910 E6186.63775
G1 X107.907 Y54.511 Z16.914 E6187.85148
G1 X108.608 Y55.187 Z16.918 E6189.06534
G1 X109.307 Y55.864 Z16.922 E6190.27915
G1 X109.982 Y56.564 Z16.926 E6191.49301
G1 X110.648 Y57.274 Z16.930 E6192.70655
G1 X111.284 Y58.011 Z16.934 E6193.92048
G1 X111.909 Y58.757 Z16.939 E6195.13408
G1 X112.506 Y59.526 Z16.943 E6196.34801
G1 X113.090 Y60.304 Z16.947 E6197.56164
G1 X113.644 Y61.103 Z16.951 E6198.77548
G1 X114.186 Y61.912 Z16.955 E6199.98914
G1 X114.711 Y62.731 Z16.959 E6201.20302
G1 X115.205 Y63.570 Z16.963 E6202.41636
G1 X115.679 Y64.419 Z16.967 E6203.63022
G1 X116.134 Y65.280 Z16.971 E6204.84389
G1 X116.577 Y66.146 Z16.975 E6206.05776
G1 X116.976 Y67.034 Z16.980 E6207.27127
G1 X117.365 Y67.926 Z16.984 E6208.48513
G1 X117.727 Y68.829 Z16.988 E6209.69887
G1 X118.082 Y69.735 Z16.992 E6210.91274
G1 X118.382 Y70.661 Z16.996 E6212.12659
G1 X118.681 Y71.587 Z17.000 E6213.34045
;LAYER:16
;TYPE:WALL-OUTER
G1 F1500 E6213.24045
G0 F1500 X118.827 Y69.476 Z17.000
G1 F1500 E6213.34045
G1 X119.130 Y70.423 Z17.004 E6214.57956
G1 X119.433 Y71.369 Z17.008 E6215.81868
G1 X119.707 Y72.324 Z17.012 E6217.05780
G1 X119.968 Y73.282 Z17.016 E6218.29651
G1 X120.178 Y74.253 Z17.020 E6219.53563
G1 X120.382 Y75.225 Z17.025 E6220.77476
G1 X120.570 Y76.201 Z17.029 E6222.01412
G1 X120.728 Y77.181 Z17.033 E6223.25248
G1 X120.833 Y78.170 Z17.037 E6224.49183
G1 X120.927 Y79.159 Z17.041 E6225.73101
G1 X121.007 Y80.149 Z17.045 E6226.97018
G1 X121.051 Y81.141 Z17.049 E6228.20866
G1 X121.067 Y82.134 Z17.053 E6229.44777
G1 X121.065 Y83.127 Z17.057 E6230.68674
G1 X121.050 Y84.121 Z17.061 E6231.92586
G1 X120.984 Y85.112 Z17.066 E6233.16445
G1 X120.902 Y86.102 Z17.070 E6234.40357
G1 X120.797 Y87.090 Z17.074 E6235.64258
G1 X120.684 Y88.077 Z17.078 E6236.88171
G1 X120.509 Y89.055 Z17.082 E6238.12065
G1 X120.330 Y90.032 Z17.086 E6239.35977
G1 X120.123 Y91.003 Z17.090 E6240.59886
G1 X119.907 Y91.973 Z17.094 E6241.83767
G1 X119.633 Y92.928 Z17.098 E6243.07679
G1 X119.355 Y93.881 Z17.102 E6244.31584
G1 X119.052 Y94.828 Z17.107 E6245.55496
G1 X118.729 Y95.767 Z17.111 E6246.79348
G1 X118.363 Y96.690 Z17.115 E6248.03259
G1 X117.988 Y97.610 Z17.119 E6249.27158
G1 X117.594 Y98.522 Z17.123 E6250.51071
G1 X117.169 Y99.420 Z17.127 E6251.74912
G1 X116.714 Y100.303 Z17.131 E6252.98823
G1 X116.246 Y101.179 Z17.135 E6254.22721
G1 X115.764 Y102.048 Z17.139 E6255.46633
G1 X115.243 Y102.893 Z17.143 E6256.70484
G1 X114.703 Y103.727 Z17.148 E6257.94395
G1 X114.146 Y104.550 Z17.152 E6259.18295
G1 X113.582 Y105.367 Z17.156 E6260.42208
G1 X112.970 Y106.150 Z17.160 E6261.66088
G1 X112.352 Y106.927 Z17.164 E6262.90000
G1 X111.712 Y107.688 Z17.168 E6264.13906
G1 X111.067 Y108.443 Z17.172 E6265.37802
G1 X110.376 Y109.156 Z17.176 E6266.61713
G1 X109.682 Y109.868 Z17.180 E6267.85621
G1 X108.969 Y110.559 Z17.184 E6269.09534
G1 X108.245 Y111.238 Z17.189 E6270.33393
G1 X107.486 Y111.880 Z17.193 E6271.57304
G1 X106.723 Y112.516 Z17.197 E6272.81205
G1 X105.946 Y113.135 Z17.201 E6274.05118
G1 X105.151 Y113.729 Z17.205 E6275.28960
G1 X104.333 Y114.294 Z17.209 E6276.52871
G1 X103.508 Y114.847 Z17.213 E6277.76769
G1 X102.674 Y115.386 Z17.217 E6279.00682
G1 X101.818 Y115.889 Z17.221 E6280.24527
G1 X100.949 Y116.371 Z17.225 E6281.48438
G1 X100.071 Y116.836 Z17.230 E6282.72337
G1 X99.187 Y117.291 Z17.234 E6283.96249
G1 X98.281 Y117.696 Z17.238 E6285.20118
G1 X97.369 Y118.090 Z17.242 E6286.44029
G1 X96.447 Y118.461 Z17.246 E6287.67933
G1 X95.524 Y118.827 Z17.250 E6288.91845
G1 X94.578 Y119.130 Z17.254 E6290.15757
G1 X93.631 Y119.433 Z17.258 E6291.39668
G1 X92.676 Y119.706 Z17.262 E6292.63580
G1 X91.718 Y119.968 Z17.266 E6293.87449
G1 X90.747 Y120.177 Z17.270 E6295.11361
G1 X89.774 Y120.379 Z17.275 E6296.35264
G1 X88.797 Y120.558 Z17.279 E6297.59176
G1 X87.816 Y120.712 Z17.283 E6298.83022
G1 X86.829 Y120.825 Z17.287 E6300.06933
G1 X85.841 Y120.926 Z17.291 E6301.30831
G1 X84.851 Y121.008 Z17.295 E6302.54744
G1 X83.859 Y121.052 Z17.299 E6303.78586
G1 X82.866 Y121.067 Z17.303 E6305.02497
G1 X81.872 Y121.065 Z17.307 E6306.26395
G1 X80.879 Y121.050 Z17.311 E6307.50308
G1 X79.888 Y120.984 Z17.316 E6308.74166
G1 X78.898 Y120.902 Z17.320 E6309.98078
G1 X77.910 Y120.797 Z17.324 E6311.21979
G1 X76.923 Y120.684 Z17.328 E6312.45892
G1 X75.945 Y120.509 Z17.332 E6313.69787
G1 X74.968 Y120.330 Z17.336 E6314.93698
G1 X73.996 Y120.123 Z17.340 E6316.17607
G1 X73.027 Y119.906 Z17.344 E6317.41489
G1 X72.072 Y119.632 Z17.348 E6318.65400
G1 X71.118 Y119.355 Z17.352 E6319.89305
G1 X70.172 Y119.052 Z17.357 E6321.13218
G1 X69.233 Y118.729 Z17.361 E6322.37069
G1 X68.310 Y118.363 Z17.365 E6323.60980
G1 X67.390 Y117.988 Z17.369 E6324.84880
G1 X66.478 Y117.594 Z17.373 E6326.08792
G1 X65.580 Y117.169 Z17.377 E6327.32633
G1 X64.697 Y116.714 Z17.381 E6328.56544
G1 X63.821 Y116.246 Z17.385 E6329.80442
G1 X62.952 Y115.764 Z17.389 E6331.04355
G1 X62.107 Y115.242 Z17.393 E6332.28205
G1 X61.273 Y114.703 Z17.398 E6333.52117
G1 X60.450 Y114.146 Z17.402 E6334.76017
G1 X59.633 Y113.582 Z17.406 E6335.99929
G1 X58.850 Y112.970 Z17.410 E6337.23810
G1 X58.073 Y112.351 Z17.414 E6338.47721
G1 X57.312 Y111.712 Z17.418 E6339.71627
G1 X56.557 Y111.067 Z17.422 E6340.95523
G1 X55.844 Y110.375 Z17.426 E6342.19435
G1 X55.132 Y109.682 Z17.430 E6343.43343
G1 X54.441 Y108.969 Z17.434 E6344.67255
G1 X53.761 Y108.245 Z17.439 E6345.91114
G1 X53.120 Y107.486 Z17.443 E6347.15025
G1 X52.484 Y106.723 Z17.447 E6348.38926
G1 X51.865 Y105.946 Z17.451 E6349.62839
G1 X51.271 Y105.150 Z17.455 E6350.86681
G1 X50.706 Y104.333 Z17.459 E6352.10592
G1 X50.153 Y103.508 Z17.463 E6353.34490
G1 X49.614 Y102.673 Z17.467 E6354.58403
G1 X49.110 Y101.817 Z17.471 E6355.82248
G1 X48.629 Y100.948 Z17.475 E6357.06159
G1 X48.164 Y100.071 Z17.480 E6358.30059
G1 X47.709 Y99.187 Z17.484 E6359.53972
G1 X47.303 Y98.281 Z17.488 E6360.77840
G1 X46.910 Y97.368 Z17.492 E6362.01751
G1 X46.538 Y96.447 Z17.496 E6363.25662
G1 X46.170 Y95.525 Z17.500 E6364.49580
G1 X45.868 Y94.578 Z17.504 E6365.73494
G1 X45.567 Y93.631 Z17.508 E6366.97410
G1 X45.293 Y92.676 Z17.512 E6368.21322
G1 X45.032 Y91.718 Z17.516 E6369.45191
G1 X44.823 Y90.747 Z17.520 E6370.69103
G1 X44.621 Y89.774 Z17.525 E6371.93005
G1 X44.442 Y88.797 Z17.529 E6373.16918
G1 X44.288 Y87.816 Z17.533 E6374.40763
G1 X44.175 Y86.829 Z17.537 E6375.64675
G1 X44.074 Y85.841 Z17.541 E6376.88573
G1 X43.992 Y84.851 Z17.545 E6378.12486
G1 X43.948 Y83.859 Z17.549 E6379.36328
G1 X43.933 Y82.865 Z17.553 E6380.60239
G1 X43.935 Y81.872 Z17.557 E6381.84137
G1 X43.950 Y80.879 Z17.561 E6383.08050
G1 X44.016 Y79.888 Z17.566 E6384.31908
G1 X44.098 Y78.898 Z17.570 E6385.55819
G1 X44.203 Y77.910 Z17.574 E6386.79721
G1 X44.316 Y76.923 Z17.578 E6388.03634
G1 X44.491 Y75.945 Z17.582 E6389.27528
G1 X44.670 Y74.968 Z17.586 E6390.51440
G1 X44.877 Y73.996 Z17.590 E6391.75349
G1 X45.094 Y73.027 Z17.594 E6392.99230
G1 X45.368 Y72.072 Z17.598 E6394.23142
G1 X45.645 Y71.118 Z17.602 E6395.47047
G1 X45.948 Y70.172 Z17.607 E6396.70959
G1 X46.271 Y69.233 Z17.611 E6397.94811
G1 X46.637 Y68.309 Z17.615 E6399.18722
G1 X47.012 Y67.390 Z17.619 E6400.42621
G1 X47.406 Y66.478 Z17.623 E6401.66534
G1 X47.831 Y65.580 Z17.627 E6402.90375
G1 X48.286 Y64.697 Z17.631 E6404.14286
G1 X48.755 Y63.821 Z17.635 E6405.38184
G1 X49.236 Y62.952 Z17.639 E6406.62096
G1 X49.758 Y62.107 Z17.643 E6407.85947
G1 X50.297 Y61.273 Z17.648 E6409.09858
G1 X50.854 Y60.450 Z17.652 E6410.33758
G1 X51.418 Y59.633 Z17.656 E6411.57671
G1 X52.030 Y58.850 Z17.660 E6412.81551
G1 X52.649 Y58.073 Z17.664 E6414.05463
G1 X53.288 Y57.312 Z17.668 E6415.29369
G1 X53.933 Y56.557 Z17.672 E6416.53265
G1 X54.625 Y55.844 Z17.676 E6417.77176
G1 X55.318 Y55.132 Z17.680 E6419.01084
G1 X56.031 Y54.440 Z17.684 E6420.24997
G1 X56.756 Y53.761 Z17.689 E6421.48856
G1 X57.514 Y53.119 Z17.693 E6422.72767
G1 X58.277 Y52.484 Z17.697 E6423.96668
G1 X59.055 Y51.865 Z17.701 E6425.20581
G1 X59.850 Y51.270 Z17.705 E6426.44423
G1 X60.667 Y50.706 Z17.709 E6427.68334
G1 X61.492 Y50.153 Z17.713 E6428.92232
G1 X62.327 Y49.614 Z17.717 E6430.16144
G1 X63.183 Y49.110 Z17.721 E6431.39990
G1 X64.052 Y48.629 Z17.725 E6432.63901
G1 X64.930 Y48.164 Z17.730 E6433.87800
G1 X65.813 Y47.709 Z17.734 E6435.11712
G1 X66.720 Y47.304 Z17.738 E6436.35581
G1 X67.632 Y46.910 Z17.742 E6437.59492
G1 X68.553 Y46.539 Z17.746 E6438.83396
G1 X69.477 Y46.173 Z17.750 E6440.07308
G1 X70.423 Y45.870 Z17.754 E6441.31220
G1 X71.369 Y45.567 Z17.758 E6442.55131
G1 X72.324 Y45.293 Z17.762 E6443.79043
G1 X73.282 Y45.032 Z17.766 E6445.02912
G1 X74.253 Y44.823 Z17.770 E6446.26824
G1 X75.226 Y44.620 Z17.775 E6447.50726
G1 X76.203 Y44.442 Z17.779 E6448.74639
G1 X77.184 Y44.288 Z17.783 E6449.98485
G1 X78.171 Y44.175 Z17.787 E6451.22396
G1 X79.159 Y44.074 Z17.791 E6452.46294
G1 X80.150 Y43.992 Z17.795 E6453.70207
G1 X81.141 Y43.948 Z17.799 E6454.94049
G1 X82.135 Y43.933 Z17.803 E6456.17960
G1 X83.128 Y43.935 Z17.807 E6457.41858
G1 X84.122 Y43.950 Z17.811 E6458.65771
G1 X85.112 Y44.016 Z17.816 E6459.89629
G1 X86.102 Y44.098 Z17.820 E6461.13541
G1 X87.090 Y44.203 Z17.824 E6462.37442
G1 X88.077 Y44.316 Z17.828 E6463.61355
G1 X89.055 Y44.491 Z17.832 E6464.85250
G1 X90.032 Y44.670 Z17.836 E6466.09161
G1 X91.004 Y44.877 Z17.840 E6467.33070
G1 X91.973 Y45.094 Z17.844 E6468.56952
G1 X92.928 Y45.368 Z17.848 E6469.80863
G1 X93.882 Y45.645 Z17.852 E6471.04768
G1 X94.828 Y45.948 Z17.857 E6472.28681
G1 X95.767 Y46.271 Z17.861 E6473.52532
G1 X96.691 Y46.637 Z17.865 E6474.76443
G1 X97.611 Y47.012 Z17.869 E6476.00342
G1 X98.523 Y47.407 Z17.873 E6477.24255
G1 X99.420 Y47.831 Z17.877 E6478.48096
G1 X100.303 Y48.286 Z17.881 E6479.72007
G1 X101.179 Y48.755 Z17.885 E6480.95905
G1 X102.048 Y49.236 Z17.889 E6482.19818
G1 X102.893 Y49.758 Z17.893 E6483.43668
G1 X103.728 Y50.297 Z17.898 E6484.67580
G1 X104.550 Y50.854 Z17.902 E6485.91480
G1 X105.368 Y51.418 Z17.906 E6487.15392
G1 X106.150 Y52.030 Z17.910 E6488.39273
G1 X106.927 Y52.649 Z17.914 E6489.63184
G1 X107.688 Y53.288 Z17.918 E6490.87090
G1 X108.443 Y53.933 Z17.922 E6492.10986
G1 X109.156 Y54.625 Z17.926 E6493.34898
G1 X109.868 Y55.318 Z17.930 E6494.58805
G1 X110.560 Y56.031 Z17.934 E6495.82718
G1 X111.241 Y56.754 Z17.939 E6497.06593
G1 X111.889 Y57.507 Z17.943 E6498.30513
G1 X112.527 Y58.269 Z17.947 E6499.54398
G1 X113.135 Y59.054 Z17.951 E6500.78318
G1 X113.733 Y59.848 Z17.955 E6502.02209
G1 X114.296 Y60.666 Z17.959 E6503.26119
G1 X114.848 Y61.491 Z17.963 E6504.50016
G1 X115.387 Y62.326 Z17.967 E6505.73931
G1 X115.890 Y63.183 Z17.971 E6506.97779
G1 X116.371 Y64.052 Z17.975 E6508.21690
G1 X116.836 Y64.930 Z17.980 E6509.45589
G1 X117.291 Y65.813 Z17.984 E6510.69501
G1 X117.696 Y66.719 Z17.988 E6511.93370
G1 X118.090 Y67.631 Z17.992 E6513.17281
G1 X118.461 Y68.553 Z17.996 E6514.41185
G1 X118.827 Y69.476 Z18.000 E6515.65097
;LAYER:17
;TYPE:WALL-OUTER
G1 X119.554 Y69.212 Z18.000 E6516.61561
G1 X119.866 Y70.177 Z18.004 E6517.87963
G1 X120.179 Y71.141 Z18.008 E6519.14366
G1 X120.454 Y72.116 Z18.012 E6520.40769
G1 X120.719 Y73.094 Z18.016 E6521.67138
G1 X120.936 Y74.084 Z18.020 E6522.93543
G1 X121.147 Y75.075 Z18.025 E6524.19944
G1 X121.336 Y76.071 Z18.029 E6525.46368
G1 X121.496 Y77.071 Z18.033 E6526.72702
G1 X121.606 Y78.079 Z18.037 E6527.99125
G1 X121.703 Y79.088 Z18.041 E6529.25527
G1 X121.782 Y80.098 Z18.045 E6530.51931
G1 X121.827 Y81.110 Z18.049 E6531.78279
G1 X121.846 Y82.123 Z18.053 E6533.04684
G1 X121.843 Y83.137 Z18.057 E6534.31067
G1 X121.824 Y84.150 Z18.061 E6535.57470
G1 X121.758 Y85.161 Z18.066 E6536.83830
G1 X121.678 Y86.171 Z18.070 E6538.10232
G1 X121.568 Y87.178 Z18.074 E6539.36620
G1 X121.450 Y88.185 Z18.078 E6540.63024
G1 X121.275 Y89.183 Z18.082 E6541.89412
G1 X121.096 Y90.181 Z18.086 E6543.15815
G1 X120.881 Y91.171 Z18.090 E6544.42214
G1 X120.658 Y92.159 Z18.094 E6545.68592
G1 X120.381 Y93.134 Z18.098 E6546.94995
G1 X120.100 Y94.108 Z18.102 E6548.21387
G1 X119.788 Y95.072 Z18.107 E6549.47791
G1 X119.458 Y96.030 Z18.111 E6550.74144
G1 X119.087 Y96.973 Z18.115 E6552.00546
G1 X118.705 Y97.912 Z18.119 E6553.26930
G1 X118.300 Y98.841 Z18.123 E6554.53334
G1 X117.867 Y99.756 Z18.127 E6555.79678
G1 X117.406 Y100.659 Z18.131 E6557.06081
G1 X116.928 Y101.552 Z18.135 E6558.32462
G1 X116.433 Y102.437 Z18.139 E6559.58866
G1 X115.903 Y103.300 Z18.143 E6560.85218
G1 X115.355 Y104.153 Z18.148 E6562.11621
G1 X114.786 Y104.991 Z18.152 E6563.38006
G1 X114.207 Y105.823 Z18.156 E6564.64410
G1 X113.585 Y106.623 Z18.160 E6565.90787
G1 X112.957 Y107.418 Z18.164 E6567.17189
G1 X112.303 Y108.192 Z18.168 E6568.43584
G1 X111.643 Y108.961 Z18.172 E6569.69974
G1 X110.939 Y109.690 Z18.176 E6570.96376
G1 X110.234 Y110.418 Z18.180 E6572.22773
G1 X109.504 Y111.121 Z18.184 E6573.49177
G1 X108.764 Y111.813 Z18.189 E6574.75536
G1 X107.993 Y112.470 Z18.193 E6576.01939
G1 X107.215 Y113.120 Z18.197 E6577.28324
G1 X106.420 Y113.748 Z18.201 E6578.54728
G1 X105.608 Y114.354 Z18.205 E6579.81074
G1 X104.776 Y114.933 Z18.209 E6581.07476
G1 X103.935 Y115.498 Z18.213 E6582.33858
G1 X103.082 Y116.045 Z18.217 E6583.60261
G1 X102.209 Y116.559 Z18.221 E6584.86609
G1 X101.324 Y117.053 Z18.225 E6586.13012
G1 X100.428 Y117.526 Z18.230 E6587.39395
G1 X99.525 Y117.987 Z18.234 E6588.65799
G1 X98.601 Y118.403 Z18.238 E6589.92166
G1 X97.672 Y118.808 Z18.242 E6591.18568
G1 X96.732 Y119.184 Z18.246 E6592.44959
G1 X95.788 Y119.554 Z18.250 E6593.71363
G1 X94.824 Y119.866 Z18.254 E6594.97765
G1 X93.860 Y120.178 Z18.258 E6596.24167
G1 X92.885 Y120.454 Z18.262 E6597.50570
G1 X91.907 Y120.719 Z18.266 E6598.76938
G1 X90.916 Y120.935 Z18.270 E6600.03341
G1 X89.925 Y121.144 Z18.275 E6601.29729
G1 X88.927 Y121.323 Z18.279 E6602.56133
G1 X87.926 Y121.479 Z18.283 E6603.82482
G1 X86.920 Y121.597 Z18.287 E6605.08884
G1 X85.912 Y121.700 Z18.291 E6606.35266
G1 X84.902 Y121.781 Z18.295 E6607.61670
G1 X83.890 Y121.827 Z18.299 E6608.88015
G1 X82.876 Y121.846 Z18.303 E6610.14418
G1 X81.863 Y121.843 Z18.307 E6611.40800
G1 X80.850 Y121.824 Z18.311 E6612.67203
G1 X79.839 Y121.758 Z18.316 E6613.93562
G1 X78.829 Y121.678 Z18.320 E6615.19965
G1 X77.821 Y121.569 Z18.324 E6616.46352
G1 X76.815 Y121.450 Z18.328 E6617.72756
G1 X75.817 Y121.275 Z18.332 E6618.99145
G1 X74.819 Y121.096 Z18.336 E6620.25547
G1 X73.829 Y120.881 Z18.340 E6621.51947
G1 X72.840 Y120.657 Z18.344 E6622.78325
G1 X71.865 Y120.381 Z18.348 E6624.04727
G1 X70.892 Y120.100 Z18.352 E6625.31120
G1 X69.928 Y119.788 Z18.357 E6626.57523
G1 X68.970 Y119.457 Z18.361 E6627.83876
G1 X68.027 Y119.087 Z18.365 E6629.10279
G1 X67.088 Y118.705 Z18.369 E6630.36663
G1 X66.159 Y118.300 Z18.373 E6631.63066
G1 X65.243 Y117.867 Z18.377 E6632.89411
G1 X64.341 Y117.406 Z18.381 E6634.15813
G1 X63.448 Y116.928 Z18.385 E6635.42195
G1 X62.563 Y116.433 Z18.389 E6636.68598
G1 X61.700 Y115.902 Z18.393 E6637.94951
G1 X60.847 Y115.355 Z18.398 E6639.21353
G1 X60.009 Y114.786 Z18.402 E6640.47738
G1 X59.177 Y114.207 Z18.406 E6641.74142
G1 X58.377 Y113.585 Z18.410 E6643.00519
G1 X57.582 Y112.957 Z18.414 E6644.26922
G1 X56.808 Y112.303 Z18.418 E6645.53316
G1 X56.039 Y111.642 Z18.422 E6646.79706
G1 X55.309 Y110.939 Z18.426 E6648.06109
G1 X54.582 Y110.234 Z18.430 E6649.32505
G1 X53.879 Y109.504 Z18.434 E6650.58909
G1 X53.187 Y108.764 Z18.439 E6651.85269
G1 X52.530 Y107.992 Z18.443 E6653.11671
G1 X51.880 Y107.215 Z18.447 E6654.38057
G1 X51.252 Y106.419 Z18.451 E6655.64461
G1 X50.645 Y105.608 Z18.455 E6656.90806
G1 X50.067 Y104.776 Z18.459 E6658.17209
G1 X49.502 Y103.934 Z18.463 E6659.43590
G1 X48.955 Y103.081 Z18.467 E6660.69994
G1 X48.441 Y102.209 Z18.471 E6661.96342
G1 X47.947 Y101.324 Z18.475 E6663.22745
G1 X47.473 Y100.428 Z18.480 E6664.49131
G1 X47.012 Y99.526 Z18.484 E6665.75537
G1 X46.595 Y98.602 Z18.488 E6667.01902
G1 X46.194 Y97.671 Z18.492 E6668.28303
G1 X45.813 Y96.732 Z18.496 E6669.54723
G1 X45.435 Y95.792 Z18.500 E6670.81146
G1 X45.128 Y94.826 Z18.504 E6672.07559
G1 X44.822 Y93.860 Z18.508 E6673.33978
G1 X44.546 Y92.884 Z18.512 E6674.60382
G1 X44.281 Y91.906 Z18.516 E6675.86750
G1 X44.065 Y90.916 Z18.520 E6677.13152
G1 X43.856 Y89.925 Z18.525 E6678.39541
G1 X43.677 Y88.927 Z18.529 E6679.65945
G1 X43.521 Y87.926 Z18.533 E6680.92293
G1 X43.403 Y86.920 Z18.537 E6682.18696
G1 X43.299 Y85.912 Z18.541 E6683.45078
G1 X43.219 Y84.901 Z18.545 E6684.71481
G1 X43.173 Y83.890 Z18.549 E6685.97827
G1 X43.155 Y82.876 Z18.553 E6687.24229
G1 X43.157 Y81.863 Z18.557 E6688.50611
G1 X43.176 Y80.850 Z18.561 E6689.77015
G1 X43.242 Y79.839 Z18.566 E6691.03374
G1 X43.322 Y78.828 Z18.570 E6692.29776
G1 X43.431 Y77.821 Z18.574 E6693.56164
G1 X43.550 Y76.815 Z18.578 E6694.82567
G1 X43.725 Y75.816 Z18.582 E6696.08956
G1 X43.904 Y74.819 Z18.586 E6697.35359
G1 X44.119 Y73.829 Z18.590 E6698.61758
G1 X44.343 Y72.840 Z18.594 E6699.88136
G1 X44.619 Y71.865 Z18.598 E6701.14539
G1 X44.900 Y70.892 Z18.602 E6702.40931
G1 X45.212 Y69.927 Z18.607 E6703.67335
G1 X45.543 Y68.970 Z18.611 E6704.93688
G1 X45.913 Y68.027 Z18.615 E6706.20090
G1 X46.295 Y67.088 Z18.619 E6707.46474
G1 X46.700 Y66.159 Z18.623 E6708.72878
G1 X47.133 Y65.243 Z18.627 E6709.99222
G1 X47.594 Y64.341 Z18.631 E6711.25625
G1 X48.072 Y63.447 Z18.635 E6712.52006
G1 X48.567 Y62.563 Z18.639 E6713.78410
G1 X49.098 Y61.700 Z18.643 E6715.04762
G1 X49.645 Y60.847 Z18.648 E6716.31165
G1 X50.214 Y60.009 Z18.652 E6717.57550
G1 X50.793 Y59.177 Z18.656 E6718.83954
G1 X51.415 Y58.377 Z18.660 E6720.10331
G1 X52.043 Y57.582 Z18.664 E6721.36733
G1 X52.697 Y56.808 Z18.668 E6722.63128
G1 X53.358 Y56.039 Z18.672 E6723.89518
G1 X54.061 Y55.309 Z18.676 E6725.15920
G1 X54.766 Y54.582 Z18.680 E6726.42317
G1 X55.496 Y53.879 Z18.684 E6727.68721
G1 X56.236 Y53.187 Z18.689 E6728.95080
G1 X57.008 Y52.530 Z18.693 E6730.21483
G1 X57.785 Y51.880 Z18.697 E6731.47869
G1 X58.581 Y51.252 Z18.701 E6732.74272
G1 X59.392 Y50.645 Z18.705 E6734.00618
G1 X60.224 Y50.067 Z18.709 E6735.27021
G1 X61.066 Y49.502 Z18.713 E6736.53402
G1 X61.919 Y48.955 Z18.717 E6737.79806
G1 X62.792 Y48.441 Z18.721 E6739.06154
G1 X63.676 Y47.947 Z18.725 E6740.32556
G1 X64.572 Y47.474 Z18.730 E6741.58939
G1 X65.475 Y47.013 Z18.734 E6742.85343
G1 X66.399 Y46.597 Z18.738 E6744.11710
G1 X67.328 Y46.192 Z18.742 E6745.38113
G1 X68.269 Y45.816 Z18.746 E6746.64503
G1 X69.212 Y45.446 Z18.750 E6747.90907
G1 X70.176 Y45.133 Z18.754 E6749.17310
G1 X71.141 Y44.822 Z18.758 E6750.43711
G1 X72.116 Y44.546 Z18.762 E6751.70115
G1 X73.094 Y44.281 Z18.766 E6752.96482
G1 X74.084 Y44.065 Z18.770 E6754.22885
G1 X75.076 Y43.856 Z18.775 E6755.49273
G1 X76.073 Y43.677 Z18.779 E6756.75677
G1 X77.074 Y43.521 Z18.783 E6758.02026
G1 X78.081 Y43.403 Z18.787 E6759.28428
G1 X79.089 Y43.300 Z18.791 E6760.54810
G1 X80.099 Y43.219 Z18.795 E6761.81214
G1 X81.111 Y43.173 Z18.799 E6763.07559
G1 X82.124 Y43.154 Z18.803 E6764.33962
G1 X83.137 Y43.157 Z18.807 E6765.60344
G1 X84.151 Y43.176 Z18.811 E6766.86747
G1 X85.162 Y43.242 Z18.816 E6768.13106
G1 X86.172 Y43.322 Z18.820 E6769.39509
G1 X87.179 Y43.432 Z18.824 E6770.65896
G1 X88.186 Y43.550 Z18.828 E6771.92300
G1 X89.184 Y43.725 Z18.832 E6773.18689
G1 X90.181 Y43.904 Z18.836 E6774.45092
G1 X91.172 Y44.119 Z18.840 E6775.71491
G1 X92.160 Y44.343 Z18.844 E6776.97869
G1 X93.135 Y44.619 Z18.848 E6778.24272
G1 X94.109 Y44.900 Z18.852 E6779.50664
G1 X95.073 Y45.212 Z18.857 E6780.77068
G1 X96.030 Y45.543 Z18.861 E6782.03421
G1 X96.974 Y45.913 Z18.865 E6783.29823
G1 X97.912 Y46.295 Z18.869 E6784.56207
G1 X98.841 Y46.700 Z18.873 E6785.82611
G1 X99.757 Y47.133 Z18.877 E6787.08955
G1 X100.659 Y47.594 Z18.881 E6788.35358
G1 X101.553 Y48.073 Z18.885 E6789.61739
G1 X102.438 Y48.567 Z18.889 E6790.88143
G1 X103.300 Y49.098 Z18.893 E6792.14495
G1 X104.153 Y49.645 Z18.898 E6793.40898
G1 X104.992 Y50.214 Z18.902 E6794.67283
G1 X105.824 Y50.793 Z18.906 E6795.93686
G1 X106.623 Y51.415 Z18.910 E6797.20063
G1 X107.419 Y52.043 Z18.914 E6798.46466
G1 X108.192 Y52.698 Z18.918 E6799.72861
G1 X108.961 Y53.358 Z18.922 E6800.99251
G1 X109.691 Y54.061 Z18.926 E6802.25653
G1 X110.419 Y54.766 Z18.930 E6803.52050
G1 X111.122 Y55.496 Z18.934 E6804.78453
G1 X111.815 Y56.236 Z18.939 E6806.04823
G1 X112.477 Y57.003 Z18.943 E6807.31233
G1 X113.127 Y57.780 Z18.947 E6808.57608
G1 X113.749 Y58.580 Z18.951 E6809.84018
G1 X114.357 Y59.391 Z18.955 E6811.10396
G1 X114.935 Y60.223 Z18.959 E6812.36797
G1 X115.499 Y61.065 Z18.963 E6813.63178
G1 X116.045 Y61.919 Z18.967 E6814.89584
G1 X116.559 Y62.792 Z18.971 E6816.15933
G1 X117.053 Y63.676 Z18.975 E6817.42336
G1 X117.526 Y64.573 Z18.980 E6818.68719
G1 X117.987 Y65.475 Z18.984 E6819.95123
G1 X118.403 Y66.399 Z18.988 E6821.21490
G1 X118.808 Y67.328 Z18.992 E6822.47892
G1 X119.184 Y68.269 Z18.996 E6823.74283
G1 X119.554 Y69.212 Z19.000 E6825.00687
;LAYER:18
;TYPE:WALL-OUTER
G1 F1500 E6824.90687
G0 F1500 X120.917 Y70.879 Z19.000
G1 F1500 E6825.00687
G1 X121.186 Y71.877 Z19.004 E6826.29568
G1 X121.450 Y72.876 Z19.008 E6827.58440
G1 X121.683 Y73.883 Z19.012 E6828.87324
G1 X121.907 Y74.892 Z19.016 E6830.16183
G1 X122.087 Y75.909 Z19.020 E6831.45072
G1 X122.249 Y76.929 Z19.025 E6832.73918
G1 X122.372 Y77.955 Z19.029 E6834.02813
G1 X122.474 Y78.983 Z19.033 E6835.31661
G1 X122.542 Y80.015 Z19.037 E6836.60544
G1 X122.592 Y81.047 Z19.041 E6837.89409
G1 X122.626 Y82.079 Z19.045 E6839.18294
G1 X122.620 Y83.112 Z19.049 E6840.47114
G1 X122.587 Y84.145 Z19.053 E6841.76001
G1 X122.528 Y85.177 Z19.057 E6843.04872
G1 X122.461 Y86.208 Z19.061 E6844.33758
G1 X122.342 Y87.234 Z19.066 E6845.62594
G1 X122.207 Y88.258 Z19.070 E6846.91481
G1 X122.042 Y89.278 Z19.074 E6848.20361
G1 X121.873 Y90.298 Z19.078 E6849.49246
G1 X121.642 Y91.305 Z19.082 E6850.78119
G1 X121.404 Y92.310 Z19.086 E6852.06998
G1 X121.137 Y93.309 Z19.090 E6853.35883
G1 X120.860 Y94.304 Z19.094 E6854.64737
G1 X120.528 Y95.283 Z19.098 E6855.93623
G1 X120.187 Y96.258 Z19.102 E6857.22495
G1 X119.823 Y97.225 Z19.107 E6858.51380
G1 X119.439 Y98.184 Z19.111 E6859.80206
G1 X119.012 Y99.125 Z19.115 E6861.09092
G1 X118.571 Y100.059 Z19.119 E6862.37961
G1 X118.114 Y100.986 Z19.123 E6863.66846
G1 X117.627 Y101.897 Z19.127 E6864.95664
G1 X117.110 Y102.792 Z19.131 E6866.24550
G1 X116.574 Y103.675 Z19.135 E6867.53420
G1 X116.028 Y104.552 Z19.139 E6868.82305
G1 X115.444 Y105.404 Z19.143 E6870.11134
G1 X114.842 Y106.244 Z19.148 E6871.40021
G1 X114.217 Y107.067 Z19.152 E6872.68897
G1 X113.587 Y107.886 Z19.156 E6873.97783
G1 X112.912 Y108.668 Z19.160 E6875.26641
G1 X112.230 Y109.444 Z19.164 E6876.55524
G1 X111.523 Y110.198 Z19.168 E6877.84408
G1 X110.813 Y110.949 Z19.172 E6879.13275
G1 X110.059 Y111.655 Z19.176 E6880.42161
G1 X109.299 Y112.356 Z19.180 E6881.71035
G1 X108.522 Y113.037 Z19.184 E6882.99916
G1 X107.733 Y113.703 Z19.189 E6884.28749
G1 X106.915 Y114.334 Z19.193 E6885.57632
G1 X106.087 Y114.952 Z19.197 E6886.86497
G1 X105.247 Y115.554 Z19.201 E6888.15382
G1 X104.390 Y116.131 Z19.205 E6889.44200
G1 X103.513 Y116.677 Z19.209 E6890.73087
G1 X102.625 Y117.205 Z19.213 E6892.01956
G1 X101.730 Y117.721 Z19.217 E6893.30841
G1 X100.815 Y118.200 Z19.221 E6894.59664
G1 X99.888 Y118.658 Z19.225 E6895.88551
G1 X98.950 Y119.090 Z19.230 E6897.17424
G1 X98.008 Y119.517 Z19.234 E6898.46310
G1 X97.046 Y119.892 Z19.238 E6899.75156
G1 X96.079 Y120.256 Z19.242 E6901.04043
G1 X95.100 Y120.589 Z19.246 E6902.32927
G1 X94.122 Y120.920 Z19.250 E6903.61808
G1 X93.124 Y121.188 Z19.254 E6904.90693
G1 X92.124 Y121.450 Z19.258 E6906.19569
G1 X91.118 Y121.684 Z19.262 E6907.48454
G1 X90.109 Y121.906 Z19.266 E6908.77296
G1 X89.089 Y122.074 Z19.270 E6910.06183
G1 X88.068 Y122.231 Z19.275 E6911.35053
G1 X87.043 Y122.366 Z19.279 E6912.63938
G1 X86.016 Y122.474 Z19.283 E6913.92759
G1 X84.985 Y122.542 Z19.287 E6915.21646
G1 X83.953 Y122.592 Z19.291 E6916.50514
G1 X82.920 Y122.625 Z19.295 E6917.79399
G1 X81.888 Y122.620 Z19.299 E6919.08219
G1 X80.855 Y122.587 Z19.303 E6920.37105
G1 X79.823 Y122.528 Z19.307 E6921.65977
G1 X78.792 Y122.461 Z19.311 E6922.94862
G1 X77.766 Y122.342 Z19.316 E6924.23698
G1 X76.741 Y122.207 Z19.320 E6925.52585
G1 X75.721 Y122.041 Z19.324 E6926.81465
G1 X74.702 Y121.873 Z19.328 E6928.10350
G1 X73.695 Y121.642 Z19.332 E6929.39222
G1 X72.689 Y121.404 Z19.336 E6930.68101
G1 X71.691 Y121.136 Z19.340 E6931.96986
G1 X70.696 Y120.860 Z19.344 E6933.25841
G1 X69.717 Y120.528 Z19.348 E6934.54727
G1 X68.742 Y120.187 Z19.352 E6935.83598
G1 X67.775 Y119.823 Z19.357 E6937.12484
G1 X66.816 Y119.439 Z19.361 E6938.41310
G1 X65.875 Y119.012 Z19.365 E6939.70197
G1 X64.940 Y118.571 Z19.369 E6940.99065
G1 X64.014 Y118.114 Z19.373 E6942.27950
G1 X63.103 Y117.627 Z19.377 E6943.56768
G1 X62.208 Y117.110 Z19.381 E6944.85654
G1 X61.325 Y116.574 Z19.385 E6946.14525
G1 X60.447 Y116.028 Z19.389 E6947.43410
G1 X59.596 Y115.443 Z19.393 E6948.72238
G1 X58.756 Y114.842 Z19.398 E6950.01124
G1 X57.933 Y114.216 Z19.402 E6951.30001
G1 X57.114 Y113.587 Z19.406 E6952.58887
G1 X56.331 Y112.912 Z19.410 E6953.87744
G1 X55.556 Y112.229 Z19.414 E6955.16626
G1 X54.801 Y111.523 Z19.418 E6956.45511
G1 X54.051 Y110.813 Z19.422 E6957.74379
G1 X53.344 Y110.059 Z19.426 E6959.03265
G1 X52.643 Y109.300 Z19.430 E6960.32138
G1 X51.962 Y108.523 Z19.434 E6961.61024
G1 X51.294 Y107.735 Z19.439 E6962.89858
G1 X50.665 Y106.915 Z19.443 E6964.18744
G1 X50.048 Y106.087 Z19.447 E6965.47613
G1 X49.446 Y105.247 Z19.451 E6966.76498
G1 X48.869 Y104.390 Z19.455 E6968.05317
G1 X48.323 Y103.513 Z19.459 E6969.34203
G1 X47.795 Y102.625 Z19.463 E6970.63072
G1 X47.279 Y101.729 Z19.467 E6971.91957
G1 X46.799 Y100.815 Z19.471 E6973.20784
G1 X46.340 Y99.889 Z19.475 E6974.49673
G1 X45.907 Y98.951 Z19.480 E6975.78545
G1 X45.486 Y98.007 Z19.484 E6977.07417
G1 X45.104 Y97.047 Z19.488 E6978.36300
G1 X44.728 Y96.084 Z19.492 E6979.65196
G1 X44.403 Y95.104 Z19.496 E6980.94084
G1 X44.080 Y94.122 Z19.500 E6982.22978
G1 X43.812 Y93.124 Z19.504 E6983.51863
G1 X43.550 Y92.124 Z19.508 E6984.80739
G1 X43.316 Y91.118 Z19.512 E6986.09624
G1 X43.094 Y90.109 Z19.516 E6987.38468
G1 X42.926 Y89.089 Z19.520 E6988.67354
G1 X42.769 Y88.068 Z19.525 E6989.96224
G1 X42.635 Y87.043 Z19.529 E6991.25109
G1 X42.525 Y86.016 Z19.533 E6992.53931
G1 X42.458 Y84.985 Z19.537 E6993.82817
G1 X42.408 Y83.953 Z19.541 E6995.11686
G1 X42.375 Y82.920 Z19.545 E6996.40571
G1 X42.379 Y81.888 Z19.549 E6997.69390
G1 X42.413 Y80.855 Z19.553 E6998.98276
G1 X42.472 Y79.823 Z19.557 E7000.27148
G1 X42.540 Y78.792 Z19.561 E7001.56034
G1 X42.658 Y77.766 Z19.566 E7002.84869
G1 X42.793 Y76.741 Z19.570 E7004.13756
G1 X42.959 Y75.722 Z19.574 E7005.42636
G1 X43.127 Y74.702 Z19.578 E7006.71521
G1 X43.358 Y73.695 Z19.582 E7008.00392
G1 X43.596 Y72.689 Z19.586 E7009.29272
G1 X43.864 Y71.691 Z19.590 E7010.58157
G1 X44.140 Y70.696 Z19.594 E7011.87012
G1 X44.472 Y69.717 Z19.598 E7013.15898
G1 X44.813 Y68.742 Z19.602 E7014.44769
G1 X45.177 Y67.775 Z19.607 E7015.73655
G1 X45.561 Y66.816 Z19.611 E7017.02481
G1 X45.988 Y65.875 Z19.615 E7018.31368
G1 X46.429 Y64.940 Z19.619 E7019.60236
G1 X46.886 Y64.014 Z19.623 E7020.89121
G1 X47.373 Y63.103 Z19.627 E7022.17939
G1 X47.890 Y62.208 Z19.631 E7023.46825
G1 X48.426 Y61.325 Z19.635 E7024.75696
G1 X48.972 Y60.448 Z19.639 E7026.04581
G1 X49.556 Y59.596 Z19.643 E7027.33409
G1 X50.158 Y58.756 Z19.648 E7028.62295
G1 X50.784 Y57.933 Z19.652 E7029.91172
G1 X51.413 Y57.114 Z19.656 E7031.20058
G1 X52.088 Y56.332 Z19.660 E7032.48915
G1 X52.771 Y55.556 Z19.664 E7033.77797
G1 X53.477 Y54.801 Z19.668 E7035.06682
G1 X54.187 Y54.051 Z19.672 E7036.35550
G1 X54.941 Y53.344 Z19.676 E7037.64436
G1 X55.700 Y52.643 Z19.680 E7038.93309
G1 X56.477 Y51.962 Z19.684 E7040.22195
G1 X57.265 Y51.294 Z19.689 E7041.51029
G1 X58.085 Y50.665 Z19.693 E7042.79915
G1 X58.913 Y50.048 Z19.697 E7044.08784
G1 X59.753 Y49.446 Z19.701 E7045.37669
G1 X60.610 Y48.869 Z19.705 E7046.66488
G1 X61.487 Y48.323 Z19.709 E7047.95374
G1 X62.375 Y47.795 Z19.713 E7049.24243
G1 X63.270 Y47.279 Z19.717 E7050.53128
G1 X64.185 Y46.800 Z19.721 E7051.81951
G1 X65.112 Y46.342 Z19.725 E7053.10837
G1 X66.051 Y45.910 Z19.730 E7054.39711
G1 X66.992 Y45.484 Z19.734 E7055.68597
G1 X67.954 Y45.108 Z19.738 E7056.97442
G1 X68.921 Y44.744 Z19.742 E7058.26328
G1 X69.900 Y44.411 Z19.746 E7059.55213
G1 X70.879 Y44.080 Z19.750 E7060.84094
G1 X71.877 Y43.812 Z19.754 E7062.12979
G1 X72.876 Y43.550 Z19.758 E7063.41855
G1 X73.882 Y43.316 Z19.762 E7064.70740
G1 X74.891 Y43.094 Z19.766 E7065.99582
G1 X75.911 Y42.926 Z19.770 E7067.28469
G1 X76.932 Y42.769 Z19.775 E7068.57339
G1 X77.957 Y42.634 Z19.779 E7069.86224
G1 X78.984 Y42.526 Z19.783 E7071.15045
G1 X80.015 Y42.458 Z19.787 E7072.43931
G1 X81.047 Y42.408 Z19.791 E7073.72800
G1 X82.080 Y42.375 Z19.795 E7075.01685
G1 X83.113 Y42.380 Z19.799 E7076.30504
G1 X84.145 Y42.413 Z19.803 E7077.59391
G1 X85.177 Y42.472 Z19.807 E7078.88262
G1 X86.208 Y42.539 Z19.811 E7080.17148
G1 X87.234 Y42.658 Z19.816 E7081.45984
G1 X88.259 Y42.793 Z19.820 E7082.74871
G1 X89.279 Y42.958 Z19.824 E7084.03751
G1 X90.298 Y43.127 Z19.828 E7085.32636
G1 X91.305 Y43.358 Z19.832 E7086.61509
G1 X92.311 Y43.596 Z19.836 E7087.90389
G1 X93.309 Y43.863 Z19.840 E7089.19273
G1 X94.304 Y44.140 Z19.844 E7090.48127
G1 X95.283 Y44.472 Z19.848 E7091.77013
G1 X96.258 Y44.813 Z19.852 E7093.05885
G1 X97.225 Y45.177 Z19.857 E7094.34770
G1 X98.184 Y45.562 Z19.861 E7095.63596
G1 X99.125 Y45.988 Z19.865 E7096.92482
G1 X100.060 Y46.429 Z19.869 E7098.21351
G1 X100.986 Y46.886 Z19.873 E7099.50236
G1 X101.897 Y47.374 Z19.877 E7100.79054
G1 X102.792 Y47.890 Z19.881 E7102.07940
G1 X103.675 Y48.426 Z19.885 E7103.36810
G1 X104.553 Y48.972 Z19.889 E7104.65696
G1 X105.404 Y49.557 Z19.893 E7105.94524
G1 X106.244 Y50.158 Z19.898 E7107.23411
G1 X107.067 Y50.784 Z19.902 E7108.52287
G1 X107.887 Y51.413 Z19.906 E7109.81173
G1 X108.669 Y52.088 Z19.910 E7111.10032
G1 X109.444 Y52.771 Z19.914 E7112.38914
G1 X110.199 Y53.477 Z19.918 E7113.67799
G1 X110.949 Y54.187 Z19.922 E7114.96665
G1 X111.656 Y54.941 Z19.926 E7116.25551
G1 X112.357 Y55.700 Z19.930 E7117.54426
G1 X113.039 Y56.476 Z19.934 E7118.83316
G1 X113.707 Y57.264 Z19.939 E7120.12146
G1 X114.335 Y58.085 Z19.943 E7121.41037
G1 X114.953 Y58.913 Z19.947 E7122.69914
G1 X115.555 Y59.753 Z19.951 E7123.98799
G1 X116.131 Y60.610 Z19.955 E7125.27617
G1 X116.677 Y61.487 Z19.959 E7126.56504
G1 X117.205 Y62.376 Z19.963 E7127.85373
G1 X117.722 Y63.271 Z19.967 E7129.14259
G1 X118.200 Y64.186 Z19.971 E7130.43082
G1 X118.658 Y65.112 Z19.975 E7131.71968
G1 X119.090 Y66.051 Z19.980 E7133.00842
G1 X119.517 Y66.992 Z19.984 E7134.29727
G1 X119.892 Y67.954 Z19.988 E7135.58574
G1 X120.256 Y68.922 Z19.992 E7136.87460
G1 X120.587 Y69.900 Z19.996 E7138.16341
G1 X120.917 Y70.879 Z20.000 E7139.45222
;LAYER:19
;TYPE:WALL-OUTER
G1 X121.633 Y70.608 Z20.000 E7140.40633
G1 X121.906 Y71.625 Z20.004 E7141.71968
G1 X122.178 Y72.642 Z20.008 E7143.03302
G1 X122.415 Y73.668 Z20.012 E7144.34637
G1 X122.642 Y74.696 Z20.016 E7145.65942
G1 X122.823 Y75.733 Z20.020 E7146.97275
G1 X122.990 Y76.773 Z20.025 E7148.28578
G1 X123.117 Y77.818 Z20.029 E7149.59919
G1 X123.222 Y78.865 Z20.033 E7150.91214
G1 X123.293 Y79.916 Z20.037 E7152.22552
G1 X123.352 Y80.967 Z20.041 E7153.53882
G1 X123.394 Y82.020 Z20.045 E7154.85236
G1 X123.390 Y83.072 Z20.049 E7156.16494
G1 X123.350 Y84.124 Z20.053 E7157.47850
G1 X123.296 Y85.176 Z20.057 E7158.79198
G1 X123.233 Y86.227 Z20.061 E7160.10553
G1 X123.110 Y87.273 Z20.066 E7161.41835
G1 X122.967 Y88.316 Z20.070 E7162.73190
G1 X122.806 Y89.357 Z20.074 E7164.04540
G1 X122.640 Y90.397 Z20.078 E7165.35895
G1 X122.401 Y91.422 Z20.082 E7166.67226
G1 X122.155 Y92.446 Z20.086 E7167.98581
G1 X121.890 Y93.465 Z20.090 E7169.29934
G1 X121.614 Y94.481 Z20.094 E7170.61250
G1 X121.270 Y95.477 Z20.098 E7171.92605
G1 X120.922 Y96.471 Z20.102 E7173.23957
G1 X120.557 Y97.459 Z20.107 E7174.55312
G1 X120.169 Y98.437 Z20.111 E7175.86585
G1 X119.729 Y99.394 Z20.115 E7177.17941
G1 X119.281 Y100.347 Z20.119 E7178.49290
G1 X118.821 Y101.294 Z20.123 E7179.80645
G1 X118.325 Y102.223 Z20.127 E7181.11904
G1 X117.794 Y103.132 Z20.131 E7182.43260
G1 X117.252 Y104.035 Z20.135 E7183.74608
G1 X116.700 Y104.932 Z20.139 E7185.05962
G1 X116.104 Y105.799 Z20.143 E7186.37234
G1 X115.486 Y106.652 Z20.148 E7187.68590
G1 X114.854 Y107.495 Z20.152 E7188.99939
G1 X114.218 Y108.334 Z20.156 E7190.31294
G1 X113.527 Y109.129 Z20.160 E7191.62606
G1 X112.828 Y109.916 Z20.164 E7192.93961
G1 X112.114 Y110.690 Z20.168 E7194.25313
G1 X111.395 Y111.460 Z20.172 E7195.56645
G1 X110.621 Y112.174 Z20.176 E7196.88000
G1 X109.846 Y112.887 Z20.180 E7198.19358
G1 X109.058 Y113.585 Z20.184 E7199.50694
G1 X108.254 Y114.264 Z20.189 E7200.81976
G1 X107.418 Y114.905 Z20.193 E7202.13316
G1 X106.578 Y115.540 Z20.197 E7203.44650
G1 X105.726 Y116.158 Z20.201 E7204.76005
G1 X104.854 Y116.748 Z20.205 E7206.07266
G1 X103.956 Y117.299 Z20.209 E7207.38622
G1 X103.053 Y117.841 Z20.213 E7208.69970
G1 X102.144 Y118.372 Z20.217 E7210.01325
G1 X101.212 Y118.860 Z20.221 E7211.32589
G1 X100.264 Y119.321 Z20.225 E7212.63945
G1 X99.311 Y119.768 Z20.230 E7213.95294
G1 X98.354 Y120.208 Z20.234 E7215.26649
G1 X97.372 Y120.588 Z20.238 E7216.57944
G1 X96.385 Y120.953 Z20.242 E7217.89300
G1 X95.390 Y121.300 Z20.246 E7219.20651
G1 X94.395 Y121.643 Z20.250 E7220.52001
G1 X93.377 Y121.912 Z20.254 E7221.83348
G1 X92.357 Y122.178 Z20.258 E7223.14703
G1 X91.333 Y122.423 Z20.262 E7224.46057
G1 X90.306 Y122.654 Z20.266 E7225.77356
G1 X89.266 Y122.819 Z20.270 E7227.08711
G1 X88.225 Y122.980 Z20.275 E7228.40062
G1 X87.182 Y123.123 Z20.279 E7229.71417
G1 X86.136 Y123.237 Z20.283 E7231.02683
G1 X85.084 Y123.300 Z20.287 E7232.34038
G1 X84.033 Y123.354 Z20.291 E7233.65386
G1 X82.980 Y123.394 Z20.295 E7234.96741
G1 X81.928 Y123.390 Z20.299 E7236.28002
G1 X80.876 Y123.350 Z20.303 E7237.59357
G1 X79.824 Y123.296 Z20.307 E7238.90705
G1 X78.773 Y123.233 Z20.311 E7240.22060
G1 X77.727 Y123.110 Z20.316 E7241.53342
G1 X76.684 Y122.967 Z20.320 E7242.84698
G1 X75.643 Y122.806 Z20.324 E7244.16048
G1 X74.603 Y122.640 Z20.328 E7245.47403
G1 X73.578 Y122.401 Z20.332 E7246.78731
G1 X72.554 Y122.155 Z20.336 E7248.10085
G1 X71.534 Y121.889 Z20.340 E7249.41439
G1 X70.518 Y121.614 Z20.344 E7250.72757
G1 X69.523 Y121.270 Z20.348 E7252.04112
G1 X68.529 Y120.922 Z20.352 E7253.35464
G1 X67.541 Y120.556 Z20.357 E7254.66819
G1 X66.563 Y120.169 Z20.361 E7255.98094
G1 X65.606 Y119.729 Z20.365 E7257.29449
G1 X64.653 Y119.281 Z20.369 E7258.60798
G1 X63.706 Y118.821 Z20.373 E7259.92153
G1 X62.777 Y118.325 Z20.377 E7261.23412
G1 X61.868 Y117.794 Z20.381 E7262.54768
G1 X60.965 Y117.251 Z20.385 E7263.86116
G1 X60.068 Y116.700 Z20.389 E7265.17471
G1 X59.201 Y116.104 Z20.393 E7266.48741
G1 X58.348 Y115.486 Z20.398 E7267.80097
G1 X57.505 Y114.854 Z20.402 E7269.11446
G1 X56.666 Y114.217 Z20.406 E7270.42801
G1 X55.871 Y113.527 Z20.410 E7271.74110
G1 X55.084 Y112.828 Z20.414 E7273.05465
G1 X54.310 Y112.114 Z20.418 E7274.36818
G1 X53.540 Y111.395 Z20.422 E7275.68153
G1 X52.824 Y110.623 Z20.426 E7276.99505
G1 X52.110 Y109.849 Z20.430 E7278.30858
G1 X51.412 Y109.061 Z20.434 E7279.62213
G1 X50.728 Y108.261 Z20.439 E7280.93499
G1 X50.091 Y107.421 Z20.443 E7282.24855
G1 X49.460 Y106.578 Z20.447 E7283.56204
G1 X48.842 Y105.726 Z20.451 E7284.87559
G1 X48.252 Y104.854 Z20.455 E7286.18821
G1 X47.701 Y103.957 Z20.459 E7287.50176
G1 X47.160 Y103.053 Z20.463 E7288.81524
G1 X46.628 Y102.144 Z20.467 E7290.12879
G1 X46.139 Y101.212 Z20.471 E7291.44146
G1 X45.678 Y100.265 Z20.475 E7292.75502
G1 X45.231 Y99.312 Z20.480 E7294.06850
G1 X44.795 Y98.354 Z20.484 E7295.38193
G1 X44.410 Y97.373 Z20.488 E7296.69510
G1 X44.036 Y96.389 Z20.492 E7298.00862
G1 X43.694 Y95.393 Z20.496 E7299.32210
G1 X43.356 Y94.395 Z20.500 E7300.63565
G1 X43.088 Y93.377 Z20.504 E7301.94913
G1 X42.822 Y92.358 Z20.508 E7303.26267
G1 X42.577 Y91.334 Z20.512 E7304.57622
G1 X42.346 Y90.307 Z20.516 E7305.88922
G1 X42.180 Y89.267 Z20.520 E7307.20278
G1 X42.020 Y88.226 Z20.525 E7308.51628
G1 X41.877 Y87.182 Z20.529 E7309.82983
G1 X41.762 Y86.136 Z20.533 E7311.14250
G1 X41.700 Y85.085 Z20.537 E7312.45605
G1 X41.646 Y84.033 Z20.541 E7313.76953
G1 X41.606 Y82.981 Z20.545 E7315.08309
G1 X41.610 Y81.928 Z20.549 E7316.39569
G1 X41.650 Y80.876 Z20.553 E7317.70924
G1 X41.704 Y79.824 Z20.557 E7319.02272
G1 X41.768 Y78.773 Z20.561 E7320.33627
G1 X41.890 Y77.728 Z20.566 E7321.64906
G1 X42.035 Y76.684 Z20.570 E7322.96263
G1 X42.195 Y75.644 Z20.574 E7324.27614
G1 X42.362 Y74.604 Z20.578 E7325.58963
G1 X42.600 Y73.578 Z20.582 E7326.90290
G1 X42.845 Y72.554 Z20.586 E7328.21641
G1 X43.110 Y71.535 Z20.590 E7329.52995
G1 X43.386 Y70.519 Z20.594 E7330.84313
G1 X43.730 Y69.523 Z20.598 E7332.15668
G1 X44.078 Y68.529 Z20.602 E7333.47020
G1 X44.443 Y67.542 Z20.607 E7334.78375
G1 X44.831 Y66.563 Z20.611 E7336.09650
G1 X45.271 Y65.606 Z20.615 E7337.41005
G1 X45.719 Y64.653 Z20.619 E7338.72354
G1 X46.179 Y63.706 Z20.623 E7340.03709
G1 X46.674 Y62.777 Z20.627 E7341.34968
G1 X47.206 Y61.868 Z20.631 E7342.66324
G1 X47.748 Y60.965 Z20.635 E7343.97672
G1 X48.300 Y60.068 Z20.639 E7345.29027
G1 X48.896 Y59.201 Z20.643 E7346.60297
G1 X49.514 Y58.348 Z20.648 E7347.91653
G1 X50.146 Y57.506 Z20.652 E7349.23002
G1 X50.782 Y56.667 Z20.656 E7350.54357
G1 X51.472 Y55.872 Z20.660 E7351.85666
G1 X52.172 Y55.084 Z20.664 E7353.17021
G1 X52.886 Y54.310 Z20.668 E7354.48374
G1 X53.605 Y53.540 Z20.672 E7355.79709
G1 X54.377 Y52.824 Z20.676 E7357.11061
G1 X55.151 Y52.111 Z20.680 E7358.42414
G1 X55.939 Y51.412 Z20.684 E7359.73769
G1 X56.739 Y50.728 Z20.689 E7361.05055
G1 X57.578 Y50.091 Z20.693 E7362.36411
G1 X58.421 Y49.460 Z20.697 E7363.67760
G1 X59.274 Y48.842 Z20.701 E7364.99115
G1 X60.146 Y48.252 Z20.705 E7366.30377
G1 X61.043 Y47.701 Z20.709 E7367.61732
G1 X61.946 Y47.160 Z20.713 E7368.93080
G1 X62.855 Y46.628 Z20.717 E7370.24435
G1 X63.788 Y46.140 Z20.721 E7371.55699
G1 X64.735 Y45.679 Z20.725 E7372.87054
G1 X65.689 Y45.233 Z20.730 E7374.18403
G1 X66.645 Y44.793 Z20.734 E7375.49758
G1 X67.627 Y44.412 Z20.738 E7376.81051
G1 X68.615 Y44.047 Z20.742 E7378.12407
G1 X69.609 Y43.700 Z20.746 E7379.43758
G1 X70.605 Y43.357 Z20.750 E7380.75108
G1 X71.623 Y43.088 Z20.754 E7382.06456
G1 X72.642 Y42.822 Z20.758 E7383.37810
G1 X73.666 Y42.577 Z20.762 E7384.69165
G1 X74.693 Y42.346 Z20.766 E7386.00463
G1 X75.733 Y42.181 Z20.770 E7387.31819
G1 X76.774 Y42.020 Z20.775 E7388.63169
G1 X77.817 Y41.877 Z20.779 E7389.94524
G1 X78.864 Y41.763 Z20.783 E7391.25790
G1 X79.915 Y41.700 Z20.787 E7392.57146
G1 X80.967 Y41.646 Z20.791 E7393.88494
G1 X82.019 Y41.606 Z20.795 E7395.19849
G1 X83.071 Y41.610 Z20.799 E7396.51109
G1 X84.124 Y41.650 Z20.803 E7397.82465
G1 X85.176 Y41.704 Z20.807 E7399.13813
G1 X86.227 Y41.767 Z20.811 E7400.45168
G1 X87.272 Y41.890 Z20.816 E7401.76450
G1 X88.316 Y42.033 Z20.820 E7403.07806
G1 X89.356 Y42.194 Z20.824 E7404.39156
G1 X90.396 Y42.360 Z20.828 E7405.70511
G1 X91.422 Y42.599 Z20.832 E7407.01842
G1 X92.446 Y42.845 Z20.836 E7408.33196
G1 X93.465 Y43.110 Z20.840 E7409.64550
G1 X94.481 Y43.386 Z20.844 E7410.95865
G1 X95.476 Y43.730 Z20.848 E7412.27221
G1 X96.471 Y44.078 Z20.852 E7413.58572
G1 X97.458 Y44.443 Z20.857 E7414.89927
G1 X98.437 Y44.831 Z20.861 E7416.21201
G1 X99.393 Y45.271 Z20.865 E7417.52557
G1 X100.347 Y45.718 Z20.869 E7418.83905
G1 X101.294 Y46.179 Z20.873 E7420.15260
G1 X102.222 Y46.674 Z20.877 E7421.46520
G1 X103.132 Y47.206 Z20.881 E7422.77875
G1 X104.034 Y47.748 Z20.885 E7424.09223
G1 X104.932 Y48.299 Z20.889 E7425.40578
G1 X105.799 Y48.896 Z20.893 E7426.71850
G1 X106.652 Y49.514 Z20.898 E7428.03206
G1 X107.494 Y50.146 Z20.902 E7429.34555
G1 X108.333 Y50.782 Z20.906 E7430.65910
G1 X109.128 Y51.472 Z20.910 E7431.97221
G1 X109.916 Y52.172 Z20.914 E7433.28576
G1 X110.690 Y52.885 Z20.918 E7434.59929
G1 X111.459 Y53.605 Z20.922 E7435.91261
G1 X112.175 Y54.377 Z20.926 E7437.22613
G1 X112.889 Y55.151 Z20.930 E7438.53966
G1 X113.588 Y55.939 Z20.934 E7439.85321
G1 X114.272 Y56.739 Z20.939 E7441.16605
G1 X114.908 Y57.578 Z20.943 E7442.47961
G1 X115.540 Y58.421 Z20.947 E7443.79311
G1 X116.158 Y59.274 Z20.951 E7445.10666
G1 X116.747 Y60.146 Z20.955 E7446.41927
G1 X117.298 Y61.043 Z20.959 E7447.73282
G1 X117.840 Y61.946 Z20.963 E7449.04630
G1 X118.372 Y62.855 Z20.967 E7450.35985
G1 X118.860 Y63.788 Z20.971 E7451.67250
G1 X119.320 Y64.735 Z20.975 E7452.98605
G1 X119.767 Y65.688 Z20.980 E7454.29954
G1 X120.207 Y66.645 Z20.984 E7455.61309
G1 X120.587 Y67.627 Z20.988 E7456.92604
G1 X120.953 Y68.615 Z20.992 E7458.23959
G1 X121.295 Y69.610 Z20.996 E7459.55293
G1 X121.633 Y70.608 Z21.000 E7460.86630
;LAYER:20
;TYPE:WALL-OUTER
G1 F1500 E7460.76630
G0 F1500 X122.905 Y72.413 Z21.000
G1 F1500 E7460.86630
G1 X123.133 Y73.460 Z21.004 E7462.20377
G1 X123.356 Y74.509 Z21.008 E7463.54112
G1 X123.550 Y75.564 Z21.012 E7464.87851
G1 X123.730 Y76.620 Z21.016 E7466.21537
G1 X123.848 Y77.686 Z21.020 E7467.55283
G1 X123.955 Y78.753 Z21.025 E7468.89015
G1 X124.040 Y79.822 Z21.029 E7470.22765
G1 X124.107 Y80.892 Z21.033 E7471.56483
G1 X124.141 Y81.964 Z21.037 E7472.90245
G1 X124.140 Y83.036 Z21.041 E7474.23943
G1 X124.107 Y84.108 Z21.045 E7475.57708
G1 X124.053 Y85.179 Z21.049 E7476.91453
G1 X123.982 Y86.249 Z21.053 E7478.25221
G1 X123.863 Y87.314 Z21.057 E7479.58932
G1 X123.724 Y88.378 Z21.061 E7480.92700
G1 X123.558 Y89.437 Z21.066 E7482.26453
G1 X123.382 Y90.495 Z21.070 E7483.60221
G1 X123.147 Y91.541 Z21.074 E7484.93962
G1 X122.904 Y92.586 Z21.078 E7486.27730
G1 X122.628 Y93.622 Z21.082 E7487.61493
G1 X122.344 Y94.657 Z21.086 E7488.95241
G1 X122.000 Y95.672 Z21.090 E7490.29009
G1 X121.652 Y96.687 Z21.094 E7491.62768
G1 X121.272 Y97.690 Z21.098 E7492.96533
G1 X120.876 Y98.686 Z21.102 E7494.30248
G1 X120.436 Y99.664 Z21.107 E7495.64011
G1 X119.983 Y100.636 Z21.111 E7496.97762
G1 X119.509 Y101.598 Z21.115 E7498.31530
G1 X119.006 Y102.545 Z21.119 E7499.65228
G1 X118.471 Y103.474 Z21.123 E7500.98996
G1 X117.920 Y104.394 Z21.127 E7502.32745
G1 X117.352 Y105.304 Z21.131 E7503.66513
G1 X116.749 Y106.190 Z21.135 E7505.00218
G1 X116.125 Y107.062 Z21.139 E7506.33986
G1 X115.481 Y107.919 Z21.143 E7507.67737
G1 X114.827 Y108.770 Z21.148 E7509.01504
G1 X114.129 Y109.584 Z21.152 E7510.35234
G1 X113.423 Y110.391 Z21.156 E7511.69002
G1 X112.693 Y111.176 Z21.160 E7513.02761
G1 X111.957 Y111.957 Z21.164 E7514.36518
G1 X111.173 Y112.689 Z21.168 E7515.70282
G1 X110.388 Y113.419 Z21.172 E7517.04051
G1 X109.581 Y114.125 Z21.176 E7518.37790
G1 X108.760 Y114.814 Z21.180 E7519.71513
G1 X107.914 Y115.474 Z21.184 E7521.05266
G1 X107.063 Y116.126 Z21.189 E7522.39001
G1 X106.191 Y116.750 Z21.193 E7523.72768
G1 X105.303 Y117.352 Z21.197 E7525.06471
G1 X104.393 Y117.918 Z21.201 E7526.40239
G1 X103.474 Y118.472 Z21.205 E7527.73988
G1 X102.545 Y119.007 Z21.209 E7529.07756
G1 X101.597 Y119.508 Z21.213 E7530.41457
G1 X100.636 Y119.983 Z21.217 E7531.75225
G1 X99.664 Y120.437 Z21.221 E7533.08974
G1 X98.687 Y120.879 Z21.225 E7534.42742
G1 X97.690 Y121.272 Z21.230 E7535.76461
G1 X96.686 Y121.651 Z21.234 E7537.10229
G1 X95.673 Y122.002 Z21.238 E7538.43985
G1 X94.657 Y122.345 Z21.242 E7539.77750
G1 X93.622 Y122.627 Z21.246 E7541.11504
G1 X92.586 Y122.905 Z21.250 E7542.45273
G1 X91.542 Y123.148 Z21.254 E7543.79040
G1 X90.495 Y123.381 Z21.258 E7545.12774
G1 X89.437 Y123.557 Z21.262 E7546.46542
G1 X88.378 Y123.725 Z21.266 E7547.80299
G1 X87.315 Y123.865 Z21.270 E7549.14067
G1 X86.249 Y123.981 Z21.275 E7550.47774
G1 X85.179 Y124.052 Z21.279 E7551.81542
G1 X84.108 Y124.109 Z21.283 E7553.15292
G1 X83.036 Y124.144 Z21.287 E7554.49060
G1 X81.964 Y124.143 Z21.291 E7555.82759
G1 X80.892 Y124.108 Z21.295 E7557.16527
G1 X79.821 Y124.053 Z21.299 E7558.50276
G1 X78.751 Y123.982 Z21.303 E7559.84044
G1 X77.686 Y123.863 Z21.307 E7561.17754
G1 X76.622 Y123.724 Z21.311 E7562.51522
G1 X75.563 Y123.558 Z21.316 E7563.85275
G1 X74.505 Y123.382 Z21.320 E7565.19043
G1 X73.459 Y123.147 Z21.324 E7566.52783
G1 X72.414 Y122.904 Z21.328 E7567.86551
G1 X71.378 Y122.628 Z21.332 E7569.20314
G1 X70.343 Y122.345 Z21.336 E7570.54063
G1 X69.328 Y122.000 Z21.340 E7571.87831
G1 X68.313 Y121.652 Z21.344 E7573.21591
G1 X67.310 Y121.273 Z21.348 E7574.55359
G1 X66.313 Y120.878 Z21.352 E7575.89074
G1 X65.336 Y120.436 Z21.357 E7577.22842
G1 X64.364 Y119.984 Z21.361 E7578.56594
G1 X63.402 Y119.509 Z21.365 E7579.90362
G1 X62.455 Y119.006 Z21.369 E7581.24062
G1 X61.526 Y118.471 Z21.373 E7582.57830
G1 X60.606 Y117.919 Z21.377 E7583.91578
G1 X59.696 Y117.352 Z21.381 E7585.25346
G1 X58.810 Y116.749 Z21.385 E7586.59050
G1 X57.938 Y116.125 Z21.389 E7587.92818
G1 X57.081 Y115.480 Z21.393 E7589.26569
G1 X56.230 Y114.827 Z21.398 E7590.60337
G1 X55.416 Y114.130 Z21.402 E7591.94065
G1 X54.609 Y113.423 Z21.406 E7593.27833
G1 X53.824 Y112.693 Z21.410 E7594.61592
G1 X53.043 Y111.957 Z21.414 E7595.95352
G1 X52.309 Y111.176 Z21.418 E7597.29114
G1 X51.577 Y110.392 Z21.422 E7598.62878
G1 X50.870 Y109.585 Z21.426 E7599.96646
G1 X50.174 Y108.770 Z21.430 E7601.30370
G1 X49.521 Y107.919 Z21.434 E7602.64138
G1 X48.875 Y107.063 Z21.439 E7603.97892
G1 X48.251 Y106.191 Z21.443 E7605.31660
G1 X47.649 Y105.304 Z21.447 E7606.65363
G1 X47.082 Y104.393 Z21.451 E7607.99131
G1 X46.529 Y103.475 Z21.455 E7609.32879
G1 X45.993 Y102.546 Z21.459 E7610.66647
G1 X45.492 Y101.598 Z21.463 E7612.00349
G1 X45.017 Y100.636 Z21.467 E7613.34117
G1 X44.562 Y99.665 Z21.471 E7614.67867
G1 X44.122 Y98.687 Z21.475 E7616.01632
G1 X43.727 Y97.691 Z21.480 E7617.35356
G1 X43.347 Y96.688 Z21.484 E7618.69124
G1 X42.997 Y95.674 Z21.488 E7620.02879
G1 X42.655 Y94.657 Z21.492 E7621.36648
G1 X42.373 Y93.623 Z21.496 E7622.70402
G1 X42.095 Y92.587 Z21.500 E7624.04170
G1 X41.852 Y91.542 Z21.504 E7625.37937
G1 X41.619 Y90.496 Z21.508 E7626.71673
G1 X41.444 Y89.438 Z21.512 E7628.05441
G1 X41.275 Y88.379 Z21.516 E7629.39197
G1 X41.136 Y87.315 Z21.520 E7630.72965
G1 X41.019 Y86.250 Z21.525 E7632.06673
G1 X40.948 Y85.179 Z21.529 E7633.40441
G1 X40.891 Y84.109 Z21.533 E7634.74191
G1 X40.856 Y83.037 Z21.537 E7636.07959
G1 X40.857 Y81.965 Z21.541 E7637.41658
G1 X40.892 Y80.893 Z21.545 E7638.75426
G1 X40.947 Y79.822 Z21.549 E7640.09175
G1 X41.018 Y78.752 Z21.553 E7641.42943
G1 X41.139 Y77.687 Z21.557 E7642.76646
G1 X41.283 Y76.624 Z21.561 E7644.10415
G1 X41.444 Y75.563 Z21.566 E7645.44173
G1 X41.625 Y74.507 Z21.570 E7646.77919
G1 X41.858 Y73.460 Z21.574 E7648.11661
G1 X42.096 Y72.414 Z21.578 E7649.45421
G1 X42.372 Y71.378 Z21.582 E7650.79183
G1 X42.655 Y70.344 Z21.586 E7652.12932
G1 X43.000 Y69.328 Z21.590 E7653.46700
G1 X43.348 Y68.314 Z21.594 E7654.80460
G1 X43.726 Y67.310 Z21.598 E7656.14228
G1 X44.122 Y66.314 Z21.602 E7657.47943
G1 X44.564 Y65.336 Z21.607 E7658.81711
G1 X45.016 Y64.364 Z21.611 E7660.15462
G1 X45.491 Y63.403 Z21.615 E7661.49230
G1 X45.993 Y62.456 Z21.619 E7662.82930
G1 X46.529 Y61.527 Z21.623 E7664.16698
G1 X47.080 Y60.607 Z21.627 E7665.50447
G1 X47.647 Y59.696 Z21.631 E7666.84215
G1 X48.251 Y58.810 Z21.635 E7668.17919
G1 X48.875 Y57.938 Z21.639 E7669.51687
G1 X49.519 Y57.081 Z21.643 E7670.85438
G1 X50.173 Y56.231 Z21.648 E7672.19206
G1 X50.870 Y55.416 Z21.652 E7673.52934
G1 X51.577 Y54.610 Z21.656 E7674.86702
G1 X52.307 Y53.824 Z21.660 E7676.20461
G1 X53.043 Y53.043 Z21.664 E7677.54220
G1 X53.824 Y52.309 Z21.668 E7678.87982
G1 X54.608 Y51.577 Z21.672 E7680.21746
G1 X55.415 Y50.870 Z21.676 E7681.55514
G1 X56.230 Y50.174 Z21.680 E7682.89239
G1 X57.081 Y49.521 Z21.684 E7684.23007
G1 X57.937 Y48.875 Z21.689 E7685.56760
G1 X58.809 Y48.251 Z21.693 E7686.90528
G1 X59.696 Y47.649 Z21.697 E7688.24231
G1 X60.606 Y47.082 Z21.701 E7689.57999
G1 X61.525 Y46.529 Z21.705 E7690.91748
G1 X62.454 Y45.993 Z21.709 E7692.25516
G1 X63.402 Y45.492 Z21.713 E7693.59217
G1 X64.364 Y45.018 Z21.717 E7694.92985
G1 X65.335 Y44.563 Z21.721 E7696.26734
G1 X66.312 Y44.121 Z21.725 E7697.60502
G1 X67.309 Y43.728 Z21.730 E7698.94220
G1 X68.313 Y43.349 Z21.734 E7700.27988
G1 X69.326 Y42.999 Z21.738 E7701.61744
G1 X70.342 Y42.655 Z21.742 E7702.95509
G1 X71.377 Y42.374 Z21.746 E7704.29263
G1 X72.413 Y42.095 Z21.750 E7705.63032
G1 X73.457 Y41.852 Z21.754 E7706.96799
G1 X74.504 Y41.619 Z21.758 E7708.30533
G1 X75.562 Y41.444 Z21.762 E7709.64301
G1 X76.621 Y41.275 Z21.766 E7710.98058
G1 X77.685 Y41.136 Z21.770 E7712.31826
G1 X78.750 Y41.019 Z21.775 E7713.65533
G1 X79.820 Y40.948 Z21.779 E7714.99301
G1 X80.891 Y40.891 Z21.783 E7716.33051
G1 X81.963 Y40.856 Z21.787 E7717.66819
G1 X83.035 Y40.857 Z21.791 E7719.00518
G1 X84.107 Y40.892 Z21.795 E7720.34286
G1 X85.178 Y40.947 Z21.799 E7721.68035
G1 X86.248 Y41.017 Z21.803 E7723.01803
G1 X87.313 Y41.137 Z21.807 E7724.35514
G1 X88.377 Y41.276 Z21.811 E7725.69282
G1 X89.436 Y41.442 Z21.816 E7727.03035
G1 X90.494 Y41.618 Z21.820 E7728.36802
G1 X91.540 Y41.853 Z21.824 E7729.70544
G1 X92.585 Y42.096 Z21.828 E7731.04312
G1 X93.621 Y42.372 Z21.832 E7732.38075
G1 X94.656 Y42.655 Z21.836 E7733.71823
G1 X95.671 Y42.999 Z21.840 E7735.05591
G1 X96.686 Y43.348 Z21.844 E7736.39351
G1 X97.689 Y43.726 Z21.848 E7737.73119
G1 X98.686 Y44.121 Z21.852 E7739.06833
G1 X99.663 Y44.564 Z21.857 E7740.40601
G1 X100.635 Y45.016 Z21.861 E7741.74353
G1 X101.597 Y45.491 Z21.865 E7743.08120
G1 X102.544 Y45.993 Z21.869 E7744.41820
G1 X103.473 Y46.529 Z21.873 E7745.75589
G1 X104.393 Y47.080 Z21.877 E7747.09337
G1 X105.303 Y47.647 Z21.881 E7748.43105
G1 X106.189 Y48.251 Z21.885 E7749.76810
G1 X107.061 Y48.875 Z21.889 E7751.10578
G1 X107.919 Y49.519 Z21.893 E7752.44329
G1 X108.769 Y50.172 Z21.898 E7753.78096
G1 X109.583 Y50.870 Z21.902 E7755.11825
G1 X110.390 Y51.577 Z21.906 E7756.45594
G1 X111.176 Y52.307 Z21.910 E7757.79352
G1 X111.956 Y53.042 Z21.914 E7759.13110
G1 X112.691 Y53.824 Z21.918 E7760.46873
G1 X113.423 Y54.607 Z21.922 E7761.80637
G1 X114.129 Y55.414 Z21.926 E7763.14405
G1 X114.825 Y56.230 Z21.930 E7764.48128
G1 X115.479 Y57.080 Z21.934 E7765.81896
G1 X116.125 Y57.936 Z21.939 E7767.15650
G1 X116.749 Y58.808 Z21.943 E7768.49418
G1 X117.351 Y59.695 Z21.947 E7769.83120
G1 X117.918 Y60.606 Z21.951 E7771.16888
G1 X118.471 Y61.524 Z21.955 E7772.50637
G1 X119.007 Y62.453 Z21.959 E7773.84405
G1 X119.507 Y63.401 Z21.963 E7775.18106
G1 X119.982 Y64.363 Z21.967 E7776.51874
G1 X120.437 Y65.334 Z21.971 E7777.85624
G1 X120.879 Y66.311 Z21.975 E7779.19391
G1 X121.272 Y67.309 Z21.980 E7780.53110
G1 X121.650 Y68.312 Z21.984 E7781.86878
G1 X121.993 Y69.328 Z21.988 E7783.20612
G1 X122.328 Y70.347 Z21.992 E7784.54361
G1 X122.617 Y71.380 Z21.996 E7785.88105
G1 X122.905 Y72.413 Z22.000 E7787.21854
;LAYER:21
;TYPE:WALL-OUTER
G1 X123.623 Y72.206 Z22.000 E7788.15001
G1 X123.849 Y73.274 Z22.004 E7789.51133
G1 X124.074 Y74.342 Z22.008 E7790.87260
G1 X124.276 Y75.415 Z22.012 E7792.23377
G1 X124.461 Y76.489 Z22.016 E7793.59431
G1 X124.581 Y77.574 Z22.020 E7794.95548
G1 X124.691 Y78.660 Z22.025 E7796.31660
G1 X124.783 Y79.747 Z22.029 E7797.67791
G1 X124.850 Y80.836 Z22.033 E7799.03857
G1 X124.872 Y81.928 Z22.037 E7800.39987
G1 X124.872 Y83.019 Z22.041 E7801.76091
G1 X124.849 Y84.110 Z22.045 E7803.12225
G1 X124.796 Y85.200 Z22.049 E7804.48318
G1 X124.717 Y86.289 Z22.053 E7805.84459
G1 X124.600 Y87.374 Z22.057 E7807.20560
G1 X124.465 Y88.457 Z22.061 E7808.56701
G1 X124.293 Y89.534 Z22.066 E7809.92816
G1 X124.108 Y90.610 Z22.070 E7811.28957
G1 X123.875 Y91.676 Z22.074 E7812.65076
G1 X123.634 Y92.741 Z22.078 E7814.01217
G1 X123.348 Y93.794 Z22.082 E7815.37350
G1 X123.056 Y94.846 Z22.086 E7816.73484
G1 X122.712 Y95.882 Z22.090 E7818.09626
G1 X122.361 Y96.915 Z22.094 E7819.45748
G1 X121.965 Y97.932 Z22.098 E7820.81883
G1 X121.558 Y98.945 Z22.102 E7822.17998
G1 X121.122 Y99.945 Z22.107 E7823.54127
G1 X120.661 Y100.935 Z22.111 E7824.90233
G1 X120.174 Y101.911 Z22.115 E7826.26374
G1 X119.665 Y102.877 Z22.119 E7827.62466
G1 X119.126 Y103.826 Z22.123 E7828.98607
G1 X118.565 Y104.762 Z22.127 E7830.34713
G1 X117.982 Y105.685 Z22.131 E7831.70854
G1 X117.371 Y106.589 Z22.135 E7833.06952
G1 X116.741 Y107.480 Z22.139 E7834.43093
G1 X116.084 Y108.351 Z22.143 E7835.79204
G1 X115.413 Y109.212 Z22.148 E7837.15345
G1 X114.708 Y110.045 Z22.152 E7838.51456
G1 X113.994 Y110.871 Z22.156 E7839.87598
G1 X113.247 Y111.667 Z22.160 E7841.23723
G1 X112.495 Y112.458 Z22.164 E7842.59863
G1 X111.703 Y113.209 Z22.168 E7843.95998
G1 X110.908 Y113.957 Z22.172 E7845.32133
G1 X110.083 Y114.670 Z22.176 E7846.68256
G1 X109.248 Y115.373 Z22.180 E7848.04372
G1 X108.390 Y116.048 Z22.184 E7849.40507
G1 X107.523 Y116.711 Z22.189 E7850.76610
G1 X106.632 Y117.341 Z22.193 E7852.12752
G1 X105.729 Y117.954 Z22.197 E7853.48851
G1 X104.806 Y118.537 Z22.201 E7854.84993
G1 X103.872 Y119.100 Z22.205 E7856.21099
G1 X102.923 Y119.640 Z22.209 E7857.57240
G1 X101.959 Y120.152 Z22.213 E7858.93336
G1 X100.983 Y120.641 Z22.217 E7860.29478
G1 X99.994 Y121.102 Z22.221 E7861.65585
G1 X98.997 Y121.546 Z22.225 E7863.01727
G1 X97.984 Y121.951 Z22.230 E7864.37832
G1 X96.965 Y122.342 Z22.234 E7865.73973
G1 X95.932 Y122.695 Z22.238 E7867.10093
G1 X94.896 Y123.039 Z22.242 E7868.46234
G1 X93.845 Y123.333 Z22.246 E7869.82361
G1 X92.793 Y123.623 Z22.250 E7871.18502
G1 X91.728 Y123.864 Z22.254 E7872.54643
G1 X90.662 Y124.098 Z22.258 E7873.90768
G1 X89.587 Y124.283 Z22.262 E7875.26909
G1 X88.509 Y124.459 Z22.266 E7876.63029
G1 X87.426 Y124.594 Z22.270 E7877.99171
G1 X86.342 Y124.713 Z22.275 E7879.35274
G1 X85.253 Y124.791 Z22.279 E7880.71416
G1 X84.163 Y124.851 Z22.283 E7882.07524
G1 X83.072 Y124.880 Z22.287 E7883.43665
G1 X81.981 Y124.881 Z22.291 E7884.79761
G1 X80.890 Y124.852 Z22.295 E7886.15903
G1 X79.800 Y124.796 Z22.299 E7887.52009
G1 X78.711 Y124.717 Z22.303 E7888.88150
G1 X77.626 Y124.600 Z22.307 E7890.24251
G1 X76.543 Y124.465 Z22.311 E7891.60392
G1 X75.466 Y124.293 Z22.316 E7892.96506
G1 X74.390 Y124.107 Z22.320 E7894.32648
G1 X73.324 Y123.875 Z22.324 E7895.68766
G1 X72.259 Y123.634 Z22.328 E7897.04908
G1 X71.206 Y123.348 Z22.332 E7898.41040
G1 X70.154 Y123.056 Z22.336 E7899.77175
G1 X69.118 Y122.712 Z22.340 E7901.13317
G1 X68.084 Y122.362 Z22.344 E7902.49443
G1 X67.065 Y121.970 Z22.348 E7903.85584
G1 X66.051 Y121.567 Z22.352 E7905.21694
G1 X65.054 Y121.123 Z22.357 E7906.57835
G1 X64.064 Y120.665 Z22.361 E7907.93946
G1 X63.088 Y120.176 Z22.365 E7909.30087
G1 X62.123 Y119.666 Z22.369 E7910.66184
G1 X61.175 Y119.126 Z22.373 E7912.02326
G1 X60.239 Y118.565 Z22.377 E7913.38431
G1 X59.316 Y117.982 Z22.381 E7914.74573
G1 X58.412 Y117.371 Z22.385 E7916.10670
G1 X57.520 Y116.741 Z22.389 E7917.46812
G1 X56.649 Y116.084 Z22.393 E7918.82922
G1 X55.788 Y115.413 Z22.398 E7920.19064
G1 X54.955 Y114.708 Z22.402 E7921.55174
G1 X54.130 Y113.994 Z22.406 E7922.91316
G1 X53.334 Y113.247 Z22.410 E7924.27441
G1 X52.542 Y112.496 Z22.414 E7925.63582
G1 X51.790 Y111.705 Z22.418 E7926.99718
G1 X51.040 Y110.911 Z22.422 E7928.35851
G1 X50.326 Y110.086 Z22.426 E7929.71993
G1 X49.620 Y109.254 Z22.430 E7931.08109
G1 X48.949 Y108.393 Z22.434 E7932.44251
G1 X48.289 Y107.524 Z22.439 E7933.80365
G1 X47.659 Y106.632 Z22.443 E7935.16507
G1 X47.046 Y105.730 Z22.447 E7936.52607
G1 X46.464 Y104.806 Z22.451 E7937.88748
G1 X45.900 Y103.872 Z22.455 E7939.24854
G1 X45.361 Y102.923 Z22.459 E7940.60996
G1 X44.848 Y101.960 Z22.463 E7941.97092
G1 X44.359 Y100.984 Z22.467 E7943.33233
G1 X43.898 Y99.995 Z22.471 E7944.69341
G1 X43.455 Y98.998 Z22.475 E7946.05482
G1 X43.049 Y97.985 Z22.480 E7947.41587
G1 X42.658 Y96.965 Z22.484 E7948.77729
G1 X42.305 Y95.933 Z22.488 E7950.13848
G1 X41.961 Y94.897 Z22.492 E7951.49989
G1 X41.667 Y93.846 Z22.496 E7952.86116
G1 X41.377 Y92.793 Z22.500 E7954.22258
G1 X41.137 Y91.729 Z22.504 E7955.58399
G1 X40.902 Y90.663 Z22.508 E7956.94524
G1 X40.717 Y89.587 Z22.512 E7958.30665
G1 X40.541 Y88.510 Z22.516 E7959.66785
G1 X40.406 Y87.427 Z22.520 E7961.02927
G1 X40.287 Y86.342 Z22.525 E7962.39030
G1 X40.209 Y85.253 Z22.529 E7963.75172
G1 X40.149 Y84.164 Z22.533 E7965.11280
G1 X40.120 Y83.073 Z22.537 E7966.47421
G1 X40.119 Y81.981 Z22.541 E7967.83517
G1 X40.148 Y80.890 Z22.545 E7969.19659
G1 X40.204 Y79.801 Z22.549 E7970.55764
G1 X40.283 Y78.712 Z22.553 E7971.91906
G1 X40.404 Y77.627 Z22.557 E7973.27995
G1 X40.546 Y76.545 Z22.561 E7974.64133
G1 X40.710 Y75.466 Z22.566 E7976.00253
G1 X40.903 Y74.392 Z22.570 E7977.36370
G1 X41.132 Y73.325 Z22.574 E7978.72494
G1 X41.366 Y72.259 Z22.578 E7980.08630
G1 X41.652 Y71.206 Z22.582 E7981.44760
G1 X41.944 Y70.154 Z22.586 E7982.80895
G1 X42.288 Y69.118 Z22.590 E7984.17037
G1 X42.638 Y68.084 Z22.594 E7985.53163
G1 X43.030 Y67.065 Z22.598 E7986.89304
G1 X43.433 Y66.051 Z22.602 E7988.25414
G1 X43.877 Y65.054 Z22.607 E7989.61555
G1 X44.335 Y64.064 Z22.611 E7990.97666
G1 X44.824 Y63.088 Z22.615 E7992.33808
G1 X45.334 Y62.123 Z22.619 E7993.69904
G1 X45.874 Y61.175 Z22.623 E7995.06046
G1 X46.435 Y60.239 Z22.627 E7996.42151
G1 X47.018 Y59.316 Z22.631 E7997.78293
G1 X47.629 Y58.412 Z22.635 E7999.14390
G1 X48.259 Y57.520 Z22.639 E8000.50532
G1 X48.916 Y56.649 Z22.643 E8001.86642
G1 X49.587 Y55.788 Z22.648 E8003.22784
G1 X50.292 Y54.955 Z22.652 E8004.58895
G1 X51.006 Y54.130 Z22.656 E8005.95036
G1 X51.753 Y53.334 Z22.660 E8007.31161
G1 X52.504 Y52.542 Z22.664 E8008.67302
G1 X53.295 Y51.790 Z22.668 E8010.03438
G1 X54.089 Y51.040 Z22.672 E8011.39571
G1 X54.914 Y50.326 Z22.676 E8012.75713
G1 X55.746 Y49.620 Z22.680 E8014.11829
G1 X56.607 Y48.949 Z22.684 E8015.47971
G1 X57.476 Y48.289 Z22.689 E8016.84086
G1 X58.368 Y47.659 Z22.693 E8018.20227
G1 X59.270 Y47.046 Z22.697 E8019.56327
G1 X60.194 Y46.464 Z22.701 E8020.92468
G1 X61.128 Y45.900 Z22.705 E8022.28574
G1 X62.077 Y45.361 Z22.709 E8023.64716
G1 X63.040 Y44.848 Z22.713 E8025.00812
G1 X64.016 Y44.359 Z22.717 E8026.36953
G1 X65.005 Y43.898 Z22.721 E8027.73061
G1 X66.002 Y43.455 Z22.725 E8029.09202
G1 X67.015 Y43.049 Z22.730 E8030.45307
G1 X68.035 Y42.658 Z22.734 E8031.81449
G1 X69.067 Y42.305 Z22.738 E8033.17568
G1 X70.103 Y41.961 Z22.742 E8034.53709
G1 X71.154 Y41.667 Z22.746 E8035.89836
G1 X72.207 Y41.377 Z22.750 E8037.25978
G1 X73.271 Y41.137 Z22.754 E8038.62119
G1 X74.337 Y40.902 Z22.758 E8039.98243
G1 X75.413 Y40.717 Z22.762 E8041.34385
G1 X76.490 Y40.541 Z22.766 E8042.70505
G1 X77.573 Y40.406 Z22.770 E8044.06646
G1 X78.658 Y40.287 Z22.775 E8045.42750
G1 X79.747 Y40.209 Z22.779 E8046.78892
G1 X80.836 Y40.149 Z22.783 E8048.14999
G1 X81.927 Y40.120 Z22.787 E8049.51141
G1 X83.018 Y40.119 Z22.791 E8050.87236
G1 X84.110 Y40.148 Z22.795 E8052.23378
G1 X85.199 Y40.204 Z22.799 E8053.59484
G1 X86.288 Y40.283 Z22.803 E8054.95625
G1 X87.373 Y40.399 Z22.807 E8056.31726
G1 X88.456 Y40.535 Z22.811 E8057.67868
G1 X89.534 Y40.707 Z22.816 E8059.03982
G1 X90.610 Y40.892 Z22.820 E8060.40123
G1 X91.676 Y41.125 Z22.824 E8061.76242
G1 X92.740 Y41.366 Z22.828 E8063.12383
G1 X93.794 Y41.652 Z22.832 E8064.48516
G1 X94.845 Y41.944 Z22.836 E8065.84650
G1 X95.881 Y42.288 Z22.840 E8067.20792
G1 X96.915 Y42.638 Z22.844 E8068.56918
G1 X97.934 Y43.029 Z22.848 E8069.93060
G1 X98.948 Y43.433 Z22.852 E8071.29169
G1 X99.945 Y43.877 Z22.857 E8072.65311
G1 X100.936 Y44.334 Z22.861 E8074.01421
G1 X101.911 Y44.824 Z22.865 E8075.37563
G1 X102.876 Y45.334 Z22.869 E8076.73660
G1 X103.825 Y45.874 Z22.873 E8078.09801
G1 X104.761 Y46.435 Z22.877 E8079.45907
G1 X105.684 Y47.017 Z22.881 E8080.82048
G1 X106.588 Y47.628 Z22.885 E8082.18146
G1 X107.479 Y48.258 Z22.889 E8083.54287
G1 X108.350 Y48.916 Z22.893 E8084.90398
G1 X109.212 Y49.586 Z22.898 E8086.26539
G1 X110.045 Y50.291 Z22.902 E8087.62650
G1 X110.870 Y51.005 Z22.906 E8088.98792
G1 X111.666 Y51.752 Z22.910 E8090.34917
G1 X112.457 Y52.504 Z22.914 E8091.71057
G1 X113.210 Y53.295 Z22.918 E8093.07193
G1 X113.959 Y54.088 Z22.922 E8094.43327
G1 X114.673 Y54.914 Z22.926 E8095.79468
G1 X115.380 Y55.745 Z22.930 E8097.15584
G1 X116.050 Y56.607 Z22.934 E8098.51726
G1 X116.711 Y57.476 Z22.939 E8099.87841
G1 X117.340 Y58.367 Z22.943 E8101.23982
G1 X117.953 Y59.270 Z22.947 E8102.60082
G1 X118.536 Y60.193 Z22.951 E8103.96223
G1 X119.100 Y61.127 Z22.955 E8105.32329
G1 X119.639 Y62.076 Z22.959 E8106.68471
G1 X120.151 Y63.040 Z22.963 E8108.04567
G1 X120.641 Y64.015 Z22.967 E8109.40708
G1 X121.102 Y65.005 Z22.971 E8110.76816
G1 X121.545 Y66.002 Z22.975 E8112.12957
G1 X121.951 Y67.015 Z22.980 E8113.49062
G1 X122.342 Y68.034 Z22.984 E8114.85204
G1 X122.690 Y69.068 Z22.988 E8116.21310
G1 X123.028 Y70.106 Z22.992 E8117.57443
G1 X123.327 Y71.156 Z22.996 E8118.93567
G1 X123.623 Y72.206 Z23.000 E8120.29700
;LAYER:22
;TYPE:WALL-OUTER
G1 X124.331 Y72.023 Z23.000 E8121.20961
G1 X124.567 Y73.107 Z23.004 E8122.59441
G1 X124.800 Y74.193 Z23.008 E8123.97910
G1 X124.992 Y75.286 Z23.012 E8125.36365
G1 X125.173 Y76.381 Z23.016 E8126.74791
G1 X125.308 Y77.483 Z23.020 E8128.13250
G1 X125.429 Y78.586 Z23.025 E8129.51687
G1 X125.516 Y79.693 Z23.029 E8130.90163
G1 X125.577 Y80.801 Z23.033 E8132.28578
G1 X125.596 Y81.911 Z23.037 E8133.67045
G1 X125.595 Y83.021 Z23.041 E8135.05504
G1 X125.578 Y84.132 Z23.045 E8136.43982
G1 X125.525 Y85.240 Z23.049 E8137.82407
G1 X125.443 Y86.347 Z23.053 E8139.20893
G1 X125.326 Y87.451 Z23.057 E8140.59342
G1 X125.190 Y88.553 Z23.061 E8141.97828
G1 X125.013 Y89.649 Z23.066 E8143.36283
G1 X124.824 Y90.743 Z23.070 E8144.74769
G1 X124.589 Y91.828 Z23.074 E8146.13233
G1 X124.345 Y92.912 Z23.078 E8147.51719
G1 X124.052 Y93.982 Z23.082 E8148.90195
G1 X123.755 Y95.052 Z23.086 E8150.28676
G1 X123.406 Y96.106 Z23.090 E8151.67162
G1 X123.051 Y97.158 Z23.094 E8153.05623
G1 X122.643 Y98.191 Z23.098 E8154.44102
G1 X122.228 Y99.220 Z23.102 E8155.82569
G1 X121.789 Y100.240 Z23.107 E8157.21042
G1 X121.320 Y101.246 Z23.111 E8158.59485
G1 X120.824 Y102.240 Z23.115 E8159.97970
G1 X120.308 Y103.222 Z23.119 E8161.36408
G1 X119.760 Y104.188 Z23.123 E8162.74894
G1 X119.190 Y105.140 Z23.127 E8164.13338
G1 X118.596 Y106.078 Z23.131 E8165.51824
G1 X117.975 Y106.998 Z23.135 E8166.90270
G1 X117.335 Y107.906 Z23.139 E8168.28756
G1 X116.666 Y108.791 Z23.143 E8169.67206
G1 X115.983 Y109.667 Z23.148 E8171.05692
G1 X115.267 Y110.515 Z23.152 E8172.44150
G1 X114.541 Y111.356 Z23.156 E8173.82636
G1 X113.781 Y112.164 Z23.160 E8175.21104
G1 X113.015 Y112.969 Z23.164 E8176.59590
G1 X112.212 Y113.735 Z23.168 E8177.98070
G1 X111.405 Y114.498 Z23.172 E8179.36547
G1 X110.564 Y115.223 Z23.176 E8180.75028
G1 X109.717 Y115.940 Z23.180 E8182.13492
G1 X108.843 Y116.624 Z23.184 E8183.51976
G1 X107.960 Y117.297 Z23.189 E8184.90428
G1 X107.052 Y117.937 Z23.193 E8186.28914
G1 X106.134 Y118.560 Z23.197 E8187.67362
G1 X105.196 Y119.154 Z23.201 E8189.05848
G1 X104.245 Y119.728 Z23.205 E8190.44293
G1 X103.279 Y120.275 Z23.209 E8191.82779
G1 X102.299 Y120.797 Z23.213 E8193.21224
G1 X101.308 Y121.296 Z23.217 E8194.59710
G1 X100.301 Y121.764 Z23.221 E8195.98157
G1 X99.286 Y122.214 Z23.225 E8197.36643
G1 X98.256 Y122.628 Z23.230 E8198.75095
G1 X97.220 Y123.028 Z23.234 E8200.13581
G1 X96.169 Y123.386 Z23.238 E8201.52042
G1 X95.115 Y123.734 Z23.242 E8202.90528
G1 X94.046 Y124.035 Z23.246 E8204.28999
G1 X92.976 Y124.331 Z23.250 E8205.67485
G1 X91.893 Y124.574 Z23.254 E8207.05971
G1 X90.809 Y124.812 Z23.258 E8208.44443
G1 X89.715 Y125.002 Z23.262 E8209.82929
G1 X88.619 Y125.182 Z23.266 E8211.21390
G1 X87.517 Y125.318 Z23.270 E8212.59876
G1 X86.414 Y125.438 Z23.275 E8213.98328
G1 X85.306 Y125.520 Z23.279 E8215.36814
G1 X84.198 Y125.581 Z23.283 E8216.75261
G1 X83.088 Y125.608 Z23.287 E8218.13747
G1 X81.978 Y125.610 Z23.291 E8219.52191
G1 X80.868 Y125.583 Z23.295 E8220.90678
G1 X79.760 Y125.525 Z23.299 E8222.29122
G1 X78.652 Y125.443 Z23.303 E8223.67608
G1 X77.548 Y125.326 Z23.307 E8225.06057
G1 X76.446 Y125.190 Z23.311 E8226.44543
G1 X75.350 Y125.013 Z23.316 E8227.82998
G1 X74.256 Y124.823 Z23.320 E8229.21484
G1 X73.171 Y124.589 Z23.324 E8230.59948
G1 X72.088 Y124.345 Z23.328 E8231.98434
G1 X71.017 Y124.052 Z23.332 E8233.36910
G1 X69.948 Y123.755 Z23.336 E8234.75391
G1 X68.893 Y123.406 Z23.340 E8236.13877
G1 X67.841 Y123.051 Z23.344 E8237.52345
G1 X66.805 Y122.652 Z23.348 E8238.90831
G1 X65.774 Y122.241 Z23.352 E8240.29288
G1 X64.759 Y121.791 Z23.357 E8241.67774
G1 X63.751 Y121.326 Z23.361 E8243.06225
G1 X62.760 Y120.827 Z23.365 E8244.44711
G1 X61.778 Y120.308 Z23.369 E8245.83156
G1 X60.812 Y119.760 Z23.373 E8247.21642
G1 X59.860 Y119.190 Z23.377 E8248.60087
G1 X58.922 Y118.596 Z23.381 E8249.98573
G1 X58.002 Y117.975 Z23.385 E8251.37018
G1 X57.094 Y117.335 Z23.389 E8252.75504
G1 X56.209 Y116.666 Z23.393 E8254.13955
G1 X55.333 Y115.983 Z23.398 E8255.52441
G1 X54.485 Y115.267 Z23.402 E8256.90898
G1 X53.644 Y114.541 Z23.406 E8258.29384
G1 X52.836 Y113.781 Z23.410 E8259.67852
G1 X52.032 Y113.015 Z23.414 E8261.06338
G1 X51.265 Y112.212 Z23.418 E8262.44819
G1 X50.502 Y111.406 Z23.422 E8263.83295
G1 X49.777 Y110.565 Z23.426 E8265.21781
G1 X49.058 Y109.719 Z23.430 E8266.60245
G1 X48.375 Y108.843 Z23.434 E8267.98731
G1 X47.703 Y107.960 Z23.439 E8269.37186
G1 X47.063 Y107.052 Z23.443 E8270.75672
G1 X46.440 Y106.134 Z23.447 E8272.14120
G1 X45.846 Y105.196 Z23.451 E8273.52606
G1 X45.272 Y104.246 Z23.455 E8274.91051
G1 X44.725 Y103.279 Z23.459 E8276.29537
G1 X44.203 Y102.300 Z23.463 E8277.67982
G1 X43.704 Y101.308 Z23.467 E8279.06468
G1 X43.236 Y100.302 Z23.471 E8280.44915
G1 X42.786 Y99.286 Z23.475 E8281.83401
G1 X42.372 Y98.256 Z23.480 E8283.21853
G1 X41.972 Y97.220 Z23.484 E8284.60339
G1 X41.615 Y96.170 Z23.488 E8285.98800
G1 X41.266 Y95.115 Z23.492 E8287.37286
G1 X40.965 Y94.047 Z23.496 E8288.75758
G1 X40.669 Y92.977 Z23.500 E8290.14244
G1 X40.426 Y91.893 Z23.504 E8291.52729
G1 X40.188 Y90.809 Z23.508 E8292.91201
G1 X39.998 Y89.715 Z23.512 E8294.29687
G1 X39.818 Y88.619 Z23.516 E8295.68148
G1 X39.682 Y87.517 Z23.520 E8297.06634
G1 X39.562 Y86.414 Z23.525 E8298.45086
G1 X39.480 Y85.307 Z23.529 E8299.83572
G1 X39.419 Y84.198 Z23.533 E8301.22019
G1 X39.392 Y83.088 Z23.537 E8302.60505
G1 X39.390 Y81.978 Z23.541 E8303.98950
G1 X39.417 Y80.868 Z23.545 E8305.37436
G1 X39.475 Y79.760 Z23.549 E8306.75881
G1 X39.557 Y78.653 Z23.553 E8308.14367
G1 X39.677 Y77.549 Z23.557 E8309.52807
G1 X39.817 Y76.448 Z23.561 E8310.91289
G1 X39.988 Y75.351 Z23.566 E8312.29746
G1 X40.184 Y74.258 Z23.570 E8313.68216
G1 X40.416 Y73.172 Z23.574 E8315.06684
G1 X40.655 Y72.088 Z23.578 E8316.45167
G1 X40.948 Y71.017 Z23.582 E8317.83641
G1 X41.245 Y69.948 Z23.586 E8319.22123
G1 X41.594 Y68.893 Z23.590 E8320.60609
G1 X41.948 Y67.841 Z23.594 E8321.99076
G1 X42.348 Y66.805 Z23.598 E8323.37562
G1 X42.759 Y65.774 Z23.602 E8324.76020
G1 X43.209 Y64.759 Z23.607 E8326.14506
G1 X43.674 Y63.751 Z23.611 E8327.52956
G1 X44.173 Y62.759 Z23.615 E8328.91442
G1 X44.692 Y61.778 Z23.619 E8330.29888
G1 X45.239 Y60.812 Z23.623 E8331.68374
G1 X45.810 Y59.860 Z23.627 E8333.06818
G1 X46.404 Y58.922 Z23.631 E8334.45304
G1 X47.025 Y58.002 Z23.635 E8335.83750
G1 X47.664 Y57.094 Z23.639 E8337.22236
G1 X48.334 Y56.209 Z23.643 E8338.60686
G1 X49.017 Y55.333 Z23.648 E8339.99172
G1 X49.733 Y54.485 Z23.652 E8341.37630
G1 X50.458 Y53.644 Z23.656 E8342.76116
G1 X51.219 Y52.836 Z23.660 E8344.14583
G1 X51.985 Y52.032 Z23.664 E8345.53069
G1 X52.788 Y51.265 Z23.668 E8346.91550
G1 X53.594 Y50.502 Z23.672 E8348.30027
G1 X54.435 Y49.776 Z23.676 E8349.68513
G1 X55.281 Y49.058 Z23.680 E8351.06977
G1 X56.156 Y48.375 Z23.684 E8352.45463
G1 X57.040 Y47.703 Z23.689 E8353.83918
G1 X57.948 Y47.063 Z23.693 E8355.22404
G1 X58.866 Y46.440 Z23.697 E8356.60852
G1 X59.804 Y45.846 Z23.701 E8357.99338
G1 X60.754 Y45.272 Z23.705 E8359.37783
G1 X61.720 Y44.725 Z23.709 E8360.76269
G1 X62.700 Y44.203 Z23.713 E8362.14713
G1 X63.692 Y43.704 Z23.717 E8363.53199
G1 X64.698 Y43.235 Z23.721 E8364.91646
G1 X65.713 Y42.786 Z23.725 E8366.30132
G1 X66.743 Y42.372 Z23.730 E8367.68585
G1 X67.779 Y41.972 Z23.734 E8369.07071
G1 X68.830 Y41.614 Z23.738 E8370.45531
G1 X69.884 Y41.266 Z23.742 E8371.84017
G1 X70.953 Y40.965 Z23.746 E8373.22489
G1 X72.023 Y40.669 Z23.750 E8374.60975
G1 X73.107 Y40.426 Z23.754 E8375.99461
G1 X74.191 Y40.188 Z23.758 E8377.37933
G1 X75.285 Y39.998 Z23.762 E8378.76419
G1 X76.380 Y39.818 Z23.766 E8380.14879
G1 X77.482 Y39.682 Z23.770 E8381.53365
G1 X78.586 Y39.562 Z23.775 E8382.91818
G1 X79.693 Y39.480 Z23.779 E8384.30304
G1 X80.801 Y39.419 Z23.783 E8385.68751
G1 X81.911 Y39.391 Z23.787 E8387.07237
G1 X83.021 Y39.390 Z23.791 E8388.45681
G1 X84.131 Y39.417 Z23.795 E8389.84167
G1 X85.240 Y39.475 Z23.799 E8391.22612
G1 X86.347 Y39.557 Z23.803 E8392.61098
G1 X87.451 Y39.674 Z23.807 E8393.99547
G1 X88.553 Y39.810 Z23.811 E8395.38033
G1 X89.649 Y39.986 Z23.816 E8396.76487
G1 X90.743 Y40.176 Z23.820 E8398.14973
G1 X91.828 Y40.411 Z23.824 E8399.53437
G1 X92.911 Y40.654 Z23.828 E8400.91923
G1 X93.982 Y40.947 Z23.832 E8402.30400
G1 X95.052 Y41.245 Z23.836 E8403.68881
G1 X96.106 Y41.593 Z23.840 E8405.07367
G1 X97.158 Y41.948 Z23.844 E8406.45834
G1 X98.194 Y42.348 Z23.848 E8407.84320
G1 X99.225 Y42.758 Z23.852 E8409.22778
G1 X100.240 Y43.208 Z23.857 E8410.61264
G1 X101.248 Y43.674 Z23.861 E8411.99714
G1 X102.240 Y44.173 Z23.865 E8413.38200
G1 X103.221 Y44.692 Z23.869 E8414.76646
G1 X104.187 Y45.239 Z23.873 E8416.15132
G1 X105.139 Y45.810 Z23.877 E8417.53576
G1 X106.078 Y46.404 Z23.881 E8418.92063
G1 X106.998 Y47.025 Z23.885 E8420.30508
G1 X107.905 Y47.664 Z23.889 E8421.68994
G1 X108.791 Y48.333 Z23.893 E8423.07444
G1 X109.666 Y49.017 Z23.898 E8424.45930
G1 X110.514 Y49.733 Z23.902 E8425.84388
G1 X111.355 Y50.458 Z23.906 E8427.22874
G1 X112.164 Y51.218 Z23.910 E8428.61342
G1 X112.968 Y51.984 Z23.914 E8429.99828
G1 X113.735 Y52.787 Z23.918 E8431.38308
G1 X114.498 Y53.593 Z23.922 E8432.76785
G1 X115.223 Y54.434 Z23.926 E8434.15271
G1 X115.942 Y55.280 Z23.930 E8435.53735
G1 X116.625 Y56.156 Z23.934 E8436.92221
G1 X117.297 Y57.039 Z23.939 E8438.30676
G1 X117.936 Y57.947 Z23.943 E8439.69162
G1 X118.560 Y58.865 Z23.947 E8441.07610
G1 X119.154 Y59.803 Z23.951 E8442.46096
G1 X119.728 Y60.754 Z23.955 E8443.84541
G1 X120.275 Y61.720 Z23.959 E8445.23027
G1 X120.797 Y62.699 Z23.963 E8446.61472
G1 X121.296 Y63.691 Z23.967 E8447.99958
G1 X121.764 Y64.698 Z23.971 E8449.38405
G1 X122.214 Y65.713 Z23.975 E8450.76891
G1 X122.628 Y66.743 Z23.980 E8452.15343
G1 X123.027 Y67.779 Z23.984 E8453.53829
G1 X123.384 Y68.830 Z23.988 E8454.92286
G1 X123.731 Y69.885 Z23.992 E8456.30770
G1 X124.033 Y70.953 Z23.996 E8457.69241
G1 X124.331 Y72.023 Z24.000 E8459.07724
;LAYER:23
;TYPE:WALL-OUTER
G1 X125.028 Y71.848 Z24.000 E8459.97316
G1 X125.272 Y72.950 Z24.004 E8461.38103
G1 X125.512 Y74.053 Z24.008 E8462.78872
G1 X125.696 Y75.166 Z24.012 E8464.19639
G1 X125.873 Y76.281 Z24.016 E8465.60392
G1 X126.017 Y77.400 Z24.020 E8467.01164
G1 X126.143 Y78.522 Z24.025 E8468.41894
G1 X126.225 Y79.647 Z24.029 E8469.82674
G1 X126.287 Y80.774 Z24.033 E8471.23414
G1 X126.317 Y81.902 Z24.037 E8472.64176
G1 X126.314 Y83.031 Z24.041 E8474.04934
G1 X126.295 Y84.159 Z24.045 E8475.45719
G1 X126.240 Y85.286 Z24.049 E8476.86451
G1 X126.157 Y86.412 Z24.053 E8478.27241
G1 X126.038 Y87.534 Z24.057 E8479.67994
G1 X125.900 Y88.655 Z24.061 E8481.08784
G1 X125.720 Y89.769 Z24.066 E8482.49544
G1 X125.527 Y90.881 Z24.070 E8483.90334
G1 X125.288 Y91.984 Z24.074 E8485.31103
G1 X125.041 Y93.085 Z24.078 E8486.71894
G1 X124.743 Y94.174 Z24.082 E8488.12674
G1 X124.440 Y95.261 Z24.086 E8489.53459
G1 X124.086 Y96.333 Z24.090 E8490.94250
G1 X123.725 Y97.402 Z24.094 E8492.35017
G1 X123.313 Y98.454 Z24.098 E8493.75802
G1 X122.893 Y99.501 Z24.102 E8495.16569
G1 X122.443 Y100.536 Z24.107 E8496.57349
G1 X121.967 Y101.559 Z24.111 E8497.98098
G1 X121.462 Y102.569 Z24.115 E8499.38887
G1 X120.936 Y103.567 Z24.119 E8500.79632
G1 X120.380 Y104.549 Z24.123 E8502.20422
G1 X119.799 Y105.517 Z24.127 E8503.61170
G1 X119.195 Y106.471 Z24.131 E8505.01961
G1 X118.564 Y107.406 Z24.135 E8506.42710
G1 X117.914 Y108.329 Z24.139 E8507.83501
G1 X117.233 Y109.229 Z24.143 E8509.24255
G1 X116.539 Y110.119 Z24.148 E8510.65045
G1 X115.811 Y110.981 Z24.152 E8512.05807
G1 X115.074 Y111.836 Z24.156 E8513.46598
G1 X114.300 Y112.658 Z24.160 E8514.87370
G1 X113.522 Y113.476 Z24.164 E8516.28160
G1 X112.705 Y114.255 Z24.168 E8517.68946
G1 X111.886 Y115.031 Z24.172 E8519.09726
G1 X111.031 Y115.768 Z24.176 E8520.50517
G1 X110.171 Y116.499 Z24.180 E8521.91284
G1 X109.281 Y117.193 Z24.184 E8523.32075
G1 X108.382 Y117.876 Z24.189 E8524.72833
G1 X107.459 Y118.526 Z24.193 E8526.13624
G1 X106.526 Y119.160 Z24.197 E8527.54376
G1 X105.572 Y119.764 Z24.201 E8528.95166
G1 X104.606 Y120.347 Z24.205 E8530.35915
G1 X103.624 Y120.904 Z24.209 E8531.76706
G1 X102.628 Y121.434 Z24.213 E8533.17454
G1 X101.620 Y121.942 Z24.217 E8534.58244
G1 X100.596 Y122.418 Z24.221 E8535.98995
G1 X99.564 Y122.875 Z24.225 E8537.39786
G1 X98.517 Y123.296 Z24.230 E8538.80542
G1 X97.464 Y123.702 Z24.234 E8540.21332
G1 X96.396 Y124.066 Z24.238 E8541.62097
G1 X95.324 Y124.420 Z24.242 E8543.02888
G1 X94.237 Y124.726 Z24.246 E8544.43664
G1 X93.149 Y125.027 Z24.250 E8545.84454
G1 X92.048 Y125.274 Z24.254 E8547.25245
G1 X90.946 Y125.516 Z24.258 E8548.66020
G1 X89.833 Y125.709 Z24.262 E8550.06811
G1 X88.720 Y125.892 Z24.266 E8551.47575
G1 X87.599 Y126.030 Z24.270 E8552.88366
G1 X86.478 Y126.152 Z24.275 E8554.29122
G1 X85.352 Y126.235 Z24.279 E8555.69912
G1 X84.225 Y126.297 Z24.283 E8557.10663
G1 X83.097 Y126.325 Z24.287 E8558.51453
G1 X81.968 Y126.327 Z24.291 E8559.92202
G1 X80.840 Y126.299 Z24.295 E8561.32992
G1 X79.713 Y126.240 Z24.299 E8562.73741
G1 X78.587 Y126.157 Z24.303 E8564.14531
G1 X77.465 Y126.038 Z24.307 E8565.55284
G1 X76.345 Y125.899 Z24.311 E8566.96074
G1 X75.230 Y125.720 Z24.316 E8568.36833
G1 X74.118 Y125.527 Z24.320 E8569.77623
G1 X73.015 Y125.288 Z24.324 E8571.18392
G1 X71.914 Y125.041 Z24.328 E8572.59182
G1 X70.825 Y124.743 Z24.332 E8573.99963
G1 X69.738 Y124.440 Z24.336 E8575.40748
G1 X68.666 Y124.086 Z24.340 E8576.81539
G1 X67.596 Y123.725 Z24.344 E8578.22310
G1 X66.543 Y123.319 Z24.348 E8579.63101
G1 X65.495 Y122.901 Z24.352 E8581.03862
G1 X64.463 Y122.444 Z24.357 E8582.44652
G1 X63.438 Y121.971 Z24.361 E8583.85406
G1 X62.430 Y121.463 Z24.365 E8585.26197
G1 X61.432 Y120.936 Z24.369 E8586.66946
G1 X60.450 Y120.379 Z24.373 E8588.07737
G1 X59.482 Y119.799 Z24.377 E8589.48485
G1 X58.529 Y119.195 Z24.381 E8590.89275
G1 X57.593 Y118.564 Z24.385 E8592.30025
G1 X56.671 Y117.914 Z24.389 E8593.70815
G1 X55.770 Y117.233 Z24.393 E8595.11570
G1 X54.881 Y116.539 Z24.398 E8596.52360
G1 X54.018 Y115.811 Z24.402 E8597.93122
G1 X53.163 Y115.073 Z24.406 E8599.33912
G1 X52.341 Y114.300 Z24.410 E8600.74684
G1 X51.524 Y113.522 Z24.414 E8602.15475
G1 X50.744 Y112.705 Z24.418 E8603.56260
G1 X49.969 Y111.885 Z24.422 E8604.97041
G1 X49.231 Y111.030 Z24.426 E8606.37831
G1 X48.501 Y110.170 Z24.430 E8607.78599
G1 X47.806 Y109.280 Z24.434 E8609.19389
G1 X47.123 Y108.382 Z24.439 E8610.60148
G1 X46.473 Y107.459 Z24.443 E8612.00938
G1 X45.839 Y106.525 Z24.447 E8613.41691
G1 X45.235 Y105.572 Z24.451 E8614.82481
G1 X44.652 Y104.606 Z24.455 E8616.23230
G1 X44.096 Y103.623 Z24.459 E8617.64020
G1 X43.566 Y102.627 Z24.463 E8619.04768
G1 X43.058 Y101.619 Z24.467 E8620.45559
G1 X42.582 Y100.596 Z24.471 E8621.86310
G1 X42.125 Y99.564 Z24.475 E8623.27100
G1 X41.704 Y98.517 Z24.480 E8624.67856
G1 X41.298 Y97.464 Z24.484 E8626.08647
G1 X40.934 Y96.395 Z24.488 E8627.49412
G1 X40.580 Y95.323 Z24.492 E8628.90202
G1 X40.274 Y94.237 Z24.496 E8630.30979
G1 X39.973 Y93.149 Z24.500 E8631.71769
G1 X39.726 Y92.048 Z24.504 E8633.12559
G1 X39.484 Y90.945 Z24.508 E8634.53335
G1 X39.291 Y89.833 Z24.512 E8635.94125
G1 X39.108 Y88.719 Z24.516 E8637.34890
G1 X38.970 Y87.599 Z24.520 E8638.75680
G1 X38.848 Y86.477 Z24.525 E8640.16436
G1 X38.765 Y85.351 Z24.529 E8641.57226
G1 X38.703 Y84.225 Z24.533 E8642.97977
G1 X38.675 Y83.096 Z24.537 E8644.38767
G1 X38.673 Y81.968 Z24.541 E8645.79516
G1 X38.701 Y80.839 Z24.545 E8647.20306
G1 X38.760 Y79.712 Z24.549 E8648.61055
G1 X38.843 Y78.586 Z24.553 E8650.01845
G1 X38.963 Y77.464 Z24.557 E8651.42596
G1 X39.102 Y76.344 Z24.561 E8652.83385
G1 X39.280 Y75.230 Z24.566 E8654.24144
G1 X39.475 Y74.118 Z24.570 E8655.64930
G1 X39.713 Y73.015 Z24.574 E8657.05700
G1 X39.959 Y71.913 Z24.578 E8658.46489
G1 X40.257 Y70.824 Z24.582 E8659.87270
G1 X40.560 Y69.737 Z24.586 E8661.28056
G1 X40.913 Y68.665 Z24.590 E8662.68846
G1 X41.274 Y67.595 Z24.594 E8664.09617
G1 X41.680 Y66.542 Z24.598 E8665.50407
G1 X42.097 Y65.494 Z24.602 E8666.91169
G1 X42.555 Y64.462 Z24.607 E8668.31959
G1 X43.028 Y63.437 Z24.611 E8669.72713
G1 X43.536 Y62.429 Z24.615 E8671.13503
G1 X44.063 Y61.431 Z24.619 E8672.54253
G1 X44.620 Y60.449 Z24.623 E8673.95043
G1 X45.200 Y59.481 Z24.627 E8675.35791
G1 X45.804 Y58.528 Z24.631 E8676.76582
G1 X46.435 Y57.592 Z24.635 E8678.17332
G1 X47.085 Y56.669 Z24.639 E8679.58122
G1 X47.766 Y55.769 Z24.643 E8680.98876
G1 X48.460 Y54.880 Z24.648 E8682.39667
G1 X49.188 Y54.017 Z24.652 E8683.80428
G1 X49.926 Y53.162 Z24.656 E8685.21219
G1 X50.699 Y52.340 Z24.660 E8686.61991
G1 X51.477 Y51.523 Z24.664 E8688.02782
G1 X52.294 Y50.743 Z24.668 E8689.43567
G1 X53.114 Y49.968 Z24.672 E8690.84347
G1 X53.968 Y49.230 Z24.676 E8692.25138
G1 X54.829 Y48.500 Z24.680 E8693.65906
G1 X55.719 Y47.805 Z24.684 E8695.06696
G1 X56.617 Y47.122 Z24.689 E8696.47455
G1 X57.540 Y46.472 Z24.693 E8697.88245
G1 X58.473 Y45.838 Z24.697 E8699.28997
G1 X59.427 Y45.234 Z24.701 E8700.69788
G1 X60.393 Y44.651 Z24.705 E8702.10536
G1 X61.375 Y44.095 Z24.709 E8703.51327
G1 X62.371 Y43.565 Z24.713 E8704.92075
G1 X63.380 Y43.057 Z24.717 E8706.32866
G1 X64.403 Y42.581 Z24.721 E8707.73616
G1 X65.435 Y42.124 Z24.725 E8709.14407
G1 X66.482 Y41.703 Z24.730 E8710.55163
G1 X67.535 Y41.297 Z24.734 E8711.95954
G1 X68.604 Y40.933 Z24.738 E8713.36719
G1 X69.675 Y40.579 Z24.742 E8714.77509
G1 X70.762 Y40.273 Z24.746 E8716.18285
G1 X71.850 Y39.972 Z24.750 E8717.59075
G1 X72.951 Y39.725 Z24.754 E8718.99866
G1 X74.054 Y39.483 Z24.758 E8720.40642
G1 X75.166 Y39.290 Z24.762 E8721.81432
G1 X76.280 Y39.107 Z24.766 E8723.22197
G1 X77.400 Y38.969 Z24.770 E8724.62987
G1 X78.522 Y38.846 Z24.775 E8726.03743
G1 X79.647 Y38.763 Z24.779 E8727.44534
G1 X80.774 Y38.701 Z24.783 E8728.85284
G1 X81.903 Y38.673 Z24.787 E8730.26075
G1 X83.031 Y38.672 Z24.791 E8731.66823
G1 X84.160 Y38.699 Z24.795 E8733.07614
G1 X85.287 Y38.758 Z24.799 E8734.48362
G1 X86.412 Y38.841 Z24.803 E8735.89153
G1 X87.534 Y38.961 Z24.807 E8737.29905
G1 X88.655 Y39.099 Z24.811 E8738.70695
G1 X89.769 Y39.278 Z24.816 E8740.11454
G1 X90.881 Y39.471 Z24.820 E8741.52245
G1 X91.984 Y39.710 Z24.824 E8742.93013
G1 X93.086 Y39.958 Z24.828 E8744.33803
G1 X94.174 Y40.255 Z24.832 E8745.74584
G1 X95.262 Y40.558 Z24.836 E8747.15369
G1 X96.334 Y40.912 Z24.840 E8748.56160
G1 X97.403 Y41.273 Z24.844 E8749.96932
G1 X98.456 Y41.679 Z24.848 E8751.37722
G1 X99.505 Y42.097 Z24.852 E8752.78483
G1 X100.537 Y42.554 Z24.857 E8754.19274
G1 X101.561 Y43.027 Z24.861 E8755.60028
G1 X102.569 Y43.535 Z24.865 E8757.00818
G1 X103.567 Y44.062 Z24.869 E8758.41568
G1 X104.549 Y44.619 Z24.873 E8759.82358
G1 X105.517 Y45.199 Z24.877 E8761.23106
G1 X106.471 Y45.803 Z24.881 E8762.63897
G1 X107.406 Y46.434 Z24.885 E8764.04646
G1 X108.329 Y47.084 Z24.889 E8765.45437
G1 X109.229 Y47.765 Z24.893 E8766.86191
G1 X110.119 Y48.459 Z24.898 E8768.26981
G1 X110.981 Y49.187 Z24.902 E8769.67743
G1 X111.836 Y49.924 Z24.906 E8771.08533
G1 X112.658 Y50.698 Z24.910 E8772.49305
G1 X113.476 Y51.476 Z24.914 E8773.90096
G1 X114.255 Y52.292 Z24.918 E8775.30881
G1 X115.031 Y53.112 Z24.922 E8776.71662
G1 X115.768 Y53.967 Z24.926 E8778.12452
G1 X116.499 Y54.827 Z24.930 E8779.53220
G1 X117.193 Y55.717 Z24.934 E8780.94011
G1 X117.877 Y56.615 Z24.939 E8782.34769
G1 X118.527 Y57.538 Z24.943 E8783.75560
G1 X119.161 Y58.472 Z24.947 E8785.16312
G1 X119.765 Y59.425 Z24.951 E8786.57103
G1 X120.348 Y60.392 Z24.955 E8787.97851
G1 X120.904 Y61.374 Z24.959 E8789.38642
G1 X121.435 Y62.370 Z24.963 E8790.79390
G1 X121.942 Y63.378 Z24.967 E8792.20180
G1 X122.418 Y64.401 Z24.971 E8793.60931
G1 X122.876 Y65.433 Z24.975 E8795.01722
G1 X123.296 Y66.480 Z24.980 E8796.42478
G1 X123.703 Y67.534 Z24.984 E8797.83268
G1 X124.066 Y68.602 Z24.988 E8799.24033
G1 X124.420 Y69.674 Z24.992 E8800.64823
G1 X124.727 Y70.760 Z24.996 E8802.05599
G1 X125.028 Y71.848 Z25.000 E8803.46390
;LAYER:24
;TYPE:WALL-OUTER
G1 X125.709 Y71.678 Z25.000 E8804.33924
G1 X125.954 Y72.799 Z25.004 E8805.76957
G1 X126.195 Y73.920 Z25.008 E8807.19976
G1 X126.389 Y75.050 Z25.012 E8808.62987
G1 X126.573 Y76.181 Z25.016 E8810.05971
G1 X126.710 Y77.320 Z25.020 E8811.48986
G1 X126.832 Y78.460 Z25.025 E8812.91971
G1 X126.915 Y79.603 Z25.029 E8814.34993
G1 X126.982 Y80.748 Z25.033 E8815.77990
G1 X127.022 Y81.894 Z25.037 E8817.21008
G1 X127.018 Y83.040 Z25.041 E8818.64008
G1 X126.995 Y84.187 Z25.045 E8820.07044
G1 X126.937 Y85.332 Z25.049 E8821.50032
G1 X126.853 Y86.476 Z25.053 E8822.93071
G1 X126.732 Y87.616 Z25.057 E8824.36071
G1 X126.591 Y88.754 Z25.061 E8825.79110
G1 X126.409 Y89.886 Z25.066 E8827.22117
G1 X126.213 Y91.016 Z25.070 E8828.65156
G1 X125.970 Y92.137 Z25.074 E8830.08173
G1 X125.719 Y93.255 Z25.078 E8831.51212
G1 X125.416 Y94.362 Z25.082 E8832.94241
G1 X125.108 Y95.466 Z25.086 E8834.37274
G1 X124.749 Y96.555 Z25.090 E8835.80313
G1 X124.382 Y97.642 Z25.094 E8837.23332
G1 X123.968 Y98.711 Z25.098 E8838.66369
G1 X123.543 Y99.776 Z25.102 E8840.09380
G1 X123.080 Y100.825 Z25.107 E8841.52415
G1 X122.599 Y101.866 Z25.111 E8842.95416
G1 X122.083 Y102.891 Z25.115 E8844.38454
G1 X121.548 Y103.904 Z25.119 E8845.81450
G1 X120.983 Y104.902 Z25.123 E8847.24489
G1 X120.393 Y105.885 Z25.127 E8848.67485
G1 X119.779 Y106.854 Z25.131 E8850.10524
G1 X119.138 Y107.804 Z25.135 E8851.53521
G1 X118.478 Y108.742 Z25.139 E8852.96560
G1 X117.786 Y109.657 Z25.143 E8854.39562
G1 X117.080 Y110.561 Z25.148 E8855.82601
G1 X116.341 Y111.437 Z25.152 E8857.25611
G1 X115.592 Y112.305 Z25.156 E8858.68650
G1 X114.806 Y113.140 Z25.160 E8860.11670
G1 X114.015 Y113.971 Z25.164 E8861.54709
G1 X113.186 Y114.763 Z25.168 E8862.97743
G1 X112.353 Y115.551 Z25.172 E8864.40772
G1 X111.484 Y116.300 Z25.176 E8865.83811
G1 X110.610 Y117.042 Z25.180 E8867.26827
G1 X109.706 Y117.747 Z25.184 E8868.69866
G1 X108.793 Y118.442 Z25.189 E8870.12872
G1 X107.856 Y119.102 Z25.193 E8871.55911
G1 X106.907 Y119.746 Z25.197 E8872.98911
G1 X105.938 Y120.360 Z25.201 E8874.41950
G1 X104.957 Y120.952 Z25.205 E8875.84946
G1 X103.959 Y121.517 Z25.209 E8877.27985
G1 X102.947 Y122.056 Z25.213 E8878.70981
G1 X101.922 Y122.571 Z25.217 E8880.14020
G1 X100.883 Y123.055 Z25.221 E8881.57019
G1 X99.834 Y123.520 Z25.225 E8883.00058
G1 X98.770 Y123.947 Z25.230 E8884.43062
G1 X97.700 Y124.360 Z25.234 E8885.86101
G1 X96.615 Y124.729 Z25.238 E8887.29114
G1 X95.526 Y125.089 Z25.242 E8888.72153
G1 X94.422 Y125.399 Z25.246 E8890.15178
G1 X93.317 Y125.705 Z25.250 E8891.58216
G1 X92.198 Y125.956 Z25.254 E8893.01255
G1 X91.078 Y126.202 Z25.258 E8894.44279
G1 X89.948 Y126.398 Z25.262 E8895.87318
G1 X88.816 Y126.584 Z25.266 E8897.30330
G1 X87.678 Y126.724 Z25.270 E8898.73369
G1 X86.538 Y126.848 Z25.275 E8900.16373
G1 X85.394 Y126.933 Z25.279 E8901.59412
G1 X84.250 Y126.996 Z25.283 E8903.02410
G1 X83.103 Y127.024 Z25.287 E8904.45449
G1 X81.957 Y127.025 Z25.291 E8905.88445
G1 X80.810 Y126.997 Z25.295 E8907.31484
G1 X79.665 Y126.937 Z25.299 E8908.74480
G1 X78.522 Y126.853 Z25.303 E8910.17519
G1 X77.382 Y126.731 Z25.307 E8911.60520
G1 X76.243 Y126.591 Z25.311 E8913.03559
G1 X75.111 Y126.408 Z25.316 E8914.46566
G1 X73.981 Y126.212 Z25.320 E8915.89604
G1 X72.861 Y125.969 Z25.324 E8917.32621
G1 X71.742 Y125.718 Z25.328 E8918.75660
G1 X70.636 Y125.415 Z25.332 E8920.18689
G1 X69.531 Y125.108 Z25.336 E8921.61723
G1 X68.442 Y124.748 Z25.340 E8923.04761
G1 X67.356 Y124.381 Z25.344 E8924.47781
G1 X66.286 Y123.968 Z25.348 E8925.90820
G1 X65.221 Y123.544 Z25.352 E8927.33829
G1 X64.172 Y123.079 Z25.357 E8928.76868
G1 X63.131 Y122.598 Z25.361 E8930.19870
G1 X62.107 Y122.083 Z25.365 E8931.62908
G1 X61.093 Y121.547 Z25.369 E8933.05906
G1 X60.096 Y120.981 Z25.373 E8934.48945
G1 X59.112 Y120.392 Z25.377 E8935.91940
G1 X58.144 Y119.778 Z25.381 E8937.34979
G1 X57.193 Y119.136 Z25.385 E8938.77977
G1 X56.256 Y118.476 Z25.389 E8940.21016
G1 X55.341 Y117.784 Z25.393 E8941.64018
G1 X54.437 Y117.079 Z25.398 E8943.07057
G1 X53.561 Y116.339 Z25.402 E8944.50067
G1 X52.693 Y115.590 Z25.406 E8945.93106
G1 X51.858 Y114.804 Z25.410 E8947.36126
G1 X51.027 Y114.013 Z25.414 E8948.79165
G1 X50.235 Y113.184 Z25.418 E8950.22200
G1 X49.448 Y112.351 Z25.422 E8951.65228
G1 X48.698 Y111.482 Z25.426 E8953.08267
G1 X47.956 Y110.608 Z25.430 E8954.51283
G1 X47.251 Y109.704 Z25.434 E8955.94321
G1 X46.557 Y108.791 Z25.439 E8957.37328
G1 X45.897 Y107.854 Z25.443 E8958.80367
G1 X45.253 Y106.905 Z25.447 E8960.23366
G1 X44.639 Y105.936 Z25.451 E8961.66405
G1 X44.047 Y104.954 Z25.455 E8963.09402
G1 X43.482 Y103.956 Z25.459 E8964.52441
G1 X42.943 Y102.944 Z25.463 E8965.95437
G1 X42.428 Y101.920 Z25.467 E8967.38476
G1 X41.944 Y100.880 Z25.471 E8968.81474
G1 X41.479 Y99.832 Z25.475 E8970.24513
G1 X41.052 Y98.768 Z25.480 E8971.67518
G1 X40.640 Y97.698 Z25.484 E8973.10557
G1 X40.270 Y96.612 Z25.488 E8974.53570
G1 X39.910 Y95.523 Z25.492 E8975.96609
G1 X39.600 Y94.420 Z25.496 E8977.39635
G1 X39.294 Y93.314 Z25.500 E8978.82672
G1 X39.043 Y92.195 Z25.504 E8980.25711
G1 X38.798 Y91.075 Z25.508 E8981.68734
G1 X38.601 Y89.945 Z25.512 E8983.11773
G1 X38.416 Y88.814 Z25.516 E8984.54784
G1 X38.276 Y87.675 Z25.520 E8985.97823
G1 X38.152 Y86.536 Z25.525 E8987.40827
G1 X38.067 Y85.392 Z25.529 E8988.83866
G1 X38.004 Y84.247 Z25.533 E8990.26864
G1 X37.976 Y83.101 Z25.537 E8991.69903
G1 X37.975 Y81.954 Z25.541 E8993.12899
G1 X38.003 Y80.808 Z25.545 E8994.55938
G1 X38.063 Y79.663 Z25.549 E8995.98934
G1 X38.147 Y78.519 Z25.553 E8997.41973
G1 X38.269 Y77.379 Z25.557 E8998.84974
G1 X38.409 Y76.241 Z25.561 E9000.28013
G1 X38.592 Y75.109 Z25.566 E9001.71021
G1 X38.788 Y73.979 Z25.570 E9003.14059
G1 X39.031 Y72.858 Z25.574 E9004.57077
G1 X39.282 Y71.739 Z25.578 E9006.00116
G1 X39.587 Y70.634 Z25.582 E9007.43144
G1 X39.896 Y69.529 Z25.586 E9008.86177
G1 X40.252 Y68.439 Z25.590 E9010.29213
G1 X40.616 Y67.352 Z25.594 E9011.72227
G1 X41.028 Y66.282 Z25.598 E9013.15266
G1 X41.453 Y65.217 Z25.602 E9014.58274
G1 X41.918 Y64.168 Z25.607 E9016.01313
G1 X42.399 Y63.128 Z25.611 E9017.44315
G1 X42.914 Y62.103 Z25.615 E9018.87354
G1 X43.450 Y61.090 Z25.619 E9020.30351
G1 X44.016 Y60.092 Z25.623 E9021.73390
G1 X44.605 Y59.109 Z25.627 E9023.16386
G1 X45.219 Y58.140 Z25.631 E9024.59425
G1 X45.861 Y57.190 Z25.635 E9026.02422
G1 X46.521 Y56.252 Z25.639 E9027.45461
G1 X47.213 Y55.338 Z25.643 E9028.88463
G1 X47.918 Y54.434 Z25.648 E9030.31502
G1 X48.658 Y53.558 Z25.652 E9031.74512
G1 X49.407 Y52.689 Z25.656 E9033.17551
G1 X50.193 Y51.854 Z25.660 E9034.60572
G1 X50.984 Y51.024 Z25.664 E9036.03611
G1 X51.813 Y50.232 Z25.668 E9037.46645
G1 X52.647 Y49.444 Z25.672 E9038.89673
G1 X53.515 Y48.695 Z25.676 E9040.32712
G1 X54.389 Y47.953 Z25.680 E9041.75728
G1 X55.293 Y47.247 Z25.684 E9043.18767
G1 X56.206 Y46.553 Z25.689 E9044.61773
G1 X57.144 Y45.893 Z25.693 E9046.04812
G1 X58.092 Y45.249 Z25.697 E9047.47812
G1 X59.061 Y44.636 Z25.701 E9048.90851
G1 X60.043 Y44.043 Z25.705 E9050.33847
G1 X61.041 Y43.478 Z25.709 E9051.76886
G1 X62.053 Y42.939 Z25.713 E9053.19882
G1 X63.077 Y42.424 Z25.717 E9054.62921
G1 X64.117 Y41.940 Z25.721 E9056.05920
G1 X65.165 Y41.476 Z25.725 E9057.48959
G1 X66.229 Y41.049 Z25.730 E9058.91963
G1 X67.299 Y40.636 Z25.734 E9060.35002
G1 X68.385 Y40.266 Z25.738 E9061.78015
G1 X69.474 Y39.907 Z25.742 E9063.21054
G1 X70.578 Y39.596 Z25.746 E9064.64079
G1 X71.683 Y39.290 Z25.750 E9066.07117
G1 X72.802 Y39.039 Z25.754 E9067.50156
G1 X73.922 Y38.793 Z25.758 E9068.93180
G1 X75.052 Y38.597 Z25.762 E9070.36219
G1 X76.183 Y38.412 Z25.766 E9071.79231
G1 X77.322 Y38.272 Z25.770 E9073.22270
G1 X78.461 Y38.147 Z25.775 E9074.65274
G1 X79.605 Y38.063 Z25.779 E9076.08313
G1 X80.750 Y38.000 Z25.783 E9077.51311
G1 X81.896 Y37.972 Z25.787 E9078.94350
G1 X83.043 Y37.970 Z25.791 E9080.37346
G1 X84.189 Y37.998 Z25.795 E9081.80385
G1 X85.334 Y38.058 Z25.799 E9083.23382
G1 X86.478 Y38.143 Z25.803 E9084.66421
G1 X87.618 Y38.264 Z25.807 E9086.09421
G1 X88.756 Y38.405 Z25.811 E9087.52460
G1 X89.888 Y38.587 Z25.816 E9088.95467
G1 X91.018 Y38.783 Z25.820 E9090.38506
G1 X92.139 Y39.026 Z25.824 E9091.81522
G1 X93.258 Y39.277 Z25.828 E9093.24561
G1 X94.364 Y39.580 Z25.832 E9094.67590
G1 X95.469 Y39.888 Z25.836 E9096.10624
G1 X96.558 Y40.247 Z25.840 E9097.53662
G1 X97.644 Y40.614 Z25.844 E9098.96682
G1 X98.714 Y41.027 Z25.848 E9100.39721
G1 X99.779 Y41.451 Z25.852 E9101.82730
G1 X100.828 Y41.916 Z25.857 E9103.25769
G1 X101.868 Y42.396 Z25.861 E9104.68771
G1 X102.893 Y42.912 Z25.865 E9106.11810
G1 X103.906 Y43.448 Z25.869 E9107.54807
G1 X104.904 Y44.013 Z25.873 E9108.97846
G1 X105.887 Y44.603 Z25.877 E9110.40842
G1 X106.856 Y45.217 Z25.881 E9111.83881
G1 X107.807 Y45.858 Z25.885 E9113.26878
G1 X108.744 Y46.518 Z25.889 E9114.69917
G1 X109.659 Y47.210 Z25.893 E9116.12919
G1 X110.563 Y47.916 Z25.898 E9117.55958
G1 X111.439 Y48.655 Z25.902 E9118.98968
G1 X112.307 Y49.404 Z25.906 E9120.42007
G1 X113.142 Y50.190 Z25.910 E9121.85027
G1 X113.973 Y50.981 Z25.914 E9123.28066
G1 X114.765 Y51.810 Z25.918 E9124.71100
G1 X115.553 Y52.643 Z25.922 E9126.14129
G1 X116.302 Y53.512 Z25.926 E9127.57167
G1 X117.044 Y54.386 Z25.930 E9129.00184
G1 X117.750 Y55.290 Z25.934 E9130.43222
G1 X118.444 Y56.202 Z25.939 E9131.86229
G1 X119.104 Y57.140 Z25.943 E9133.29268
G1 X119.749 Y58.088 Z25.947 E9134.72268
G1 X120.362 Y59.057 Z25.951 E9136.15307
G1 X120.954 Y60.039 Z25.955 E9137.58303
G1 X121.520 Y61.037 Z25.959 E9139.01342
G1 X122.059 Y62.049 Z25.963 E9140.44338
G1 X122.574 Y63.073 Z25.967 E9141.87377
G1 X123.058 Y64.113 Z25.971 E9143.30376
G1 X123.523 Y65.161 Z25.975 E9144.73415
G1 X123.950 Y66.225 Z25.980 E9146.16419
G1 X124.363 Y67.295 Z25.984 E9147.59458
G1 X124.732 Y68.380 Z25.988 E9149.02470
G1 X125.092 Y69.469 Z25.992 E9150.45509
G1 X125.403 Y70.573 Z25.996 E9151.88534
G1 X125.709 Y71.678 Z26.000 E9153.31573
;LAYER:25
;TYPE:WALL-OUTER
G1 X126.376 Y71.515 Z26.000 E9154.17326
G1 X126.622 Y72.653 Z26.004 E9155.62561
G1 X126.865 Y73.792 Z26.008 E9157.07787
G1 X127.072 Y74.937 Z26.012 E9158.53009
G1 X127.265 Y76.085 Z26.016 E9159.98182
G1 X127.397 Y77.242 Z26.020 E9161.43404
G1 X127.516 Y78.400 Z26.025 E9162.88607
G1 X127.604 Y79.561 Z26.029 E9164.33832
G1 X127.673 Y80.723 Z26.033 E9165.79025
G1 X127.709 Y81.887 Z26.037 E9167.24253
G1 X127.706 Y83.051 Z26.041 E9168.69455
G1 X127.680 Y84.215 Z26.045 E9170.14696
G1 X127.620 Y85.378 Z26.049 E9171.59891
G1 X127.535 Y86.539 Z26.053 E9173.05133
G1 X127.411 Y87.697 Z26.057 E9174.50336
G1 X127.269 Y88.853 Z26.061 E9175.95579
G1 X127.084 Y90.002 Z26.066 E9177.40788
G1 X126.884 Y91.149 Z26.070 E9178.86030
G1 X126.638 Y92.287 Z26.074 E9180.31250
G1 X126.383 Y93.423 Z26.078 E9181.76492
G1 X126.075 Y94.547 Z26.082 E9183.21724
G1 X125.763 Y95.668 Z26.086 E9184.66961
G1 X125.397 Y96.774 Z26.090 E9186.12203
G1 X125.025 Y97.877 Z26.094 E9187.57426
G1 X124.606 Y98.964 Z26.098 E9189.02669
G1 X124.175 Y100.045 Z26.102 E9190.47881
G1 X123.703 Y101.110 Z26.107 E9191.93123
G1 X123.215 Y102.167 Z26.111 E9193.38328
G1 X122.691 Y103.207 Z26.115 E9194.83570
G1 X122.147 Y104.236 Z26.119 E9196.28770
G1 X121.573 Y105.249 Z26.123 E9197.74012
G1 X120.974 Y106.247 Z26.127 E9199.19211
G1 X120.351 Y107.231 Z26.131 E9200.64453
G1 X119.700 Y108.196 Z26.135 E9202.09653
G1 X119.029 Y109.148 Z26.139 E9203.54896
G1 X118.327 Y110.077 Z26.143 E9205.00100
G1 X117.610 Y110.995 Z26.148 E9206.45343
G1 X116.859 Y111.884 Z26.152 E9207.90555
G1 X116.098 Y112.766 Z26.156 E9209.35797
G1 X115.300 Y113.614 Z26.160 E9210.81021
G1 X114.497 Y114.457 Z26.164 E9212.26263
G1 X113.655 Y115.261 Z26.168 E9213.71500
G1 X112.809 Y116.061 Z26.172 E9215.16732
G1 X111.927 Y116.822 Z26.176 E9216.61974
G1 X111.040 Y117.575 Z26.180 E9218.07193
G1 X110.121 Y118.292 Z26.184 E9219.52436
G1 X109.195 Y118.996 Z26.189 E9220.97645
G1 X108.243 Y119.667 Z26.193 E9222.42887
G1 X107.279 Y120.321 Z26.197 E9223.88090
G1 X106.296 Y120.944 Z26.201 E9225.33332
G1 X105.299 Y121.545 Z26.205 E9226.78531
G1 X104.285 Y122.119 Z26.209 E9228.23773
G1 X103.258 Y122.666 Z26.213 E9229.68972
G1 X102.218 Y123.189 Z26.217 E9231.14214
G1 X101.162 Y123.680 Z26.221 E9232.59416
G1 X100.097 Y124.152 Z26.225 E9234.04658
G1 X99.017 Y124.585 Z26.230 E9235.49865
G1 X97.930 Y125.004 Z26.234 E9236.95108
G1 X96.828 Y125.379 Z26.238 E9238.40324
G1 X95.722 Y125.745 Z26.242 E9239.85566
G1 X94.602 Y126.060 Z26.246 E9241.30794
G1 X93.479 Y126.370 Z26.250 E9242.76035
G1 X92.343 Y126.625 Z26.254 E9244.21278
G1 X91.206 Y126.875 Z26.258 E9245.66504
G1 X90.058 Y127.074 Z26.262 E9247.11747
G1 X88.909 Y127.262 Z26.266 E9248.56962
G1 X87.754 Y127.404 Z26.270 E9250.02204
G1 X86.596 Y127.531 Z26.275 E9251.47411
G1 X85.435 Y127.616 Z26.279 E9252.92653
G1 X84.272 Y127.680 Z26.283 E9254.37854
G1 X83.108 Y127.708 Z26.287 E9255.83096
G1 X81.944 Y127.710 Z26.291 E9257.28295
G1 X80.780 Y127.681 Z26.295 E9258.73537
G1 X79.617 Y127.620 Z26.299 E9260.18737
G1 X78.456 Y127.534 Z26.303 E9261.63979
G1 X77.298 Y127.411 Z26.307 E9263.09182
G1 X76.143 Y127.268 Z26.311 E9264.54424
G1 X74.993 Y127.083 Z26.316 E9265.99634
G1 X73.846 Y126.884 Z26.320 E9267.44876
G1 X72.708 Y126.637 Z26.324 E9268.90096
G1 X71.572 Y126.382 Z26.328 E9270.35338
G1 X70.449 Y126.074 Z26.332 E9271.80571
G1 X69.327 Y125.761 Z26.336 E9273.25807
G1 X68.222 Y125.396 Z26.340 E9274.71050
G1 X67.118 Y125.023 Z26.344 E9276.16272
G1 X66.032 Y124.604 Z26.348 E9277.61514
G1 X64.950 Y124.173 Z26.352 E9279.06726
G1 X63.886 Y123.701 Z26.357 E9280.51969
G1 X62.829 Y123.213 Z26.361 E9281.97173
G1 X61.789 Y122.689 Z26.365 E9283.42415
G1 X60.760 Y122.145 Z26.369 E9284.87615
G1 X59.747 Y121.571 Z26.373 E9286.32857
G1 X58.749 Y120.972 Z26.377 E9287.78056
G1 X57.765 Y120.349 Z26.381 E9289.23298
G1 X56.800 Y119.697 Z26.385 E9290.68498
G1 X55.848 Y119.026 Z26.389 E9292.13741
G1 X54.920 Y118.324 Z26.393 E9293.58946
G1 X54.002 Y117.607 Z26.398 E9295.04188
G1 X53.112 Y116.856 Z26.402 E9296.49401
G1 X52.231 Y116.095 Z26.406 E9297.94643
G1 X51.383 Y115.297 Z26.410 E9299.39867
G1 X50.540 Y114.494 Z26.414 E9300.85109
G1 X49.736 Y113.652 Z26.418 E9302.30347
G1 X48.936 Y112.806 Z26.422 E9303.75579
G1 X48.175 Y111.924 Z26.426 E9305.20821
G1 X47.422 Y111.036 Z26.430 E9306.66039
G1 X46.706 Y110.118 Z26.434 E9308.11282
G1 X46.001 Y109.191 Z26.439 E9309.56490
G1 X45.331 Y108.239 Z26.443 E9311.01733
G1 X44.677 Y107.276 Z26.447 E9312.46935
G1 X44.054 Y106.292 Z26.451 E9313.92177
G1 X43.453 Y105.295 Z26.455 E9315.37377
G1 X42.879 Y104.281 Z26.459 E9316.82619
G1 X42.332 Y103.254 Z26.463 E9318.27818
G1 X41.809 Y102.213 Z26.467 E9319.73060
G1 X41.318 Y101.158 Z26.471 E9321.18261
G1 X40.846 Y100.093 Z26.475 E9322.63504
G1 X40.413 Y99.013 Z26.480 E9324.08711
G1 X39.994 Y97.926 Z26.484 E9325.53953
G1 X39.619 Y96.824 Z26.488 E9326.99170
G1 X39.254 Y95.718 Z26.492 E9328.44412
G1 X38.939 Y94.597 Z26.496 E9329.89642
G1 X38.629 Y93.475 Z26.500 E9331.34881
G1 X38.374 Y92.338 Z26.504 E9332.80124
G1 X38.125 Y91.201 Z26.508 E9334.25349
G1 X37.925 Y90.054 Z26.512 E9335.70591
G1 X37.738 Y88.905 Z26.516 E9337.15806
G1 X37.595 Y87.749 Z26.520 E9338.61048
G1 X37.469 Y86.592 Z26.525 E9340.06254
G1 X37.384 Y85.430 Z26.529 E9341.51496
G1 X37.320 Y84.268 Z26.533 E9342.96697
G1 X37.291 Y83.104 Z26.537 E9344.41939
G1 X37.290 Y81.939 Z26.541 E9345.87138
G1 X37.319 Y80.775 Z26.545 E9347.32380
G1 X37.380 Y79.613 Z26.549 E9348.77580
G1 X37.466 Y78.451 Z26.553 E9350.22822
G1 X37.590 Y77.294 Z26.557 E9351.68026
G1 X37.732 Y76.138 Z26.561 E9353.13268
G1 X37.918 Y74.989 Z26.566 E9354.58479
G1 X38.117 Y73.841 Z26.570 E9356.03722
G1 X38.364 Y72.704 Z26.574 E9357.48943
G1 X38.619 Y71.567 Z26.578 E9358.94185
G1 X38.933 Y70.446 Z26.582 E9360.39412
G1 X39.251 Y69.326 Z26.586 E9361.84646
G1 X39.607 Y68.217 Z26.590 E9363.29879
G1 X39.971 Y67.112 Z26.594 E9364.75084
G1 X40.391 Y66.025 Z26.598 E9366.20327
G1 X40.822 Y64.944 Z26.602 E9367.65538
G1 X41.294 Y63.879 Z26.607 E9369.10780
G1 X41.783 Y62.823 Z26.611 E9370.55984
G1 X42.306 Y61.782 Z26.615 E9372.01226
G1 X42.851 Y60.754 Z26.619 E9373.46426
G1 X43.425 Y59.740 Z26.623 E9374.91668
G1 X44.024 Y58.742 Z26.627 E9376.36867
G1 X44.647 Y57.758 Z26.631 E9377.82109
G1 X45.299 Y56.794 Z26.635 E9379.27309
G1 X45.969 Y55.842 Z26.639 E9380.72551
G1 X46.672 Y54.913 Z26.643 E9382.17757
G1 X47.388 Y53.995 Z26.648 E9383.62999
G1 X48.140 Y53.106 Z26.652 E9385.08212
G1 X48.901 Y52.224 Z26.656 E9386.53454
G1 X49.699 Y51.377 Z26.660 E9387.98679
G1 X50.502 Y50.533 Z26.664 E9389.43921
G1 X51.344 Y49.730 Z26.668 E9390.89159
G1 X52.190 Y48.930 Z26.672 E9392.34390
G1 X53.072 Y48.169 Z26.676 E9393.79632
G1 X53.960 Y47.416 Z26.680 E9395.24851
G1 X54.878 Y46.700 Z26.684 E9396.70093
G1 X55.805 Y45.995 Z26.689 E9398.15302
G1 X56.757 Y45.325 Z26.693 E9399.60544
G1 X57.720 Y44.671 Z26.697 E9401.05746
G1 X58.704 Y44.048 Z26.701 E9402.50989
G1 X59.701 Y43.447 Z26.705 E9403.96188
G1 X60.715 Y42.873 Z26.709 E9405.41430
G1 X61.742 Y42.326 Z26.713 E9406.86629
G1 X62.783 Y41.803 Z26.717 E9408.31871
G1 X63.838 Y41.312 Z26.721 E9409.77073
G1 X64.903 Y40.840 Z26.725 E9411.22315
G1 X65.983 Y40.407 Z26.730 E9412.67522
G1 X67.070 Y39.988 Z26.734 E9414.12765
G1 X68.172 Y39.613 Z26.738 E9415.57981
G1 X69.278 Y39.248 Z26.742 E9417.03223
G1 X70.399 Y38.932 Z26.746 E9418.48451
G1 X71.521 Y38.622 Z26.750 E9419.93693
G1 X72.657 Y38.367 Z26.754 E9421.38935
G1 X73.795 Y38.118 Z26.758 E9422.84161
G1 X74.942 Y37.919 Z26.762 E9424.29404
G1 X76.091 Y37.731 Z26.766 E9425.74619
G1 X77.247 Y37.588 Z26.770 E9427.19861
G1 X78.404 Y37.462 Z26.775 E9428.65068
G1 X79.566 Y37.377 Z26.779 E9430.10310
G1 X80.728 Y37.313 Z26.783 E9431.55511
G1 X81.892 Y37.284 Z26.787 E9433.00753
G1 X83.056 Y37.283 Z26.791 E9434.45952
G1 X84.220 Y37.312 Z26.795 E9435.91194
G1 X85.383 Y37.373 Z26.799 E9437.36393
G1 X86.544 Y37.459 Z26.803 E9438.81636
G1 X87.702 Y37.582 Z26.807 E9440.26839
G1 X88.858 Y37.725 Z26.811 E9441.72081
G1 X90.007 Y37.910 Z26.816 E9443.17291
G1 X91.154 Y38.109 Z26.820 E9444.62533
G1 X92.292 Y38.356 Z26.824 E9446.07753
G1 X93.428 Y38.611 Z26.828 E9447.52995
G1 X94.552 Y38.919 Z26.832 E9448.98228
G1 X95.673 Y39.231 Z26.836 E9450.43464
G1 X96.779 Y39.597 Z26.840 E9451.88706
G1 X97.882 Y39.969 Z26.844 E9453.33929
G1 X98.969 Y40.388 Z26.848 E9454.79171
G1 X100.050 Y40.819 Z26.852 E9456.24383
G1 X101.115 Y41.291 Z26.857 E9457.69626
G1 X102.171 Y41.779 Z26.861 E9459.14830
G1 X103.212 Y42.303 Z26.865 E9460.60072
G1 X104.241 Y42.847 Z26.869 E9462.05272
G1 X105.254 Y43.422 Z26.873 E9463.50515
G1 X106.252 Y44.020 Z26.877 E9464.95713
G1 X107.236 Y44.643 Z26.881 E9466.40955
G1 X108.201 Y45.295 Z26.885 E9467.86156
G1 X109.153 Y45.965 Z26.889 E9469.31398
G1 X110.081 Y46.668 Z26.893 E9470.76603
G1 X110.999 Y47.384 Z26.898 E9472.21845
G1 X111.889 Y48.135 Z26.902 E9473.67058
G1 X112.770 Y48.896 Z26.906 E9475.12300
G1 X113.618 Y49.694 Z26.910 E9476.57523
G1 X114.462 Y50.497 Z26.914 E9478.02766
G1 X115.266 Y51.339 Z26.918 E9479.48003
G1 X116.066 Y52.185 Z26.922 E9480.93235
G1 X116.826 Y53.067 Z26.926 E9482.38477
G1 X117.580 Y53.955 Z26.930 E9483.83696
G1 X118.296 Y54.873 Z26.934 E9485.28938
G1 X119.001 Y55.800 Z26.939 E9486.74147
G1 X119.672 Y56.752 Z26.943 E9488.19390
G1 X120.326 Y57.715 Z26.947 E9489.64592
G1 X120.948 Y58.699 Z26.951 E9491.09835
G1 X121.550 Y59.695 Z26.955 E9492.55034
G1 X122.124 Y60.709 Z26.959 E9494.00276
G1 X122.671 Y61.736 Z26.963 E9495.45475
G1 X123.194 Y62.777 Z26.967 E9496.90717
G1 X123.685 Y63.832 Z26.971 E9498.35918
G1 X124.157 Y64.897 Z26.975 E9499.81161
G1 X124.591 Y65.977 Z26.980 E9501.26368
G1 X125.010 Y67.064 Z26.984 E9502.71610
G1 X125.385 Y68.166 Z26.988 E9504.16826
G1 X125.750 Y69.271 Z26.992 E9505.62068
G1 X126.066 Y70.392 Z26.996 E9507.07295
G1 X126.376 Y71.515 Z27.000 E9508.52538
;LAYER:26
;TYPE:WALL-OUTER
G1 X127.033 Y71.352 Z27.000 E9509.36889
G1 X127.286 Y72.507 Z27.004 E9510.84300
G1 X127.534 Y73.662 Z27.008 E9512.31701
G1 X127.743 Y74.826 Z27.012 E9513.79105
G1 X127.937 Y75.991 Z27.016 E9515.26469
G1 X128.075 Y77.165 Z27.020 E9516.73871
G1 X128.199 Y78.340 Z27.025 E9518.21251
G1 X128.290 Y79.518 Z27.029 E9519.68659
G1 X128.357 Y80.698 Z27.033 E9521.16022
G1 X128.387 Y81.879 Z27.037 E9522.63434
G1 X128.386 Y83.061 Z27.041 E9524.10809
G1 X128.358 Y84.242 Z27.045 E9525.58226
G1 X128.296 Y85.422 Z27.049 E9527.05598
G1 X128.209 Y86.601 Z27.053 E9528.53014
G1 X128.084 Y87.776 Z27.057 E9530.00391
G1 X127.939 Y88.949 Z27.061 E9531.47808
G1 X127.751 Y90.116 Z27.066 E9532.95191
G1 X127.549 Y91.280 Z27.070 E9534.42608
G1 X127.299 Y92.435 Z27.074 E9535.90001
G1 X127.040 Y93.588 Z27.078 E9537.37418
G1 X126.728 Y94.728 Z27.082 E9538.84824
G1 X126.411 Y95.867 Z27.086 E9540.32236
G1 X126.040 Y96.989 Z27.090 E9541.79652
G1 X125.662 Y98.109 Z27.094 E9543.27050
G1 X125.236 Y99.211 Z27.098 E9544.74466
G1 X124.799 Y100.309 Z27.102 E9546.21853
G1 X124.320 Y101.390 Z27.107 E9547.69269
G1 X123.824 Y102.462 Z27.111 E9549.16648
G1 X123.293 Y103.518 Z27.115 E9550.64065
G1 X122.740 Y104.563 Z27.119 E9552.11439
G1 X122.158 Y105.591 Z27.123 E9553.58855
G1 X121.550 Y106.604 Z27.127 E9555.06228
G1 X120.917 Y107.603 Z27.131 E9556.53644
G1 X120.256 Y108.582 Z27.135 E9558.01018
G1 X119.576 Y109.548 Z27.139 E9559.48435
G1 X118.863 Y110.491 Z27.143 E9560.95814
G1 X118.135 Y111.422 Z27.148 E9562.43230
G1 X117.373 Y112.325 Z27.152 E9563.90617
G1 X116.601 Y113.220 Z27.156 E9565.38034
G1 X115.791 Y114.081 Z27.160 E9566.85431
G1 X114.976 Y114.936 Z27.164 E9568.32848
G1 X114.121 Y115.753 Z27.168 E9569.80259
G1 X113.262 Y116.565 Z27.172 E9571.27665
G1 X112.367 Y117.337 Z27.176 E9572.75082
G1 X111.466 Y118.101 Z27.180 E9574.22475
G1 X110.535 Y118.828 Z27.184 E9575.69892
G1 X109.594 Y119.544 Z27.189 E9577.17275
G1 X108.628 Y120.224 Z27.193 E9578.64692
G1 X107.650 Y120.888 Z27.197 E9580.12069
G1 X106.651 Y121.520 Z27.201 E9581.59485
G1 X105.640 Y122.130 Z27.205 E9583.06858
G1 X104.611 Y122.713 Z27.209 E9584.54275
G1 X103.568 Y123.268 Z27.213 E9586.01648
G1 X102.512 Y123.799 Z27.217 E9587.49064
G1 X101.441 Y124.297 Z27.221 E9588.96439
G1 X100.360 Y124.776 Z27.225 E9590.43856
G1 X99.264 Y125.216 Z27.230 E9591.91237
G1 X98.161 Y125.641 Z27.234 E9593.38654
G1 X97.042 Y126.022 Z27.238 E9594.86044
G1 X95.920 Y126.393 Z27.242 E9596.33461
G1 X94.782 Y126.713 Z27.246 E9597.80863
G1 X93.643 Y127.028 Z27.250 E9599.28279
G1 X92.490 Y127.287 Z27.254 E9600.75695
G1 X91.335 Y127.540 Z27.258 E9602.23097
G1 X90.171 Y127.742 Z27.262 E9603.70513
G1 X89.005 Y127.933 Z27.266 E9605.17903
G1 X87.832 Y128.077 Z27.270 E9606.65319
G1 X86.657 Y128.205 Z27.275 E9608.12700
G1 X85.478 Y128.292 Z27.279 E9609.60117
G1 X84.298 Y128.357 Z27.283 E9611.07492
G1 X83.117 Y128.386 Z27.287 E9612.54909
G1 X81.935 Y128.387 Z27.291 E9614.02281
G1 X80.754 Y128.358 Z27.295 E9615.49698
G1 X79.574 Y128.296 Z27.299 E9616.97071
G1 X78.395 Y128.209 Z27.303 E9618.44488
G1 X77.220 Y128.084 Z27.307 E9619.91864
G1 X76.047 Y127.939 Z27.311 E9621.39281
G1 X74.880 Y127.751 Z27.316 E9622.86665
G1 X73.716 Y127.548 Z27.320 E9624.34082
G1 X72.561 Y127.298 Z27.324 E9625.81475
G1 X71.408 Y127.039 Z27.328 E9627.28892
G1 X70.268 Y126.727 Z27.332 E9628.76299
G1 X69.129 Y126.409 Z27.336 E9630.23710
G1 X68.007 Y126.038 Z27.340 E9631.71126
G1 X66.888 Y125.660 Z27.344 E9633.18523
G1 X65.785 Y125.235 Z27.348 E9634.65940
G1 X64.687 Y124.797 Z27.352 E9636.13326
G1 X63.607 Y124.318 Z27.357 E9637.60743
G1 X62.534 Y123.823 Z27.361 E9639.08121
G1 X61.478 Y123.291 Z27.365 E9640.55538
G1 X60.434 Y122.738 Z27.369 E9642.02911
G1 X59.406 Y122.156 Z27.373 E9643.50328
G1 X58.393 Y121.548 Z27.377 E9644.97701
G1 X57.394 Y120.915 Z27.381 E9646.45117
G1 X56.415 Y120.254 Z27.385 E9647.92491
G1 X55.449 Y119.573 Z27.389 E9649.39908
G1 X54.506 Y118.860 Z27.393 E9650.87287
G1 X53.575 Y118.133 Z27.398 E9652.34704
G1 X52.672 Y117.371 Z27.402 E9653.82090
G1 X51.777 Y116.598 Z27.406 E9655.29507
G1 X50.917 Y115.788 Z27.410 E9656.76905
G1 X50.061 Y114.973 Z27.414 E9658.24322
G1 X49.245 Y114.118 Z27.418 E9659.71734
G1 X48.433 Y113.259 Z27.422 E9661.19139
G1 X47.661 Y112.364 Z27.426 E9662.66556
G1 X46.896 Y111.463 Z27.430 E9664.13949
G1 X46.169 Y110.531 Z27.434 E9665.61366
G1 X45.454 Y109.591 Z27.439 E9667.08749
G1 X44.774 Y108.624 Z27.443 E9668.56165
G1 X44.110 Y107.647 Z27.447 E9670.03542
G1 X43.478 Y106.648 Z27.451 E9671.50959
G1 X42.868 Y105.636 Z27.455 E9672.98331
G1 X42.285 Y104.608 Z27.459 E9674.45748
G1 X41.730 Y103.565 Z27.463 E9675.93121
G1 X41.199 Y102.509 Z27.467 E9677.40538
G1 X40.701 Y101.437 Z27.471 E9678.87913
G1 X40.222 Y100.357 Z27.475 E9680.35330
G1 X39.782 Y99.260 Z27.480 E9681.82711
G1 X39.357 Y98.157 Z27.484 E9683.30128
G1 X38.977 Y97.038 Z27.488 E9684.77518
G1 X38.606 Y95.916 Z27.492 E9686.24935
G1 X38.286 Y94.778 Z27.496 E9687.72338
G1 X37.972 Y93.639 Z27.500 E9689.19752
G1 X37.713 Y92.486 Z27.504 E9690.67169
G1 X37.460 Y91.332 Z27.508 E9692.14569
G1 X37.258 Y90.167 Z27.512 E9693.61986
G1 X37.067 Y89.001 Z27.516 E9695.09374
G1 X36.922 Y87.828 Z27.520 E9696.56791
G1 X36.795 Y86.653 Z27.525 E9698.04171
G1 X36.708 Y85.474 Z27.529 E9699.51588
G1 X36.643 Y84.294 Z27.533 E9700.98963
G1 X36.614 Y83.113 Z27.537 E9702.46380
G1 X36.613 Y81.931 Z27.541 E9703.93752
G1 X36.642 Y80.750 Z27.545 E9705.41169
G1 X36.704 Y79.570 Z27.549 E9706.88542
G1 X36.791 Y78.391 Z27.553 E9708.35959
G1 X36.917 Y77.216 Z27.557 E9709.83337
G1 X37.062 Y76.043 Z27.561 E9711.30753
G1 X37.250 Y74.877 Z27.566 E9712.78138
G1 X37.452 Y73.712 Z27.570 E9714.25555
G1 X37.703 Y72.557 Z27.574 E9715.72950
G1 X37.962 Y71.404 Z27.578 E9717.20367
G1 X38.283 Y70.267 Z27.582 E9718.67766
G1 X38.609 Y69.131 Z27.586 E9720.15173
G1 X38.967 Y68.004 Z27.590 E9721.62576
G1 X39.336 Y66.882 Z27.594 E9723.09949
G1 X39.761 Y65.779 Z27.598 E9724.57366
G1 X40.199 Y64.681 Z27.602 E9726.04751
G1 X40.678 Y63.601 Z27.607 E9727.52168
G1 X41.174 Y62.528 Z27.611 E9728.99546
G1 X41.705 Y61.473 Z27.615 E9730.46962
G1 X42.258 Y60.428 Z27.619 E9731.94336
G1 X42.841 Y59.400 Z27.623 E9733.41753
G1 X43.449 Y58.387 Z27.627 E9734.89125
G1 X44.081 Y57.388 Z27.631 E9736.36541
G1 X44.742 Y56.409 Z27.635 E9737.83916
G1 X45.423 Y55.443 Z27.639 E9739.31332
G1 X46.136 Y54.501 Z27.643 E9740.78711
G1 X46.864 Y53.569 Z27.648 E9742.26128
G1 X47.626 Y52.667 Z27.652 E9743.73515
G1 X48.398 Y51.772 Z27.656 E9745.20932
G1 X49.208 Y50.911 Z27.660 E9746.68330
G1 X50.023 Y50.055 Z27.664 E9748.15747
G1 X50.879 Y49.239 Z27.668 E9749.63159
G1 X51.737 Y48.428 Z27.672 E9751.10565
G1 X52.632 Y47.656 Z27.676 E9752.57981
G1 X53.534 Y46.891 Z27.680 E9754.05374
G1 X54.465 Y46.164 Z27.684 E9755.52791
G1 X55.406 Y45.449 Z27.689 E9757.00171
G1 X56.374 Y44.770 Z27.693 E9758.47585
G1 X57.352 Y44.107 Z27.697 E9759.94964
G1 X58.350 Y43.474 Z27.701 E9761.42378
G1 X59.361 Y42.863 Z27.705 E9762.89746
G1 X60.389 Y42.280 Z27.709 E9764.37163
G1 X61.432 Y41.725 Z27.713 E9765.84535
G1 X62.488 Y41.194 Z27.717 E9767.31952
G1 X63.560 Y40.696 Z27.721 E9768.79327
G1 X64.640 Y40.217 Z27.725 E9770.26744
G1 X65.737 Y39.777 Z27.730 E9771.74125
G1 X66.840 Y39.352 Z27.734 E9773.21542
G1 X67.959 Y38.971 Z27.738 E9774.68932
G1 X69.081 Y38.601 Z27.742 E9776.16349
G1 X70.219 Y38.281 Z27.746 E9777.63751
G1 X71.358 Y37.966 Z27.750 E9779.11167
G1 X72.511 Y37.707 Z27.754 E9780.58584
G1 X73.665 Y37.454 Z27.758 E9782.05985
G1 X74.830 Y37.252 Z27.762 E9783.53401
G1 X75.996 Y37.061 Z27.766 E9785.00790
G1 X77.169 Y36.917 Z27.770 E9786.48207
G1 X78.344 Y36.789 Z27.775 E9787.95588
G1 X79.523 Y36.702 Z27.779 E9789.43004
G1 X80.702 Y36.637 Z27.783 E9790.90379
G1 X81.884 Y36.608 Z27.787 E9792.37796
G1 X83.066 Y36.607 Z27.791 E9793.85169
G1 X84.247 Y36.636 Z27.795 E9795.32585
G1 X85.427 Y36.698 Z27.799 E9796.79958
G1 X86.606 Y36.785 Z27.803 E9798.27375
G1 X87.781 Y36.910 Z27.807 E9799.74752
G1 X88.954 Y37.055 Z27.811 E9801.22169
G1 X90.120 Y37.243 Z27.816 E9802.69552
G1 X91.285 Y37.446 Z27.820 E9804.16969
G1 X92.440 Y37.696 Z27.824 E9805.64363
G1 X93.593 Y37.955 Z27.828 E9807.11780
G1 X94.733 Y38.267 Z27.832 E9808.59186
G1 X95.871 Y38.585 Z27.836 E9810.06597
G1 X96.994 Y38.956 Z27.840 E9811.54014
G1 X98.113 Y39.333 Z27.844 E9813.01411
G1 X99.216 Y39.759 Z27.848 E9814.48828
G1 X100.314 Y40.196 Z27.852 E9815.96214
G1 X101.394 Y40.676 Z27.857 E9817.43631
G1 X102.467 Y41.171 Z27.861 E9818.91009
G1 X103.522 Y41.703 Z27.865 E9820.38426
G1 X104.567 Y42.255 Z27.869 E9821.85799
G1 X105.595 Y42.838 Z27.873 E9823.33216
G1 X106.608 Y43.446 Z27.877 E9824.80589
G1 X107.607 Y44.078 Z27.881 E9826.28005
G1 X108.586 Y44.739 Z27.885 E9827.75379
G1 X109.552 Y45.420 Z27.889 E9829.22796
G1 X110.495 Y46.133 Z27.893 E9830.70175
G1 X111.426 Y46.860 Z27.898 E9832.17591
G1 X112.329 Y47.623 Z27.902 E9833.64978
G1 X113.224 Y48.395 Z27.906 E9835.12395
G1 X114.085 Y49.205 Z27.910 E9836.59792
G1 X114.941 Y50.020 Z27.914 E9838.07209
G1 X115.757 Y50.875 Z27.918 E9839.54621
G1 X116.569 Y51.733 Z27.922 E9841.02027
G1 X117.341 Y52.628 Z27.926 E9842.49443
G1 X118.106 Y53.529 Z27.930 E9843.96837
G1 X118.833 Y54.461 Z27.934 E9845.44253
G1 X119.548 Y55.402 Z27.939 E9846.91637
G1 X120.228 Y56.368 Z27.943 E9848.39053
G1 X120.892 Y57.346 Z27.947 E9849.86430
G1 X121.524 Y58.344 Z27.951 E9851.33847
G1 X122.135 Y59.356 Z27.955 E9852.81220
G1 X122.717 Y60.385 Z27.959 E9854.28636
G1 X123.272 Y61.428 Z27.963 E9855.76009
G1 X123.803 Y62.483 Z27.967 E9857.23426
G1 X124.302 Y63.555 Z27.971 E9858.70801
G1 X124.781 Y64.635 Z27.975 E9860.18218
G1 X125.221 Y65.732 Z27.980 E9861.65598
G1 X125.646 Y66.835 Z27.984 E9863.13015
G1 X126.027 Y67.953 Z27.988 E9864.60405
G1 X126.398 Y69.076 Z27.992 E9866.07822
G1 X126.718 Y70.213 Z27.996 E9867.55223
G1 X127.033 Y71.352 Z28.000 E9869.02640
;LAYER:27
;TYPE:WALL-OUTER
G1 X127.676 Y71.189 Z28.000 E9869.85343
G1 X127.937 Y72.359 Z28.004 E9871.34894
G1 X128.193 Y73.531 Z28.008 E9872.84430
G1 X128.398 Y74.712 Z28.012 E9874.33979
G1 X128.592 Y75.895 Z28.016 E9875.83500
G1 X128.738 Y77.085 Z28.020 E9877.33048
G1 X128.867 Y78.277 Z28.025 E9878.82563
G1 X128.957 Y79.472 Z28.029 E9880.32113
G1 X129.024 Y80.669 Z28.033 E9881.81618
G1 X129.053 Y81.868 Z28.037 E9883.31170
G1 X129.054 Y83.067 Z28.041 E9884.80679
G1 X129.024 Y84.265 Z28.045 E9886.30231
G1 X128.961 Y85.462 Z28.049 E9887.79739
G1 X128.873 Y86.658 Z28.053 E9889.29292
G1 X128.746 Y87.850 Z28.057 E9890.78804
G1 X128.600 Y89.040 Z28.061 E9892.28356
G1 X128.409 Y90.224 Z28.066 E9893.77875
G1 X128.204 Y91.405 Z28.070 E9895.27428
G1 X127.950 Y92.577 Z28.074 E9896.76956
G1 X127.687 Y93.747 Z28.078 E9898.26509
G1 X127.371 Y94.903 Z28.082 E9899.76051
G1 X127.049 Y96.058 Z28.086 E9901.25598
G1 X126.673 Y97.197 Z28.090 E9902.75151
G1 X126.290 Y98.333 Z28.094 E9904.24684
G1 X125.858 Y99.451 Z28.098 E9905.74236
G1 X125.415 Y100.565 Z28.102 E9907.23758
G1 X124.929 Y101.661 Z28.107 E9908.73311
G1 X124.426 Y102.749 Z28.111 E9910.22825
G1 X123.887 Y103.820 Z28.115 E9911.72377
G1 X123.326 Y104.880 Z28.119 E9913.21886
G1 X122.735 Y105.923 Z28.123 E9914.71439
G1 X122.119 Y106.951 Z28.127 E9916.20947
G1 X121.477 Y107.964 Z28.131 E9917.70499
G1 X120.807 Y108.958 Z28.135 E9919.20008
G1 X120.116 Y109.938 Z28.139 E9920.69561
G1 X119.393 Y110.894 Z28.143 E9922.19075
G1 X118.655 Y111.839 Z28.148 E9923.68627
G1 X117.882 Y112.755 Z28.152 E9925.18149
G1 X117.099 Y113.663 Z28.156 E9926.67702
G1 X116.277 Y114.537 Z28.160 E9928.17235
G1 X115.450 Y115.405 Z28.164 E9929.66787
G1 X114.583 Y116.233 Z28.168 E9931.16335
G1 X113.712 Y117.057 Z28.172 E9932.65877
G1 X112.804 Y117.840 Z28.176 E9934.15429
G1 X111.890 Y118.616 Z28.180 E9935.64958
G1 X110.945 Y119.354 Z28.184 E9937.14511
G1 X109.991 Y120.079 Z28.189 E9938.64029
G1 X109.010 Y120.770 Z28.193 E9940.13582
G1 X108.019 Y121.443 Z28.197 E9941.63094
G1 X107.006 Y122.084 Z28.201 E9943.12647
G1 X105.979 Y122.704 Z28.205 E9944.62155
G1 X104.936 Y123.295 Z28.209 E9946.11707
G1 X103.878 Y123.858 Z28.213 E9947.61215
G1 X102.807 Y124.397 Z28.217 E9949.10768
G1 X101.720 Y124.903 Z28.221 E9950.60278
G1 X100.624 Y125.388 Z28.225 E9952.09831
G1 X99.511 Y125.835 Z28.230 E9953.59347
G1 X98.392 Y126.266 Z28.234 E9955.08900
G1 X97.258 Y126.653 Z28.238 E9956.58425
G1 X96.119 Y127.029 Z28.242 E9958.07977
G1 X94.965 Y127.354 Z28.246 E9959.57515
G1 X93.809 Y127.673 Z28.250 E9961.07067
G1 X92.639 Y127.936 Z28.254 E9962.56619
G1 X91.468 Y128.193 Z28.258 E9964.06157
G1 X90.287 Y128.398 Z28.262 E9965.55709
G1 X89.104 Y128.592 Z28.266 E9967.05234
G1 X87.914 Y128.739 Z28.270 E9968.54787
G1 X86.722 Y128.869 Z28.275 E9970.04303
G1 X85.526 Y128.957 Z28.279 E9971.53856
G1 X84.329 Y129.023 Z28.283 E9973.03366
G1 X83.131 Y129.052 Z28.287 E9974.52918
G1 X81.932 Y129.054 Z28.291 E9976.02426
G1 X80.733 Y129.024 Z28.295 E9977.51979
G1 X79.536 Y128.961 Z28.299 E9979.01487
G1 X78.340 Y128.873 Z28.303 E9980.51040
G1 X77.148 Y128.746 Z28.307 E9982.00552
G1 X75.958 Y128.599 Z28.311 E9983.50104
G1 X74.775 Y128.409 Z28.316 E9984.99623
G1 X73.593 Y128.204 Z28.320 E9986.49176
G1 X72.422 Y127.950 Z28.324 E9987.98705
G1 X71.252 Y127.687 Z28.328 E9989.48257
G1 X70.095 Y127.370 Z28.332 E9990.97800
G1 X68.940 Y127.049 Z28.336 E9992.47347
G1 X67.802 Y126.672 Z28.340 E9993.96899
G1 X66.666 Y126.289 Z28.344 E9995.46432
G1 X65.547 Y125.858 Z28.348 E9996.95984
G1 X64.434 Y125.414 Z28.352 E9998.45506
G1 X63.337 Y124.928 Z28.357 E9999.95059
G1 X62.249 Y124.425 Z28.361 E10001.44573
G1 X61.178 Y123.886 Z28.365 E10002.94125
G1 X60.119 Y123.326 Z28.369 E10004.43634
G1 X59.075 Y122.734 Z28.373 E10005.93187
G1 X58.047 Y122.118 Z28.377 E10007.42694
G1 X57.034 Y121.476 Z28.381 E10008.92247
G1 X56.041 Y120.806 Z28.385 E10010.41756
G1 X55.061 Y120.115 Z28.389 E10011.91309
G1 X54.105 Y119.392 Z28.393 E10013.40823
G1 X53.159 Y118.654 Z28.398 E10014.90375
G1 X52.243 Y117.881 Z28.402 E10016.39897
G1 X51.336 Y117.098 Z28.406 E10017.89450
G1 X50.462 Y116.276 Z28.410 E10019.38983
G1 X49.594 Y115.449 Z28.414 E10020.88536
G1 X48.766 Y114.582 Z28.418 E10022.38083
G1 X47.942 Y113.711 Z28.422 E10023.87625
G1 X47.159 Y112.803 Z28.426 E10025.37177
G1 X46.383 Y111.889 Z28.430 E10026.86706
G1 X45.646 Y110.944 Z28.434 E10028.36259
G1 X44.920 Y109.989 Z28.439 E10029.85777
G1 X44.230 Y109.009 Z28.443 E10031.35330
G1 X43.556 Y108.017 Z28.447 E10032.84842
G1 X42.915 Y107.004 Z28.451 E10034.34394
G1 X42.296 Y105.978 Z28.455 E10035.83903
G1 X41.705 Y104.935 Z28.459 E10037.33455
G1 X41.141 Y103.876 Z28.463 E10038.82963
G1 X40.602 Y102.805 Z28.467 E10040.32516
G1 X40.097 Y101.718 Z28.471 E10041.82026
G1 X39.611 Y100.622 Z28.475 E10043.31579
G1 X39.164 Y99.510 Z28.480 E10044.81095
G1 X38.733 Y98.391 Z28.484 E10046.30648
G1 X38.347 Y97.256 Z28.488 E10047.80173
G1 X37.971 Y96.118 Z28.492 E10049.29726
G1 X37.646 Y94.963 Z28.496 E10050.79263
G1 X37.326 Y93.808 Z28.500 E10052.28815
G1 X37.064 Y92.638 Z28.504 E10053.78367
G1 X36.807 Y91.467 Z28.508 E10055.27904
G1 X36.602 Y90.285 Z28.512 E10056.77456
G1 X36.408 Y89.102 Z28.516 E10058.26981
G1 X36.261 Y87.912 Z28.520 E10059.76534
G1 X36.131 Y86.721 Z28.525 E10061.26050
G1 X36.043 Y85.525 Z28.529 E10062.75602
G1 X35.977 Y84.328 Z28.533 E10064.25113
G1 X35.948 Y83.129 Z28.537 E10065.74665
G1 X35.946 Y81.930 Z28.541 E10067.24173
G1 X35.976 Y80.732 Z28.545 E10068.73726
G1 X36.039 Y79.535 Z28.549 E10070.23234
G1 X36.127 Y78.339 Z28.553 E10071.72787
G1 X36.254 Y77.147 Z28.557 E10073.22299
G1 X36.401 Y75.957 Z28.561 E10074.71852
G1 X36.592 Y74.773 Z28.566 E10076.21371
G1 X36.797 Y73.592 Z28.570 E10077.70924
G1 X37.051 Y72.420 Z28.574 E10079.20454
G1 X37.313 Y71.250 Z28.578 E10080.70006
G1 X37.636 Y70.096 Z28.582 E10082.19542
G1 X37.963 Y68.942 Z28.586 E10083.69085
G1 X38.332 Y67.801 Z28.590 E10085.18626
G1 X38.709 Y66.664 Z28.594 E10086.68141
G1 X39.141 Y65.545 Z28.598 E10088.17694
G1 X39.584 Y64.431 Z28.602 E10089.67215
G1 X40.070 Y63.335 Z28.607 E10091.16768
G1 X40.573 Y62.247 Z28.611 E10092.66281
G1 X41.112 Y61.176 Z28.615 E10094.15834
G1 X41.673 Y60.116 Z28.619 E10095.65343
G1 X42.264 Y59.073 Z28.623 E10097.14895
G1 X42.880 Y58.045 Z28.627 E10098.64403
G1 X43.522 Y57.032 Z28.631 E10100.13955
G1 X44.193 Y56.039 Z28.635 E10101.63465
G1 X44.883 Y55.058 Z28.639 E10103.13017
G1 X45.607 Y54.102 Z28.643 E10104.62531
G1 X46.344 Y53.157 Z28.648 E10106.12084
G1 X47.118 Y52.241 Z28.652 E10107.61606
G1 X47.901 Y51.333 Z28.656 E10109.11159
G1 X48.723 Y50.460 Z28.660 E10110.60692
G1 X49.549 Y49.592 Z28.664 E10112.10244
G1 X50.417 Y48.764 Z28.668 E10113.59792
G1 X51.288 Y47.940 Z28.672 E10115.09334
G1 X52.196 Y47.157 Z28.676 E10116.58886
G1 X53.110 Y46.381 Z28.680 E10118.08415
G1 X54.055 Y45.643 Z28.684 E10119.57967
G1 X55.010 Y44.919 Z28.689 E10121.07475
G1 X55.995 Y44.235 Z28.693 E10122.57019
G1 X56.988 Y43.564 Z28.697 E10124.06541
G1 X57.997 Y42.916 Z28.701 E10125.56084
G1 X59.021 Y42.293 Z28.705 E10127.05576
G1 X60.065 Y41.702 Z28.709 E10128.55128
G1 X61.123 Y41.139 Z28.713 E10130.04636
G1 X62.194 Y40.600 Z28.717 E10131.54189
G1 X63.281 Y40.095 Z28.721 E10133.03699
G1 X64.377 Y39.609 Z28.725 E10134.53252
G1 X65.489 Y39.162 Z28.730 E10136.02768
G1 X66.608 Y38.731 Z28.734 E10137.52321
G1 X67.743 Y38.344 Z28.738 E10139.01846
G1 X68.882 Y37.968 Z28.742 E10140.51399
G1 X70.036 Y37.644 Z28.746 E10142.00936
G1 X71.191 Y37.324 Z28.750 E10143.50488
G1 X72.361 Y37.061 Z28.754 E10145.00040
G1 X73.532 Y36.804 Z28.758 E10146.49577
G1 X74.714 Y36.599 Z28.762 E10147.99130
G1 X75.897 Y36.406 Z28.766 E10149.48655
G1 X77.087 Y36.259 Z28.770 E10150.98208
G1 X78.278 Y36.129 Z28.775 E10152.47724
G1 X79.474 Y36.041 Z28.779 E10153.97276
G1 X80.671 Y35.975 Z28.783 E10155.46786
G1 X81.870 Y35.946 Z28.787 E10156.96339
G1 X83.069 Y35.944 Z28.791 E10158.45847
G1 X84.267 Y35.973 Z28.795 E10159.95399
G1 X85.464 Y36.036 Z28.799 E10161.44908
G1 X86.660 Y36.124 Z28.803 E10162.94460
G1 X87.852 Y36.251 Z28.807 E10164.43972
G1 X89.042 Y36.398 Z28.811 E10165.93525
G1 X90.226 Y36.589 Z28.816 E10167.43044
G1 X91.407 Y36.794 Z28.820 E10168.92596
G1 X92.579 Y37.048 Z28.824 E10170.42125
G1 X93.749 Y37.311 Z28.828 E10171.91678
G1 X94.905 Y37.627 Z28.832 E10173.41220
G1 X96.060 Y37.949 Z28.836 E10174.90767
G1 X97.199 Y38.325 Z28.840 E10176.40320
G1 X98.335 Y38.708 Z28.844 E10177.89853
G1 X99.453 Y39.140 Z28.848 E10179.39405
G1 X100.567 Y39.584 Z28.852 E10180.88927
G1 X101.663 Y40.070 Z28.857 E10182.38479
G1 X102.751 Y40.572 Z28.861 E10183.87993
G1 X103.822 Y41.112 Z28.865 E10185.37546
G1 X104.882 Y41.672 Z28.869 E10186.87055
G1 X105.925 Y42.263 Z28.873 E10188.36608
G1 X106.953 Y42.879 Z28.877 E10189.86115
G1 X107.966 Y43.521 Z28.881 E10191.35668
G1 X108.960 Y44.192 Z28.885 E10192.85177
G1 X109.940 Y44.882 Z28.889 E10194.34730
G1 X110.896 Y45.605 Z28.893 E10195.84243
G1 X111.841 Y46.343 Z28.898 E10197.33796
G1 X112.757 Y47.116 Z28.902 E10198.83318
G1 X113.665 Y47.900 Z28.906 E10200.32871
G1 X114.538 Y48.721 Z28.910 E10201.82404
G1 X115.407 Y49.548 Z28.914 E10203.31956
G1 X116.235 Y50.415 Z28.918 E10204.81503
G1 X117.059 Y51.286 Z28.922 E10206.31045
G1 X117.842 Y52.194 Z28.926 E10207.80598
G1 X118.618 Y53.108 Z28.930 E10209.30127
G1 X119.355 Y54.054 Z28.934 E10210.79679
G1 X120.081 Y55.008 Z28.939 E10212.29198
G1 X120.771 Y55.988 Z28.943 E10213.78751
G1 X121.445 Y56.980 Z28.947 E10215.28263
G1 X122.086 Y57.993 Z28.951 E10216.77815
G1 X122.706 Y59.019 Z28.955 E10218.27324
G1 X123.296 Y60.062 Z28.959 E10219.76876
G1 X123.860 Y61.121 Z28.963 E10221.26384
G1 X124.399 Y62.192 Z28.967 E10222.75936
G1 X124.905 Y63.278 Z28.971 E10224.25447
G1 X125.390 Y64.375 Z28.975 E10225.74999
G1 X125.837 Y65.487 Z28.980 E10227.24516
G1 X126.268 Y66.606 Z28.984 E10228.74068
G1 X126.655 Y67.741 Z28.988 E10230.23593
G1 X127.031 Y68.879 Z28.992 E10231.73146
G1 X127.356 Y70.033 Z28.996 E10233.22683
G1 X127.676 Y71.189 Z29.000 E10234.72236
;LAYER:28
;TYPE:WALL-OUTER
G1 X128.303 Y71.028 Z29.000 E10235.53058
G1 X128.570 Y72.214 Z29.004 E10237.04693
G1 X128.830 Y73.402 Z29.008 E10238.56311
G1 X129.037 Y74.600 Z29.012 E10240.07945
G1 X129.233 Y75.799 Z29.016 E10241.59554
G1 X129.381 Y77.006 Z29.020 E10243.11188
G1 X129.513 Y78.214 Z29.025 E10244.62786
G1 X129.603 Y79.427 Z29.029 E10246.14420
G1 X129.671 Y80.640 Z29.033 E10247.66010
G1 X129.701 Y81.856 Z29.037 E10249.17644
G1 X129.702 Y83.071 Z29.041 E10250.69233
G1 X129.672 Y84.286 Z29.045 E10252.20868
G1 X129.609 Y85.500 Z29.049 E10253.72457
G1 X129.519 Y86.713 Z29.053 E10255.24092
G1 X129.391 Y87.921 Z29.057 E10256.75685
G1 X129.242 Y89.128 Z29.061 E10258.27320
G1 X129.049 Y90.328 Z29.066 E10259.78920
G1 X128.841 Y91.526 Z29.070 E10261.30554
G1 X128.584 Y92.714 Z29.074 E10262.82165
G1 X128.317 Y93.900 Z29.078 E10264.33799
G1 X127.997 Y95.072 Z29.082 E10265.85423
G1 X127.671 Y96.244 Z29.086 E10267.37052
G1 X127.289 Y97.398 Z29.090 E10268.88687
G1 X126.901 Y98.550 Z29.094 E10270.40301
G1 X126.463 Y99.684 Z29.098 E10271.91936
G1 X126.014 Y100.813 Z29.102 E10273.43539
G1 X125.521 Y101.925 Z29.107 E10274.95174
G1 X125.011 Y103.028 Z29.111 E10276.46769
G1 X124.465 Y104.114 Z29.115 E10277.98404
G1 X123.897 Y105.189 Z29.119 E10279.49994
G1 X123.297 Y106.246 Z29.123 E10281.01629
G1 X122.672 Y107.289 Z29.127 E10282.53218
G1 X122.022 Y108.316 Z29.131 E10284.04852
G1 X121.342 Y109.323 Z29.135 E10285.56443
G1 X120.642 Y110.317 Z29.139 E10287.08077
G1 X119.909 Y111.287 Z29.143 E10288.59672
G1 X119.161 Y112.245 Z29.148 E10290.11307
G1 X118.377 Y113.174 Z29.152 E10291.62910
G1 X117.583 Y114.095 Z29.156 E10293.14545
G1 X116.750 Y114.980 Z29.160 E10294.66159
G1 X115.912 Y115.861 Z29.164 E10296.17794
G1 X115.032 Y116.700 Z29.168 E10297.69423
G1 X114.149 Y117.536 Z29.172 E10299.21047
G1 X113.229 Y118.330 Z29.176 E10300.72681
G1 X112.302 Y119.117 Z29.180 E10302.24292
G1 X111.344 Y119.865 Z29.184 E10303.75926
G1 X110.377 Y120.600 Z29.189 E10305.27527
G1 X109.383 Y121.300 Z29.193 E10306.79161
G1 X108.377 Y121.983 Z29.197 E10308.30755
G1 X107.350 Y122.634 Z29.201 E10309.82389
G1 X106.309 Y123.262 Z29.205 E10311.33979
G1 X105.252 Y123.861 Z29.209 E10312.85613
G1 X104.179 Y124.432 Z29.213 E10314.37202
G1 X103.093 Y124.979 Z29.217 E10315.88837
G1 X101.991 Y125.492 Z29.221 E10317.40429
G1 X100.879 Y125.984 Z29.225 E10318.92063
G1 X99.752 Y126.437 Z29.230 E10320.43661
G1 X98.617 Y126.875 Z29.234 E10321.95295
G1 X97.467 Y127.267 Z29.238 E10323.46902
G1 X96.312 Y127.648 Z29.242 E10324.98537
G1 X95.142 Y127.977 Z29.246 E10326.50156
G1 X93.970 Y128.302 Z29.250 E10328.01790
G1 X92.784 Y128.568 Z29.254 E10329.53424
G1 X91.597 Y128.829 Z29.258 E10331.05043
G1 X90.399 Y129.037 Z29.262 E10332.56678
G1 X89.200 Y129.233 Z29.266 E10334.08285
G1 X87.993 Y129.382 Z29.270 E10335.59919
G1 X86.785 Y129.514 Z29.275 E10337.11517
G1 X85.572 Y129.603 Z29.279 E10338.63151
G1 X84.359 Y129.670 Z29.283 E10340.14743
G1 X83.143 Y129.700 Z29.287 E10341.66378
G1 X81.928 Y129.702 Z29.291 E10343.17967
G1 X80.713 Y129.672 Z29.295 E10344.69601
G1 X79.499 Y129.609 Z29.299 E10346.21191
G1 X78.286 Y129.519 Z29.303 E10347.72825
G1 X77.078 Y129.391 Z29.307 E10349.24419
G1 X75.871 Y129.242 Z29.311 E10350.76053
G1 X74.671 Y129.049 Z29.316 E10352.27654
G1 X73.473 Y128.841 Z29.320 E10353.79288
G1 X72.285 Y128.584 Z29.324 E10355.30899
G1 X71.099 Y128.317 Z29.328 E10356.82533
G1 X69.926 Y127.996 Z29.332 E10358.34157
G1 X68.755 Y127.670 Z29.336 E10359.85786
G1 X67.601 Y127.289 Z29.340 E10361.37421
G1 X66.449 Y126.900 Z29.344 E10362.89035
G1 X65.315 Y126.463 Z29.348 E10364.40670
G1 X64.186 Y126.013 Z29.352 E10365.92273
G1 X63.074 Y125.520 Z29.357 E10367.43907
G1 X61.971 Y125.011 Z29.361 E10368.95503
G1 X60.885 Y124.464 Z29.365 E10370.47137
G1 X59.810 Y123.896 Z29.369 E10371.98728
G1 X58.753 Y123.297 Z29.373 E10373.50362
G1 X57.710 Y122.672 Z29.377 E10375.01951
G1 X56.683 Y122.021 Z29.381 E10376.53586
G1 X55.676 Y121.341 Z29.385 E10378.05176
G1 X54.682 Y120.641 Z29.389 E10379.56811
G1 X53.712 Y119.908 Z29.393 E10381.08406
G1 X52.754 Y119.160 Z29.398 E10382.60041
G1 X51.825 Y118.376 Z29.402 E10384.11644
G1 X50.905 Y117.582 Z29.406 E10385.63279
G1 X50.019 Y116.749 Z29.410 E10387.14893
G1 X49.139 Y115.911 Z29.414 E10388.66528
G1 X48.299 Y115.032 Z29.418 E10390.18157
G1 X47.464 Y114.149 Z29.422 E10391.69781
G1 X46.670 Y113.228 Z29.426 E10393.21415
G1 X45.883 Y112.301 Z29.430 E10394.73026
G1 X45.135 Y111.343 Z29.434 E10396.24660
G1 X44.399 Y110.376 Z29.439 E10397.76260
G1 X43.699 Y109.382 Z29.443 E10399.27895
G1 X43.016 Y108.376 Z29.447 E10400.79488
G1 X42.366 Y107.349 Z29.451 E10402.31123
G1 X41.738 Y106.308 Z29.455 E10403.82712
G1 X41.138 Y105.251 Z29.459 E10405.34347
G1 X40.567 Y104.178 Z29.463 E10406.85936
G1 X40.021 Y103.092 Z29.467 E10408.37570
G1 X39.508 Y101.990 Z29.471 E10409.89162
G1 X39.015 Y100.878 Z29.475 E10411.40797
G1 X38.562 Y99.751 Z29.480 E10412.92394
G1 X38.125 Y98.616 Z29.484 E10414.44029
G1 X37.733 Y97.466 Z29.488 E10415.95636
G1 X37.352 Y96.311 Z29.492 E10417.47270
G1 X37.022 Y95.141 Z29.496 E10418.98890
G1 X36.698 Y93.969 Z29.500 E10420.50524
G1 X36.432 Y92.783 Z29.504 E10422.02158
G1 X36.172 Y91.596 Z29.508 E10423.53775
G1 X35.964 Y90.398 Z29.512 E10425.05410
G1 X35.767 Y89.198 Z29.516 E10426.57016
G1 X35.618 Y87.992 Z29.520 E10428.08651
G1 X35.486 Y86.784 Z29.525 E10429.60248
G1 X35.396 Y85.571 Z29.529 E10431.11883
G1 X35.329 Y84.358 Z29.533 E10432.63474
G1 X35.300 Y83.142 Z29.537 E10434.15109
G1 X35.298 Y81.927 Z29.541 E10435.66698
G1 X35.328 Y80.711 Z29.545 E10437.18332
G1 X35.391 Y79.498 Z29.549 E10438.69922
G1 X35.481 Y78.285 Z29.553 E10440.21557
G1 X35.609 Y77.077 Z29.557 E10441.73151
G1 X35.758 Y75.870 Z29.561 E10443.24785
G1 X35.951 Y74.670 Z29.566 E10444.76386
G1 X36.159 Y73.472 Z29.570 E10446.28020
G1 X36.417 Y72.284 Z29.574 E10447.79632
G1 X36.683 Y71.098 Z29.578 E10449.31266
G1 X37.005 Y69.926 Z29.582 E10450.82889
G1 X37.333 Y68.755 Z29.586 E10452.34516
G1 X37.712 Y67.600 Z29.590 E10453.86147
G1 X38.098 Y66.447 Z29.594 E10455.37756
G1 X38.536 Y65.313 Z29.598 E10456.89390
G1 X38.986 Y64.184 Z29.602 E10458.40993
G1 X39.478 Y63.072 Z29.607 E10459.92628
G1 X39.988 Y61.969 Z29.611 E10461.44223
G1 X40.535 Y60.883 Z29.615 E10462.95858
G1 X41.103 Y59.809 Z29.619 E10464.47448
G1 X41.702 Y58.751 Z29.623 E10465.99083
G1 X42.327 Y57.709 Z29.627 E10467.50671
G1 X42.977 Y56.681 Z29.631 E10469.02306
G1 X43.657 Y55.674 Z29.635 E10470.53897
G1 X44.357 Y54.680 Z29.639 E10472.05531
G1 X45.090 Y53.711 Z29.643 E10473.57127
G1 X45.838 Y52.752 Z29.648 E10475.08761
G1 X46.623 Y51.823 Z29.652 E10476.60365
G1 X47.417 Y50.903 Z29.656 E10478.11999
G1 X48.250 Y50.017 Z29.660 E10479.63614
G1 X49.088 Y49.137 Z29.664 E10481.15248
G1 X49.967 Y48.297 Z29.668 E10482.66878
G1 X50.850 Y47.462 Z29.672 E10484.18501
G1 X51.771 Y46.668 Z29.676 E10485.70136
G1 X52.697 Y45.881 Z29.680 E10487.21746
G1 X53.656 Y45.133 Z29.684 E10488.73381
G1 X54.625 Y44.400 Z29.689 E10490.24964
G1 X55.625 Y43.709 Z29.693 E10491.76588
G1 X56.633 Y43.029 Z29.697 E10493.28196
G1 X57.654 Y42.369 Z29.701 E10494.79820
G1 X58.691 Y41.736 Z29.705 E10496.31385
G1 X59.749 Y41.137 Z29.709 E10497.83019
G1 X60.822 Y40.566 Z29.713 E10499.34608
G1 X61.907 Y40.019 Z29.717 E10500.86243
G1 X63.009 Y39.506 Z29.721 E10502.37835
G1 X64.121 Y39.014 Z29.725 E10503.89469
G1 X65.249 Y38.561 Z29.730 E10505.41067
G1 X66.383 Y38.123 Z29.734 E10506.92701
G1 X67.534 Y37.731 Z29.738 E10508.44308
G1 X68.688 Y37.350 Z29.742 E10509.95943
G1 X69.858 Y37.020 Z29.746 E10511.47562
G1 X71.030 Y36.696 Z29.750 E10512.99196
G1 X72.216 Y36.430 Z29.754 E10514.50831
G1 X73.404 Y36.169 Z29.758 E10516.02449
G1 X74.601 Y35.961 Z29.762 E10517.54084
G1 X75.801 Y35.765 Z29.766 E10519.05690
G1 X77.008 Y35.616 Z29.770 E10520.57325
G1 X78.216 Y35.484 Z29.775 E10522.08922
G1 X79.428 Y35.395 Z29.779 E10523.60557
G1 X80.642 Y35.328 Z29.783 E10525.12149
G1 X81.857 Y35.298 Z29.787 E10526.63783
G1 X83.073 Y35.296 Z29.791 E10528.15372
G1 X84.288 Y35.326 Z29.795 E10529.67007
G1 X85.502 Y35.389 Z29.799 E10531.18596
G1 X86.714 Y35.479 Z29.803 E10532.70231
G1 X87.923 Y35.607 Z29.807 E10534.21824
G1 X89.129 Y35.756 Z29.811 E10535.73459
G1 X90.329 Y35.949 Z29.816 E10537.25059
G1 X91.527 Y36.157 Z29.820 E10538.76694
G1 X92.715 Y36.415 Z29.824 E10540.28305
G1 X93.901 Y36.681 Z29.828 E10541.79939
G1 X95.074 Y37.002 Z29.832 E10543.31563
G1 X96.245 Y37.328 Z29.836 E10544.83192
G1 X97.399 Y37.709 Z29.840 E10546.34826
G1 X98.551 Y38.098 Z29.844 E10547.86441
G1 X99.686 Y38.535 Z29.848 E10549.38075
G1 X100.815 Y38.985 Z29.852 E10550.89679
G1 X101.926 Y39.478 Z29.857 E10552.41313
G1 X103.030 Y39.987 Z29.861 E10553.92908
G1 X104.116 Y40.534 Z29.865 E10555.44543
G1 X105.190 Y41.102 Z29.869 E10556.96133
G1 X106.248 Y41.701 Z29.873 E10558.47768
G1 X107.290 Y42.326 Z29.877 E10559.99357
G1 X108.317 Y42.977 Z29.881 E10561.50991
G1 X109.325 Y43.657 Z29.885 E10563.02582
G1 X110.319 Y44.357 Z29.889 E10564.54216
G1 X111.288 Y45.090 Z29.893 E10566.05812
G1 X112.247 Y45.838 Z29.898 E10567.57446
G1 X113.175 Y46.622 Z29.902 E10569.09050
G1 X114.096 Y47.416 Z29.906 E10570.60684
G1 X114.982 Y48.249 Z29.910 E10572.12299
G1 X115.862 Y49.087 Z29.914 E10573.63934
G1 X116.702 Y49.966 Z29.918 E10575.15563
G1 X117.537 Y50.849 Z29.922 E10576.67186
G1 X118.331 Y51.770 Z29.926 E10578.18821
G1 X119.118 Y52.696 Z29.930 E10579.70431
G1 X119.866 Y53.655 Z29.934 E10581.22066
G1 X120.602 Y54.622 Z29.939 E10582.73666
G1 X121.302 Y55.616 Z29.943 E10584.25301
G1 X121.985 Y56.622 Z29.947 E10585.76894
G1 X122.635 Y57.649 Z29.951 E10587.28529
G1 X123.263 Y58.689 Z29.955 E10588.80118
G1 X123.862 Y59.747 Z29.959 E10590.31753
G1 X124.434 Y60.820 Z29.963 E10591.83342
G1 X124.980 Y61.906 Z29.967 E10593.34976
G1 X125.493 Y63.008 Z29.971 E10594.86568
G1 X125.986 Y64.119 Z29.975 E10596.38203
G1 X126.439 Y65.247 Z29.980 E10597.89800
G1 X126.876 Y66.381 Z29.984 E10599.41435
G1 X127.268 Y67.532 Z29.988 E10600.93042
G1 X127.649 Y68.686 Z29.992 E10602.44676
G1 X127.979 Y69.856 Z29.996 E10603.96295
G1 X128.303 Y71.028 Z30.000 E10605.47930
;LAYER:29
;TYPE:WALL-OUTER
G1 X128.917 Y70.873 Z30.000 E10606.26875
G1 X129.187 Y72.075 Z30.004 E10607.80540
G1 X129.451 Y73.279 Z30.008 E10609.34189
G1 X129.661 Y74.493 Z30.012 E10610.87854
G1 X129.861 Y75.708 Z30.016 E10612.41492
G1 X130.011 Y76.931 Z30.020 E10613.95156
G1 X130.144 Y78.155 Z30.025 E10615.48785
G1 X130.234 Y79.384 Z30.029 E10617.02449
G1 X130.302 Y80.614 Z30.033 E10618.56071
G1 X130.332 Y81.846 Z30.037 E10620.09735
G1 X130.333 Y83.077 Z30.041 E10621.63355
G1 X130.303 Y84.309 Z30.045 E10623.17020
G1 X130.239 Y85.539 Z30.049 E10624.70639
G1 X130.148 Y86.768 Z30.053 E10626.24304
G1 X130.018 Y87.992 Z30.057 E10627.77927
G1 X129.868 Y89.215 Z30.061 E10629.31592
G1 X129.672 Y90.431 Z30.066 E10630.85223
G1 X129.461 Y91.645 Z30.070 E10632.38888
G1 X129.201 Y92.849 Z30.074 E10633.92528
G1 X128.931 Y94.051 Z30.078 E10635.46194
G1 X128.606 Y95.239 Z30.082 E10636.99848
G1 X128.275 Y96.426 Z30.086 E10638.53507
G1 X127.889 Y97.596 Z30.090 E10640.07172
G1 X127.495 Y98.763 Z30.094 E10641.60817
G1 X127.052 Y99.913 Z30.098 E10643.14482
G1 X126.596 Y101.057 Z30.102 E10644.68116
G1 X126.097 Y102.184 Z30.107 E10646.21781
G1 X125.581 Y103.302 Z30.111 E10647.75406
G1 X125.027 Y104.402 Z30.115 E10649.29071
G1 X124.451 Y105.491 Z30.119 E10650.82691
G1 X123.844 Y106.563 Z30.123 E10652.36356
G1 X123.210 Y107.620 Z30.127 E10653.89975
G1 X122.551 Y108.661 Z30.131 E10655.43640
G1 X121.862 Y109.681 Z30.135 E10656.97261
G1 X121.153 Y110.689 Z30.139 E10658.50926
G1 X120.410 Y111.671 Z30.143 E10660.04551
G1 X119.652 Y112.642 Z30.148 E10661.58216
G1 X118.858 Y113.584 Z30.152 E10663.11850
G1 X118.053 Y114.517 Z30.156 E10664.65515
G1 X117.209 Y115.414 Z30.160 E10666.19160
G1 X116.359 Y116.306 Z30.164 E10667.72825
G1 X115.468 Y117.157 Z30.168 E10669.26484
G1 X114.573 Y118.004 Z30.172 E10670.80138
G1 X113.641 Y118.809 Z30.176 E10672.33803
G1 X112.702 Y119.606 Z30.180 E10673.87444
G1 X111.730 Y120.364 Z30.184 E10675.41109
G1 X110.750 Y121.110 Z30.189 E10676.94739
G1 X109.743 Y121.819 Z30.193 E10678.48404
G1 X108.724 Y122.511 Z30.197 E10680.02028
G1 X107.683 Y123.170 Z30.201 E10681.55693
G1 X106.629 Y123.807 Z30.205 E10683.09312
G1 X105.557 Y124.414 Z30.209 E10684.62977
G1 X104.469 Y124.993 Z30.213 E10686.16596
G1 X103.369 Y125.547 Z30.217 E10687.70261
G1 X102.252 Y126.066 Z30.221 E10689.23883
G1 X101.126 Y126.566 Z30.225 E10690.77548
G1 X99.983 Y127.025 Z30.230 E10692.31176
G1 X98.833 Y127.468 Z30.234 E10693.84841
G1 X97.667 Y127.865 Z30.238 E10695.38478
G1 X96.498 Y128.252 Z30.242 E10696.92143
G1 X95.312 Y128.586 Z30.246 E10698.45792
G1 X94.124 Y128.914 Z30.250 E10699.99457
G1 X92.922 Y129.184 Z30.254 E10701.53122
G1 X91.719 Y129.448 Z30.258 E10703.06771
G1 X90.505 Y129.659 Z30.262 E10704.60436
G1 X89.290 Y129.858 Z30.266 E10706.14073
G1 X88.067 Y130.009 Z30.270 E10707.67738
G1 X86.842 Y130.143 Z30.275 E10709.21366
G1 X85.614 Y130.234 Z30.279 E10710.75031
G1 X84.384 Y130.301 Z30.283 E10712.28652
G1 X83.152 Y130.332 Z30.287 E10713.82317
G1 X81.921 Y130.334 Z30.291 E10715.35936
G1 X80.689 Y130.303 Z30.295 E10716.89601
G1 X79.459 Y130.239 Z30.299 E10718.43221
G1 X78.230 Y130.148 Z30.303 E10719.96886
G1 X77.006 Y130.018 Z30.307 E10721.50509
G1 X75.783 Y129.867 Z30.311 E10723.04174
G1 X74.567 Y129.672 Z30.316 E10724.57805
G1 X73.353 Y129.461 Z30.320 E10726.11470
G1 X72.149 Y129.200 Z30.324 E10727.65111
G1 X70.947 Y128.930 Z30.328 E10729.18776
G1 X69.758 Y128.605 Z30.332 E10730.72430
G1 X68.572 Y128.275 Z30.336 E10732.26090
G1 X67.402 Y127.888 Z30.340 E10733.79755
G1 X66.235 Y127.494 Z30.344 E10735.33399
G1 X65.085 Y127.051 Z30.348 E10736.87064
G1 X63.941 Y126.595 Z30.352 E10738.40698
G1 X62.814 Y126.096 Z30.357 E10739.94363
G1 X61.696 Y125.580 Z30.361 E10741.47988
G1 X60.596 Y125.026 Z30.365 E10743.01653
G1 X59.507 Y124.450 Z30.369 E10744.55273
G1 X58.435 Y123.843 Z30.373 E10746.08938
G1 X57.379 Y123.209 Z30.377 E10747.62557
G1 X56.338 Y122.550 Z30.381 E10749.16222
G1 X55.317 Y121.861 Z30.385 E10750.69843
G1 X54.310 Y121.152 Z30.389 E10752.23508
G1 X53.327 Y120.409 Z30.393 E10753.77133
G1 X52.356 Y119.651 Z30.398 E10755.30798
G1 X51.415 Y118.856 Z30.402 E10756.84432
G1 X50.482 Y118.051 Z30.406 E10758.38097
G1 X49.584 Y117.207 Z30.410 E10759.91742
G1 X48.692 Y116.358 Z30.414 E10761.45407
G1 X47.841 Y115.467 Z30.418 E10762.99067
G1 X46.995 Y114.572 Z30.422 E10764.52721
G1 X46.190 Y113.639 Z30.426 E10766.06386
G1 X45.393 Y112.700 Z30.430 E10767.60026
G1 X44.635 Y111.729 Z30.434 E10769.13691
G1 X43.889 Y110.748 Z30.439 E10770.67321
G1 X43.180 Y109.741 Z30.443 E10772.20986
G1 X42.488 Y108.722 Z30.447 E10773.74610
G1 X41.829 Y107.681 Z30.451 E10775.28275
G1 X41.192 Y106.627 Z30.455 E10776.81894
G1 X40.585 Y105.555 Z30.459 E10778.35559
G1 X40.006 Y104.468 Z30.463 E10779.89178
G1 X39.452 Y103.367 Z30.467 E10781.42843
G1 X38.933 Y102.250 Z30.471 E10782.96465
G1 X38.433 Y101.124 Z30.475 E10784.50130
G1 X37.974 Y99.981 Z30.480 E10786.03758
G1 X37.531 Y98.832 Z30.484 E10787.57423
G1 X37.134 Y97.665 Z30.488 E10789.11060
G1 X36.748 Y96.496 Z30.492 E10790.64725
G1 X36.414 Y95.310 Z30.496 E10792.18375
G1 X36.085 Y94.122 Z30.500 E10793.72039
G1 X35.815 Y92.920 Z30.504 E10795.25704
G1 X35.554 Y91.717 Z30.508 E10796.79348
G1 X35.342 Y90.503 Z30.512 E10798.33013
G1 X35.141 Y89.288 Z30.516 E10799.86648
G1 X34.991 Y88.065 Z30.520 E10801.40313
G1 X34.857 Y86.840 Z30.525 E10802.93941
G1 X34.766 Y85.612 Z30.529 E10804.47606
G1 X34.698 Y84.382 Z30.533 E10806.01227
G1 X34.668 Y83.150 Z30.537 E10807.54892
G1 X34.667 Y81.918 Z30.541 E10809.08511
G1 X34.697 Y80.687 Z30.545 E10810.62176
G1 X34.761 Y79.457 Z30.549 E10812.15796
G1 X34.852 Y78.228 Z30.553 E10813.69461
G1 X34.982 Y77.003 Z30.557 E10815.23085
G1 X35.133 Y75.781 Z30.561 E10816.76750
G1 X35.329 Y74.565 Z30.566 E10818.30381
G1 X35.539 Y73.351 Z30.570 E10819.84046
G1 X35.800 Y72.147 Z30.574 E10821.37688
G1 X36.070 Y70.945 Z30.578 E10822.91353
G1 X36.395 Y69.756 Z30.582 E10824.45009
G1 X36.726 Y68.570 Z30.586 E10825.98667
G1 X37.111 Y67.399 Z30.590 E10827.52332
G1 X37.503 Y66.232 Z30.594 E10829.05976
G1 X37.947 Y65.082 Z30.598 E10830.59641
G1 X38.403 Y63.938 Z30.602 E10832.13274
G1 X38.902 Y62.811 Z30.607 E10833.66939
G1 X39.418 Y61.693 Z30.611 E10835.20564
G1 X39.972 Y60.593 Z30.615 E10836.74229
G1 X40.548 Y59.504 Z30.619 E10838.27850
G1 X41.155 Y58.432 Z30.623 E10839.81515
G1 X41.789 Y57.376 Z30.627 E10841.35133
G1 X42.448 Y56.335 Z30.631 E10842.88798
G1 X43.137 Y55.314 Z30.635 E10844.42419
G1 X43.846 Y54.307 Z30.639 E10845.96084
G1 X44.589 Y53.324 Z30.643 E10847.49710
G1 X45.347 Y52.353 Z30.648 E10849.03375
G1 X46.142 Y51.412 Z30.652 E10850.57008
G1 X46.947 Y50.479 Z30.656 E10852.10673
G1 X47.791 Y49.582 Z30.660 E10853.64319
G1 X48.640 Y48.689 Z30.664 E10855.17984
G1 X49.531 Y47.839 Z30.668 E10856.71644
G1 X50.426 Y46.992 Z30.672 E10858.25297
G1 X51.359 Y46.187 Z30.676 E10859.78962
G1 X52.298 Y45.390 Z30.680 E10861.32603
G1 X53.269 Y44.632 Z30.684 E10862.86268
G1 X54.251 Y43.888 Z30.689 E10864.39887
G1 X55.262 Y43.185 Z30.693 E10865.93543
G1 X56.283 Y42.495 Z30.697 E10867.47176
G1 X57.320 Y41.829 Z30.701 E10869.00832
G1 X58.372 Y41.189 Z30.705 E10870.54435
G1 X59.444 Y40.582 Z30.709 E10872.08100
G1 X60.531 Y40.003 Z30.713 E10873.61719
G1 X61.631 Y39.449 Z30.717 E10875.15384
G1 X62.748 Y38.930 Z30.721 E10876.69006
G1 X63.874 Y38.431 Z30.725 E10878.22671
G1 X65.018 Y37.972 Z30.730 E10879.76299
G1 X66.167 Y37.528 Z30.734 E10881.29964
G1 X67.333 Y37.131 Z30.738 E10882.83601
G1 X68.503 Y36.745 Z30.742 E10884.37266
G1 X69.689 Y36.411 Z30.746 E10885.90916
G1 X70.876 Y36.082 Z30.750 E10887.44580
G1 X72.078 Y35.812 Z30.754 E10888.98245
G1 X73.281 Y35.548 Z30.758 E10890.51894
G1 X74.495 Y35.338 Z30.762 E10892.05559
G1 X75.711 Y35.138 Z30.766 E10893.59196
G1 X76.934 Y34.988 Z30.770 E10895.12861
G1 X78.158 Y34.854 Z30.775 E10896.66488
G1 X79.387 Y34.763 Z30.779 E10898.20154
G1 X80.617 Y34.695 Z30.783 E10899.73775
G1 X81.848 Y34.665 Z30.787 E10901.27440
G1 X83.080 Y34.663 Z30.791 E10902.81059
G1 X84.312 Y34.694 Z30.795 E10904.34724
G1 X85.542 Y34.758 Z30.799 E10905.88344
G1 X86.770 Y34.848 Z30.803 E10907.42009
G1 X87.995 Y34.979 Z30.807 E10908.95632
G1 X89.218 Y35.130 Z30.811 E10910.49297
G1 X90.434 Y35.325 Z30.816 E10912.02928
G1 X91.648 Y35.536 Z30.820 E10913.56593
G1 X92.852 Y35.797 Z30.824 E10915.10234
G1 X94.054 Y36.067 Z30.828 E10916.63899
G1 X95.242 Y36.392 Z30.832 E10918.17553
G1 X96.429 Y36.722 Z30.836 E10919.71212
G1 X97.599 Y37.109 Z30.840 E10921.24878
G1 X98.766 Y37.502 Z30.844 E10922.78522
G1 X99.915 Y37.946 Z30.848 E10924.32187
G1 X101.060 Y38.401 Z30.852 E10925.85820
G1 X102.186 Y38.901 Z30.857 E10927.39486
G1 X103.304 Y39.417 Z30.861 E10928.93111
G1 X104.405 Y39.971 Z30.865 E10930.46776
G1 X105.494 Y40.547 Z30.869 E10932.00396
G1 X106.566 Y41.154 Z30.873 E10933.54061
G1 X107.622 Y41.787 Z30.877 E10935.07680
G1 X108.663 Y42.446 Z30.881 E10936.61345
G1 X109.684 Y43.135 Z30.885 E10938.14965
G1 X110.691 Y43.845 Z30.889 E10939.68631
G1 X111.674 Y44.588 Z30.893 E10941.22256
G1 X112.645 Y45.346 Z30.898 E10942.75921
G1 X113.586 Y46.140 Z30.902 E10944.29555
G1 X114.519 Y46.945 Z30.906 E10945.83220
G1 X115.416 Y47.789 Z30.910 E10947.36865
G1 X116.309 Y48.638 Z30.914 E10948.90530
G1 X117.159 Y49.529 Z30.918 E10950.44189
G1 X118.006 Y50.424 Z30.922 E10951.97843
G1 X118.811 Y51.357 Z30.926 E10953.51508
G1 X119.608 Y52.296 Z30.930 E10955.05149
G1 X120.366 Y53.267 Z30.934 E10956.58814
G1 X121.112 Y54.248 Z30.939 E10958.12444
G1 X121.821 Y55.255 Z30.943 E10959.66109
G1 X122.514 Y56.274 Z30.947 E10961.19733
G1 X123.173 Y57.315 Z30.951 E10962.73398
G1 X123.809 Y58.369 Z30.955 E10964.27017
G1 X124.416 Y59.441 Z30.959 E10965.80682
G1 X124.995 Y60.528 Z30.963 E10967.34301
G1 X125.549 Y61.629 Z30.967 E10968.87966
G1 X126.069 Y62.745 Z30.971 E10970.41588
G1 X126.568 Y63.872 Z30.975 E10971.95253
G1 X127.027 Y65.015 Z30.980 E10973.48881
G1 X127.471 Y66.164 Z30.984 E10975.02546
G1 X127.868 Y67.330 Z30.988 E10976.56183
G1 X128.254 Y68.500 Z30.992 E10978.09848
G1 X128.588 Y69.686 Z30.996 E10979.63497
G1 X128.917 Y70.873 Z31.000 E10981.17162
;LAYER:30
;TYPE:WALL-OUTER
G1 X129.517 Y70.724 Z31.000 E10981.94231
G1 X129.790 Y71.942 Z31.004 E10983.49882
G1 X130.058 Y73.161 Z31.008 E10985.05517
G1 X130.271 Y74.390 Z31.012 E10986.61168
G1 X130.473 Y75.621 Z31.016 E10988.16791
G1 X130.626 Y76.860 Z31.020 E10989.72441
G1 X130.761 Y78.100 Z31.025 E10991.28055
G1 X130.853 Y79.345 Z31.029 E10992.83705
G1 X130.921 Y80.591 Z31.033 E10994.39310
G1 X130.951 Y81.838 Z31.037 E10995.94961
G1 X130.952 Y83.086 Z31.041 E10997.50566
G1 X130.921 Y84.333 Z31.045 E10999.06217
G1 X130.856 Y85.579 Z31.049 E11000.61822
G1 X130.764 Y86.824 Z31.053 E11002.17473
G1 X130.633 Y88.064 Z31.057 E11003.73081
G1 X130.480 Y89.303 Z31.061 E11005.28732
G1 X130.282 Y90.535 Z31.066 E11006.84348
G1 X130.068 Y91.764 Z31.070 E11008.39999
G1 X129.804 Y92.984 Z31.074 E11009.95625
G1 X129.531 Y94.201 Z31.078 E11011.51276
G1 X129.201 Y95.405 Z31.082 E11013.06915
G1 X128.867 Y96.607 Z31.086 E11014.62560
G1 X128.475 Y97.792 Z31.090 E11016.18211
G1 X128.077 Y98.975 Z31.094 E11017.73841
G1 X127.627 Y100.139 Z31.098 E11019.29492
G1 X127.166 Y101.298 Z31.102 E11020.85111
G1 X126.660 Y102.439 Z31.107 E11022.40762
G1 X126.137 Y103.572 Z31.111 E11023.96372
G1 X125.576 Y104.686 Z31.115 E11025.52023
G1 X124.993 Y105.789 Z31.119 E11027.07629
G1 X124.378 Y106.875 Z31.123 E11028.63279
G1 X123.736 Y107.945 Z31.127 E11030.18883
G1 X123.069 Y108.999 Z31.131 E11031.74534
G1 X122.371 Y110.034 Z31.135 E11033.30140
G1 X121.652 Y111.054 Z31.139 E11034.85791
G1 X120.900 Y112.049 Z31.143 E11036.41401
G1 X120.132 Y113.033 Z31.148 E11037.97052
G1 X119.327 Y113.986 Z31.152 E11039.52671
G1 X118.512 Y114.931 Z31.156 E11041.08322
G1 X117.657 Y115.840 Z31.160 E11042.63952
G1 X116.796 Y116.744 Z31.164 E11044.19603
G1 X115.894 Y117.606 Z31.168 E11045.75248
G1 X114.988 Y118.463 Z31.172 E11047.30888
G1 X114.043 Y119.278 Z31.176 E11048.86539
G1 X113.091 Y120.086 Z31.180 E11050.42165
G1 X112.108 Y120.854 Z31.184 E11051.97815
G1 X111.115 Y121.609 Z31.189 E11053.53431
G1 X110.094 Y122.328 Z31.193 E11055.09082
G1 X109.062 Y123.029 Z31.197 E11056.64690
G1 X108.008 Y123.697 Z31.201 E11058.20341
G1 X106.940 Y124.341 Z31.205 E11059.75946
G1 X105.854 Y124.956 Z31.209 E11061.31597
G1 X104.753 Y125.543 Z31.213 E11062.87201
G1 X103.638 Y126.104 Z31.217 E11064.42851
G1 X102.507 Y126.630 Z31.221 E11065.98458
G1 X101.366 Y127.136 Z31.225 E11067.54109
G1 X100.208 Y127.601 Z31.230 E11069.09722
G1 X99.044 Y128.050 Z31.234 E11070.65373
G1 X97.863 Y128.452 Z31.238 E11072.20995
G1 X96.678 Y128.843 Z31.242 E11073.76646
G1 X95.477 Y129.182 Z31.246 E11075.32281
G1 X94.274 Y129.514 Z31.250 E11076.87932
G1 X93.056 Y129.788 Z31.254 E11078.43583
G1 X91.838 Y130.055 Z31.258 E11079.99217
G1 X90.608 Y130.269 Z31.262 E11081.54868
G1 X89.377 Y130.471 Z31.266 E11083.10490
G1 X88.138 Y130.623 Z31.270 E11084.66141
G1 X86.898 Y130.759 Z31.275 E11086.21754
G1 X85.653 Y130.851 Z31.279 E11087.77405
G1 X84.408 Y130.919 Z31.283 E11089.33011
G1 X83.160 Y130.950 Z31.287 E11090.88662
G1 X81.913 Y130.952 Z31.291 E11092.44266
G1 X80.665 Y130.921 Z31.295 E11093.99917
G1 X79.419 Y130.856 Z31.299 E11095.55522
G1 X78.175 Y130.764 Z31.303 E11097.11173
G1 X76.934 Y130.632 Z31.307 E11098.66781
G1 X75.695 Y130.480 Z31.311 E11100.22432
G1 X74.464 Y130.281 Z31.316 E11101.78048
G1 X73.234 Y130.068 Z31.320 E11103.33699
G1 X72.015 Y129.802 Z31.324 E11104.89321
G1 X70.798 Y129.527 Z31.328 E11106.44969
G1 X69.594 Y129.199 Z31.332 E11108.00608
G1 X68.391 Y128.866 Z31.336 E11109.56249
G1 X67.206 Y128.475 Z31.340 E11111.11900
G1 X66.024 Y128.076 Z31.344 E11112.67530
G1 X64.859 Y127.627 Z31.348 E11114.23181
G1 X63.700 Y127.165 Z31.352 E11115.78799
G1 X62.559 Y126.659 Z31.357 E11117.34450
G1 X61.427 Y126.136 Z31.361 E11118.90061
G1 X60.312 Y125.575 Z31.365 E11120.45711
G1 X59.209 Y124.992 Z31.369 E11122.01317
G1 X58.123 Y124.377 Z31.373 E11123.56968
G1 X57.053 Y123.735 Z31.377 E11125.12572
G1 X55.999 Y123.068 Z31.381 E11126.68222
G1 X54.965 Y122.370 Z31.385 E11128.23828
G1 X53.945 Y121.651 Z31.389 E11129.79479
G1 X52.950 Y120.899 Z31.393 E11131.35090
G1 X51.966 Y120.131 Z31.398 E11132.90740
G1 X51.012 Y119.326 Z31.402 E11134.46359
G1 X50.067 Y118.511 Z31.406 E11136.02010
G1 X49.159 Y117.656 Z31.410 E11137.57641
G1 X48.255 Y116.795 Z31.414 E11139.13292
G1 X47.393 Y115.893 Z31.418 E11140.68937
G1 X46.535 Y114.986 Z31.422 E11142.24577
G1 X45.720 Y114.041 Z31.426 E11143.80228
G1 X44.913 Y113.090 Z31.430 E11145.35853
G1 X44.145 Y112.106 Z31.434 E11146.91504
G1 X43.390 Y111.113 Z31.439 E11148.47120
G1 X42.671 Y110.093 Z31.443 E11150.02770
G1 X41.970 Y109.061 Z31.447 E11151.58379
G1 X41.303 Y108.006 Z31.451 E11153.14029
G1 X40.658 Y106.938 Z31.455 E11154.69634
G1 X40.043 Y105.852 Z31.459 E11156.25285
G1 X39.457 Y104.751 Z31.463 E11157.80889
G1 X38.896 Y103.636 Z31.467 E11159.36540
G1 X38.369 Y102.505 Z31.471 E11160.92147
G1 X37.864 Y101.364 Z31.475 E11162.47798
G1 X37.399 Y100.207 Z31.480 E11164.03411
G1 X36.950 Y99.042 Z31.484 E11165.59062
G1 X36.547 Y97.861 Z31.488 E11167.14684
G1 X36.156 Y96.676 Z31.492 E11168.70335
G1 X35.818 Y95.475 Z31.496 E11170.25970
G1 X35.485 Y94.272 Z31.500 E11171.81621
G1 X35.212 Y93.055 Z31.504 E11173.37271
G1 X34.948 Y91.835 Z31.508 E11174.92899
G1 X34.733 Y90.606 Z31.512 E11176.48549
G1 X34.529 Y89.375 Z31.516 E11178.04169
G1 X34.376 Y88.136 Z31.520 E11179.59820
G1 X34.241 Y86.896 Z31.525 E11181.15432
G1 X34.149 Y85.651 Z31.529 E11182.71083
G1 X34.080 Y84.406 Z31.533 E11184.26690
G1 X34.050 Y83.158 Z31.537 E11185.82341
G1 X34.048 Y81.911 Z31.541 E11187.37945
G1 X34.079 Y80.663 Z31.545 E11188.93595
G1 X34.144 Y79.417 Z31.549 E11190.49200
G1 X34.236 Y78.173 Z31.553 E11192.04851
G1 X34.368 Y76.932 Z31.557 E11193.60460
G1 X34.521 Y75.693 Z31.561 E11195.16111
G1 X34.719 Y74.462 Z31.566 E11196.71727
G1 X34.932 Y73.232 Z31.570 E11198.27378
G1 X35.197 Y72.013 Z31.574 E11199.83005
G1 X35.470 Y70.795 Z31.578 E11201.38656
G1 X35.799 Y69.591 Z31.582 E11202.94297
G1 X36.134 Y68.389 Z31.586 E11204.49941
G1 X36.525 Y67.204 Z31.590 E11206.05592
G1 X36.922 Y66.021 Z31.594 E11207.61222
G1 X37.371 Y64.857 Z31.598 E11209.16873
G1 X37.833 Y63.698 Z31.602 E11210.72491
G1 X38.339 Y62.557 Z31.607 E11212.28142
G1 X38.862 Y61.424 Z31.611 E11213.83752
G1 X39.423 Y60.310 Z31.615 E11215.39403
G1 X40.006 Y59.207 Z31.619 E11216.95009
G1 X40.622 Y58.121 Z31.623 E11218.50659
G1 X41.263 Y57.051 Z31.627 E11220.06263
G1 X41.931 Y55.997 Z31.631 E11221.61914
G1 X42.629 Y54.963 Z31.635 E11223.17520
G1 X43.347 Y53.942 Z31.639 E11224.73171
G1 X44.100 Y52.947 Z31.643 E11226.28781
G1 X44.868 Y51.963 Z31.648 E11227.84432
G1 X45.673 Y51.010 Z31.652 E11229.40051
G1 X46.488 Y50.065 Z31.656 E11230.95702
G1 X47.343 Y49.156 Z31.660 E11232.51333
G1 X48.203 Y48.253 Z31.664 E11234.06984
G1 X49.106 Y47.391 Z31.668 E11235.62629
G1 X50.013 Y46.533 Z31.672 E11237.18269
G1 X50.957 Y45.718 Z31.676 E11238.73920
G1 X51.909 Y44.911 Z31.680 E11240.29545
G1 X52.892 Y44.143 Z31.684 E11241.85196
G1 X53.886 Y43.388 Z31.689 E11243.40809
G1 X54.907 Y42.671 Z31.693 E11244.96457
G1 X55.940 Y41.970 Z31.697 E11246.52067
G1 X56.993 Y41.301 Z31.701 E11248.07716
G1 X58.061 Y40.656 Z31.705 E11249.63316
G1 X59.146 Y40.041 Z31.709 E11251.18967
G1 X60.248 Y39.454 Z31.713 E11252.74571
G1 X61.362 Y38.893 Z31.717 E11254.30222
G1 X62.493 Y38.367 Z31.721 E11255.85829
G1 X63.634 Y37.861 Z31.725 E11257.41479
G1 X64.792 Y37.396 Z31.730 E11258.97092
G1 X65.956 Y36.947 Z31.734 E11260.52743
G1 X67.138 Y36.545 Z31.738 E11262.08366
G1 X68.323 Y36.154 Z31.742 E11263.64017
G1 X69.524 Y35.816 Z31.746 E11265.19652
G1 X70.726 Y35.483 Z31.750 E11266.75302
G1 X71.944 Y35.209 Z31.754 E11268.30953
G1 X73.163 Y34.942 Z31.758 E11269.86588
G1 X74.392 Y34.729 Z31.762 E11271.42238
G1 X75.624 Y34.527 Z31.766 E11272.97860
G1 X76.862 Y34.374 Z31.770 E11274.53511
G1 X78.103 Y34.238 Z31.775 E11276.09124
G1 X79.347 Y34.147 Z31.779 E11277.64775
G1 X80.593 Y34.078 Z31.783 E11279.20381
G1 X81.840 Y34.047 Z31.787 E11280.76032
G1 X83.088 Y34.046 Z31.791 E11282.31636
G1 X84.336 Y34.076 Z31.795 E11283.87287
G1 X85.581 Y34.141 Z31.799 E11285.42892
G1 X86.826 Y34.233 Z31.803 E11286.98543
G1 X88.067 Y34.365 Z31.807 E11288.54151
G1 X89.305 Y34.518 Z31.811 E11290.09802
G1 X90.537 Y34.716 Z31.816 E11291.65418
G1 X91.767 Y34.930 Z31.820 E11293.21069
G1 X92.986 Y35.194 Z31.824 E11294.76695
G1 X94.204 Y35.467 Z31.828 E11296.32346
G1 X95.407 Y35.796 Z31.832 E11297.87986
G1 X96.609 Y36.131 Z31.836 E11299.43631
G1 X97.794 Y36.523 Z31.840 E11300.99282
G1 X98.977 Y36.922 Z31.844 E11302.54912
G1 X100.141 Y37.371 Z31.848 E11304.10563
G1 X101.300 Y37.832 Z31.852 E11305.66181
G1 X102.441 Y38.338 Z31.857 E11307.21832
G1 X103.574 Y38.861 Z31.861 E11308.77442
G1 X104.688 Y39.422 Z31.865 E11310.33093
G1 X105.791 Y40.005 Z31.869 E11311.88699
G1 X106.877 Y40.620 Z31.873 E11313.44349
G1 X107.947 Y41.262 Z31.877 E11314.99953
G1 X109.001 Y41.930 Z31.881 E11316.55604
G1 X110.036 Y42.628 Z31.885 E11318.11210
G1 X111.056 Y43.346 Z31.889 E11319.66861
G1 X112.051 Y44.099 Z31.893 E11321.22471
G1 X113.035 Y44.866 Z31.898 E11322.78122
G1 X113.988 Y45.671 Z31.902 E11324.33741
G1 X114.933 Y46.486 Z31.906 E11325.89392
G1 X115.842 Y47.341 Z31.910 E11327.45022
G1 X116.746 Y48.202 Z31.914 E11329.00673
G1 X117.608 Y49.104 Z31.918 E11330.56319
G1 X118.465 Y50.011 Z31.922 E11332.11958
G1 X119.280 Y50.956 Z31.926 E11333.67609
G1 X120.088 Y51.907 Z31.930 E11335.23235
G1 X120.856 Y52.891 Z31.934 E11336.78886
G1 X121.611 Y53.884 Z31.939 E11338.34501
G1 X122.330 Y54.904 Z31.943 E11339.90152
G1 X123.031 Y55.936 Z31.947 E11341.45761
G1 X123.698 Y56.990 Z31.951 E11343.01411
G1 X124.343 Y58.059 Z31.955 E11344.57016
G1 X124.958 Y59.144 Z31.959 E11346.12667
G1 X125.545 Y60.246 Z31.963 E11347.68271
G1 X126.106 Y61.360 Z31.967 E11349.23922
G1 X126.632 Y62.491 Z31.971 E11350.79529
G1 X127.138 Y63.632 Z31.975 E11352.35179
G1 X127.603 Y64.790 Z31.980 E11353.90792
G1 X128.052 Y65.954 Z31.984 E11355.46443
G1 X128.454 Y67.135 Z31.988 E11357.02065
G1 X128.845 Y68.320 Z31.992 E11358.57716
G1 X129.184 Y69.521 Z31.996 E11360.13351
G1 X129.517 Y70.724 Z32.000 E11361.69002
;LAYER:31
;TYPE:WALL-OUTER
G1 X130.102 Y70.581 Z32.000 E11362.44155
G1 X130.379 Y71.814 Z32.004 E11364.01744
G1 X130.650 Y73.048 Z32.008 E11365.59316
G1 X130.866 Y74.293 Z32.012 E11367.16905
G1 X131.070 Y75.539 Z32.016 E11368.74465
G1 X131.225 Y76.793 Z32.020 E11370.32054
G1 X131.362 Y78.049 Z32.025 E11371.89605
G1 X131.455 Y79.309 Z32.029 E11373.47193
G1 X131.525 Y80.570 Z32.033 E11375.04735
G1 X131.555 Y81.833 Z32.037 E11376.62324
G1 X131.556 Y83.097 Z32.041 E11378.19867
G1 X131.525 Y84.360 Z32.045 E11379.77456
G1 X131.459 Y85.621 Z32.049 E11381.34998
G1 X131.366 Y86.881 Z32.053 E11382.92586
G1 X131.232 Y88.137 Z32.057 E11384.50133
G1 X131.078 Y89.391 Z32.061 E11386.07721
G1 X130.877 Y90.638 Z32.066 E11387.65275
G1 X130.661 Y91.883 Z32.070 E11389.22864
G1 X130.393 Y93.118 Z32.074 E11390.80428
G1 X130.116 Y94.351 Z32.078 E11392.38017
G1 X129.783 Y95.569 Z32.082 E11393.95595
G1 X129.444 Y96.786 Z32.086 E11395.53177
G1 X129.047 Y97.986 Z32.090 E11397.10766
G1 X128.644 Y99.183 Z32.094 E11398.68333
G1 X128.189 Y100.362 Z32.098 E11400.25922
G1 X127.721 Y101.535 Z32.102 E11401.83478
G1 X127.209 Y102.690 Z32.107 E11403.41067
G1 X126.680 Y103.837 Z32.111 E11404.98615
G1 X126.112 Y104.966 Z32.115 E11406.56203
G1 X125.521 Y106.082 Z32.119 E11408.13746
G1 X124.898 Y107.182 Z32.123 E11409.71335
G1 X124.249 Y108.265 Z32.127 E11411.28876
G1 X123.573 Y109.332 Z32.131 E11412.86465
G1 X122.866 Y110.379 Z32.135 E11414.44008
G1 X122.138 Y111.412 Z32.139 E11416.01597
G1 X121.376 Y112.420 Z32.143 E11417.59145
G1 X120.599 Y113.416 Z32.148 E11419.16734
G1 X119.784 Y114.381 Z32.152 E11420.74291
G1 X118.959 Y115.338 Z32.156 E11422.31880
G1 X118.093 Y116.258 Z32.160 E11423.89448
G1 X117.222 Y117.173 Z32.164 E11425.47037
G1 X116.308 Y118.045 Z32.168 E11427.04621
G1 X115.390 Y118.914 Z32.172 E11428.62198
G1 X114.434 Y119.739 Z32.176 E11430.19786
G1 X113.471 Y120.556 Z32.180 E11431.77350
G1 X112.475 Y121.334 Z32.184 E11433.34938
G1 X111.469 Y122.098 Z32.189 E11434.92491
G1 X110.436 Y122.826 Z32.193 E11436.50080
G1 X109.391 Y123.536 Z32.197 E11438.07626
G1 X108.324 Y124.212 Z32.201 E11439.65214
G1 X107.242 Y124.864 Z32.205 E11441.22756
G1 X106.143 Y125.487 Z32.209 E11442.80345
G1 X105.028 Y126.080 Z32.213 E11444.37887
G1 X103.899 Y126.648 Z32.217 E11445.95476
G1 X102.754 Y127.181 Z32.221 E11447.53020
G1 X101.599 Y127.693 Z32.225 E11449.10609
G1 X100.427 Y128.164 Z32.230 E11450.68159
G1 X99.248 Y128.619 Z32.234 E11452.25748
G1 X98.052 Y129.026 Z32.238 E11453.83309
G1 X96.852 Y129.422 Z32.242 E11455.40897
G1 X95.636 Y129.764 Z32.246 E11456.98471
G1 X94.418 Y130.101 Z32.250 E11458.56059
G1 X93.186 Y130.378 Z32.254 E11460.13647
G1 X91.952 Y130.649 Z32.258 E11461.71219
G1 X90.707 Y130.865 Z32.262 E11463.28808
G1 X89.460 Y131.069 Z32.266 E11464.86368
G1 X88.206 Y131.224 Z32.270 E11466.43956
G1 X86.950 Y131.361 Z32.275 E11468.01506
G1 X85.690 Y131.454 Z32.279 E11469.59095
G1 X84.429 Y131.523 Z32.283 E11471.16639
G1 X83.166 Y131.554 Z32.287 E11472.74228
G1 X81.903 Y131.556 Z32.291 E11474.31769
G1 X80.640 Y131.525 Z32.295 E11475.89358
G1 X79.378 Y131.459 Z32.299 E11477.46900
G1 X78.118 Y131.366 Z32.303 E11479.04489
G1 X76.862 Y131.232 Z32.307 E11480.62035
G1 X75.608 Y131.077 Z32.311 E11482.19624
G1 X74.361 Y130.877 Z32.316 E11483.77178
G1 X73.116 Y130.661 Z32.320 E11485.34766
G1 X71.883 Y130.386 Z32.324 E11486.92317
G1 X70.652 Y130.102 Z32.328 E11488.49897
G1 X69.432 Y129.775 Z32.332 E11490.07470
G1 X68.213 Y129.443 Z32.336 E11491.65042
G1 X67.013 Y129.047 Z32.340 E11493.22631
G1 X65.816 Y128.643 Z32.344 E11494.80198
G1 X64.637 Y128.189 Z32.348 E11496.37787
G1 X63.464 Y127.721 Z32.352 E11497.95343
G1 X62.309 Y127.209 Z32.357 E11499.52931
G1 X61.162 Y126.679 Z32.361 E11501.10479
G1 X60.033 Y126.111 Z32.365 E11502.68068
G1 X58.917 Y125.521 Z32.369 E11504.25611
G1 X57.818 Y124.898 Z32.373 E11505.83199
G1 X56.734 Y124.248 Z32.377 E11507.40741
G1 X55.667 Y123.572 Z32.381 E11508.98329
G1 X54.620 Y122.865 Z32.385 E11510.55873
G1 X53.587 Y122.138 Z32.389 E11512.13461
G1 X52.580 Y121.376 Z32.393 E11513.71010
G1 X51.583 Y120.599 Z32.398 E11515.28598
G1 X50.618 Y119.784 Z32.402 E11516.86155
G1 X49.662 Y118.958 Z32.406 E11518.43744
G1 X48.741 Y118.093 Z32.410 E11520.01313
G1 X47.826 Y117.221 Z32.414 E11521.58901
G1 X46.954 Y116.308 Z32.418 E11523.16485
G1 X46.086 Y115.390 Z32.422 E11524.74062
G1 X45.261 Y114.433 Z32.426 E11526.31651
G1 X44.443 Y113.470 Z32.430 E11527.89214
G1 X43.666 Y112.474 Z32.434 E11529.46803
G1 X42.901 Y111.468 Z32.439 E11531.04356
G1 X42.174 Y110.435 Z32.443 E11532.61944
G1 X41.464 Y109.390 Z32.447 E11534.19490
G1 X40.788 Y108.323 Z32.451 E11535.77079
G1 X40.136 Y107.241 Z32.455 E11537.34621
G1 X39.513 Y106.142 Z32.459 E11538.92210
G1 X38.919 Y105.027 Z32.463 E11540.49751
G1 X38.351 Y103.898 Z32.467 E11542.07340
G1 X37.818 Y102.753 Z32.471 E11543.64884
G1 X37.306 Y101.598 Z32.475 E11545.22473
G1 X36.836 Y100.426 Z32.480 E11546.80024
G1 X36.381 Y99.247 Z32.484 E11548.37613
G1 X35.974 Y98.051 Z32.488 E11549.95173
G1 X35.578 Y96.851 Z32.492 E11551.52762
G1 X35.235 Y95.635 Z32.496 E11553.10335
G1 X34.899 Y94.417 Z32.500 E11554.67923
G1 X34.622 Y93.185 Z32.504 E11556.25512
G1 X34.354 Y91.950 Z32.508 E11557.83079
G1 X34.136 Y90.706 Z32.512 E11559.40668
G1 X33.931 Y89.459 Z32.516 E11560.98225
G1 X33.776 Y88.205 Z32.520 E11562.55814
G1 X33.639 Y86.949 Z32.525 E11564.13364
G1 X33.546 Y85.689 Z32.529 E11565.70953
G1 X33.477 Y84.428 Z32.533 E11567.28497
G1 X33.446 Y83.165 Z32.537 E11568.86086
G1 X33.444 Y81.902 Z32.541 E11570.43627
G1 X33.475 Y80.639 Z32.545 E11572.01216
G1 X33.541 Y79.377 Z32.549 E11573.58758
G1 X33.634 Y78.117 Z32.553 E11575.16347
G1 X33.768 Y76.861 Z32.557 E11576.73893
G1 X33.923 Y75.607 Z32.561 E11578.31482
G1 X34.124 Y74.360 Z32.566 E11579.89036
G1 X34.340 Y73.115 Z32.570 E11581.46624
G1 X34.607 Y71.881 Z32.574 E11583.04189
G1 X34.884 Y70.648 Z32.578 E11584.61778
G1 X35.218 Y69.429 Z32.582 E11586.19356
G1 X35.557 Y68.212 Z32.586 E11587.76938
G1 X35.953 Y67.012 Z32.590 E11589.34527
G1 X36.356 Y65.815 Z32.594 E11590.92095
G1 X36.811 Y64.636 Z32.598 E11592.49684
G1 X37.278 Y63.463 Z32.602 E11594.07239
G1 X37.790 Y62.308 Z32.607 E11595.64828
G1 X38.320 Y61.161 Z32.611 E11597.22376
G1 X38.888 Y60.033 Z32.615 E11598.79965
G1 X39.479 Y58.916 Z32.619 E11600.37507
G1 X40.102 Y57.817 Z32.623 E11601.95096
G1 X40.751 Y56.733 Z32.627 E11603.52638
G1 X41.427 Y55.666 Z32.631 E11605.10226
G1 X42.134 Y54.619 Z32.635 E11606.67769
G1 X42.862 Y53.586 Z32.639 E11608.25358
G1 X43.624 Y52.579 Z32.643 E11609.82907
G1 X44.401 Y51.583 Z32.648 E11611.40495
G1 X45.216 Y50.618 Z32.652 E11612.98052
G1 X46.041 Y49.661 Z32.656 E11614.55641
G1 X46.907 Y48.741 Z32.660 E11616.13210
G1 X47.778 Y47.826 Z32.664 E11617.70798
G1 X48.692 Y46.953 Z32.668 E11619.28382
G1 X49.610 Y46.085 Z32.672 E11620.85959
G1 X50.567 Y45.260 Z32.676 E11622.43548
G1 X51.530 Y44.442 Z32.680 E11624.01111
G1 X52.526 Y43.665 Z32.684 E11625.58700
G1 X53.531 Y42.900 Z32.689 E11627.16253
G1 X54.564 Y42.173 Z32.693 E11628.73841
G1 X55.609 Y41.463 Z32.697 E11630.31387
G1 X56.677 Y40.787 Z32.701 E11631.88976
G1 X57.758 Y40.135 Z32.705 E11633.46518
G1 X58.858 Y39.512 Z32.709 E11635.04106
G1 X59.973 Y38.919 Z32.713 E11636.61648
G1 X61.101 Y38.350 Z32.717 E11638.19237
G1 X62.246 Y37.818 Z32.721 E11639.76781
G1 X63.401 Y37.306 Z32.725 E11641.34370
G1 X64.574 Y36.835 Z32.730 E11642.91921
G1 X65.753 Y36.380 Z32.734 E11644.49510
G1 X66.948 Y35.973 Z32.738 E11646.07070
G1 X68.148 Y35.577 Z32.742 E11647.64659
G1 X69.364 Y35.235 Z32.746 E11649.22232
G1 X70.582 Y34.898 Z32.750 E11650.79820
G1 X71.815 Y34.621 Z32.754 E11652.37409
G1 X73.049 Y34.350 Z32.758 E11653.94981
G1 X74.294 Y34.134 Z32.762 E11655.52570
G1 X75.540 Y33.930 Z32.766 E11657.10129
G1 X76.794 Y33.775 Z32.770 E11658.67718
G1 X78.050 Y33.638 Z32.775 E11660.25268
G1 X79.310 Y33.545 Z32.779 E11661.82856
G1 X80.571 Y33.476 Z32.783 E11663.40401
G1 X81.834 Y33.445 Z32.787 E11664.97989
G1 X83.097 Y33.443 Z32.791 E11666.55531
G1 X84.361 Y33.474 Z32.795 E11668.13120
G1 X85.622 Y33.540 Z32.799 E11669.70662
G1 X86.882 Y33.633 Z32.803 E11671.28250
G1 X88.138 Y33.767 Z32.807 E11672.85797
G1 X89.392 Y33.922 Z32.811 E11674.43385
G1 X90.639 Y34.123 Z32.816 E11676.00939
G1 X91.884 Y34.339 Z32.820 E11677.58528
G1 X93.119 Y34.606 Z32.824 E11679.16092
G1 X94.351 Y34.883 Z32.828 E11680.73681
G1 X95.570 Y35.217 Z32.832 E11682.31259
G1 X96.787 Y35.556 Z32.836 E11683.88841
G1 X97.987 Y35.952 Z32.840 E11685.46430
G1 X99.184 Y36.356 Z32.844 E11687.03998
G1 X100.363 Y36.811 Z32.848 E11688.61586
G1 X101.536 Y37.278 Z32.852 E11690.19142
G1 X102.691 Y37.790 Z32.857 E11691.76731
G1 X103.838 Y38.320 Z32.861 E11693.34279
G1 X104.967 Y38.888 Z32.865 E11694.91868
G1 X106.083 Y39.478 Z32.869 E11696.49410
G1 X107.183 Y40.101 Z32.873 E11698.06999
G1 X108.266 Y40.751 Z32.877 E11699.64540
G1 X109.333 Y41.427 Z32.881 E11701.22129
G1 X110.380 Y42.134 Z32.885 E11702.79672
G1 X111.413 Y42.861 Z32.889 E11704.37261
G1 X112.421 Y43.623 Z32.893 E11705.94809
G1 X113.417 Y44.400 Z32.898 E11707.52398
G1 X114.382 Y45.215 Z32.902 E11709.09955
G1 X115.339 Y46.041 Z32.906 E11710.67544
G1 X116.259 Y46.906 Z32.910 E11712.25112
G1 X117.174 Y47.777 Z32.914 E11713.82701
G1 X118.046 Y48.691 Z32.918 E11715.40285
G1 X118.914 Y49.609 Z32.922 E11716.97862
G1 X119.740 Y50.566 Z32.926 E11718.55451
G1 X120.557 Y51.529 Z32.930 E11720.13014
G1 X121.335 Y52.525 Z32.934 E11721.70603
G1 X122.099 Y53.530 Z32.939 E11723.28155
G1 X122.827 Y54.563 Z32.943 E11724.85744
G1 X123.536 Y55.608 Z32.947 E11726.43290
G1 X124.212 Y56.676 Z32.951 E11728.00879
G1 X124.865 Y57.757 Z32.955 E11729.58421
G1 X125.488 Y58.857 Z32.959 E11731.16009
G1 X126.081 Y59.972 Z32.963 E11732.73551
G1 X126.649 Y61.100 Z32.967 E11734.31140
G1 X127.182 Y62.246 Z32.971 E11735.88684
G1 X127.694 Y63.401 Z32.975 E11737.46273
G1 X128.165 Y64.573 Z32.980 E11739.03823
G1 X128.619 Y65.752 Z32.984 E11740.61412
G1 X129.026 Y66.948 Z32.988 E11742.18972
G1 X129.423 Y68.147 Z32.992 E11743.76560
G1 X129.765 Y69.363 Z32.996 E11745.34133
G1 X130.102 Y70.581 Z33.000 E11746.91722
;LAYER:32
;TYPE:WALL-OUTER
G1 X130.672 Y70.442 Z33.000 E11747.64909
G1 X130.952 Y71.690 Z33.004 E11749.24384
G1 X131.226 Y72.938 Z33.008 E11750.83842
G1 X131.444 Y74.198 Z33.012 E11752.43317
G1 X131.651 Y75.460 Z33.016 E11754.02762
G1 X131.808 Y76.729 Z33.020 E11755.62237
G1 X131.946 Y77.999 Z33.025 E11757.21673
G1 X132.041 Y79.274 Z33.029 E11758.81147
G1 X132.112 Y80.551 Z33.033 E11760.40574
G1 X132.142 Y81.829 Z33.037 E11762.00048
G1 X132.143 Y83.107 Z33.041 E11763.59476
G1 X132.112 Y84.385 Z33.045 E11765.18951
G1 X132.045 Y85.662 Z33.049 E11766.78378
G1 X131.951 Y86.937 Z33.053 E11768.37852
G1 X131.815 Y88.208 Z33.057 E11769.97284
G1 X131.659 Y89.477 Z33.061 E11771.56758
G1 X131.455 Y90.739 Z33.066 E11773.16197
G1 X131.237 Y91.999 Z33.070 E11774.75672
G1 X130.966 Y93.248 Z33.074 E11776.35122
G1 X130.686 Y94.496 Z33.078 E11777.94596
G1 X130.348 Y95.729 Z33.082 E11779.54061
G1 X130.005 Y96.961 Z33.086 E11781.13528
G1 X129.604 Y98.175 Z33.090 E11782.73003
G1 X129.195 Y99.386 Z33.094 E11784.32456
G1 X128.735 Y100.579 Z33.098 E11785.91930
G1 X128.262 Y101.766 Z33.102 E11787.51371
G1 X127.743 Y102.935 Z33.107 E11789.10846
G1 X127.207 Y104.096 Z33.111 E11790.70278
G1 X126.632 Y105.238 Z33.115 E11792.29753
G1 X126.035 Y106.368 Z33.119 E11793.89181
G1 X125.404 Y107.480 Z33.123 E11795.48655
G1 X124.747 Y108.576 Z33.127 E11797.08082
G1 X124.063 Y109.656 Z33.131 E11798.67556
G1 X123.347 Y110.716 Z33.135 E11800.26985
G1 X122.611 Y111.761 Z33.139 E11801.86459
G1 X121.840 Y112.781 Z33.143 E11803.45893
G1 X121.053 Y113.789 Z33.148 E11805.05367
G1 X120.229 Y114.765 Z33.152 E11806.64810
G1 X119.393 Y115.733 Z33.156 E11808.24284
G1 X118.517 Y116.664 Z33.160 E11809.83738
G1 X117.636 Y117.590 Z33.164 E11811.43213
G1 X116.711 Y118.473 Z33.168 E11813.02683
G1 X115.782 Y119.352 Z33.172 E11814.62145
G1 X114.814 Y120.187 Z33.176 E11816.21619
G1 X113.839 Y121.014 Z33.180 E11817.81068
G1 X112.831 Y121.801 Z33.184 E11819.40542
G1 X111.813 Y122.574 Z33.189 E11820.99980
G1 X110.768 Y123.311 Z33.193 E11822.59455
G1 X109.710 Y124.029 Z33.197 E11824.18886
G1 X108.630 Y124.713 Z33.201 E11825.78360
G1 X107.536 Y125.373 Z33.205 E11827.37787
G1 X106.423 Y126.003 Z33.209 E11828.97262
G1 X105.295 Y126.604 Z33.213 E11830.56689
G1 X104.153 Y127.178 Z33.217 E11832.16163
G1 X102.994 Y127.717 Z33.221 E11833.75593
G1 X101.825 Y128.236 Z33.225 E11835.35067
G1 X100.638 Y128.712 Z33.230 E11836.94504
G1 X99.446 Y129.172 Z33.234 E11838.53978
G1 X98.235 Y129.584 Z33.238 E11840.13424
G1 X97.021 Y129.985 Z33.242 E11841.72898
G1 X95.791 Y130.331 Z33.246 E11843.32357
G1 X94.558 Y130.672 Z33.250 E11844.91831
G1 X93.311 Y130.952 Z33.254 E11846.51305
G1 X92.062 Y131.226 Z33.258 E11848.10763
G1 X90.802 Y131.444 Z33.262 E11849.70237
G1 X89.541 Y131.651 Z33.266 E11851.29682
G1 X88.272 Y131.807 Z33.270 E11852.89156
G1 X87.001 Y131.946 Z33.275 E11854.48592
G1 X85.726 Y132.040 Z33.279 E11856.08066
G1 X84.449 Y132.110 Z33.283 E11857.67495
G1 X83.171 Y132.142 Z33.287 E11859.26970
G1 X81.893 Y132.143 Z33.291 E11860.86396
G1 X80.615 Y132.112 Z33.295 E11862.45871
G1 X79.338 Y132.045 Z33.299 E11864.05298
G1 X78.063 Y131.951 Z33.303 E11865.64773
G1 X76.792 Y131.815 Z33.307 E11867.24204
G1 X75.523 Y131.659 Z33.311 E11868.83679
G1 X74.261 Y131.455 Z33.316 E11870.43118
G1 X73.001 Y131.237 Z33.320 E11872.02592
G1 X71.754 Y130.956 Z33.324 E11873.62023
G1 X70.509 Y130.664 Z33.328 E11875.21486
G1 X69.273 Y130.337 Z33.332 E11876.80945
G1 X68.039 Y130.005 Z33.336 E11878.40399
G1 X66.825 Y129.604 Z33.340 E11879.99873
G1 X65.614 Y129.195 Z33.344 E11881.59326
G1 X64.421 Y128.734 Z33.348 E11883.18800
G1 X63.233 Y128.261 Z33.352 E11884.78241
G1 X62.064 Y127.743 Z33.357 E11886.37716
G1 X60.904 Y127.207 Z33.361 E11887.97149
G1 X59.762 Y126.632 Z33.365 E11889.56623
G1 X58.632 Y126.034 Z33.369 E11891.16051
G1 X57.520 Y125.404 Z33.373 E11892.75526
G1 X56.423 Y124.747 Z33.377 E11894.34952
G1 X55.343 Y124.062 Z33.381 E11895.94427
G1 X54.284 Y123.347 Z33.385 E11897.53855
G1 X53.238 Y122.611 Z33.389 E11899.13330
G1 X52.219 Y121.840 Z33.393 E11900.72763
G1 X51.211 Y121.053 Z33.398 E11902.32238
G1 X50.234 Y120.228 Z33.402 E11903.91680
G1 X49.266 Y119.393 Z33.406 E11905.51154
G1 X48.335 Y118.517 Z33.410 E11907.10609
G1 X47.409 Y117.635 Z33.414 E11908.70083
G1 X46.526 Y116.710 Z33.418 E11910.29553
G1 X45.648 Y115.781 Z33.422 E11911.89015
G1 X44.813 Y114.813 Z33.426 E11913.48490
G1 X43.986 Y113.839 Z33.430 E11915.07938
G1 X43.199 Y112.831 Z33.434 E11916.67413
G1 X42.425 Y111.813 Z33.439 E11918.26851
G1 X41.689 Y110.768 Z33.443 E11919.86325
G1 X40.971 Y109.710 Z33.447 E11921.45756
G1 X40.287 Y108.630 Z33.451 E11923.05231
G1 X39.627 Y107.535 Z33.455 E11924.64658
G1 X38.997 Y106.423 Z33.459 E11926.24132
G1 X38.396 Y105.294 Z33.463 E11927.83559
G1 X37.821 Y104.152 Z33.467 E11929.43033
G1 X37.282 Y102.993 Z33.471 E11931.02463
G1 X36.764 Y101.824 Z33.475 E11932.61938
G1 X36.288 Y100.638 Z33.480 E11934.21374
G1 X35.828 Y99.445 Z33.484 E11935.80848
G1 X35.416 Y98.235 Z33.488 E11937.40294
G1 X35.015 Y97.021 Z33.492 E11938.99769
G1 X34.669 Y95.790 Z33.496 E11940.59228
G1 X34.328 Y94.558 Z33.500 E11942.18701
G1 X34.048 Y93.310 Z33.504 E11943.78176
G1 X33.775 Y92.061 Z33.508 E11945.37632
G1 X33.556 Y90.801 Z33.512 E11946.97106
G1 X33.349 Y89.540 Z33.516 E11948.56550
G1 X33.193 Y88.271 Z33.520 E11950.16025
G1 X33.054 Y87.000 Z33.525 E11951.75460
G1 X32.960 Y85.725 Z33.529 E11953.34935
G1 X32.890 Y84.449 Z33.533 E11954.94364
G1 X32.858 Y83.171 Z33.537 E11956.53838
G1 X32.857 Y81.892 Z33.541 E11958.13265
G1 X32.888 Y80.614 Z33.545 E11959.72739
G1 X32.955 Y79.338 Z33.549 E11961.32167
G1 X33.049 Y78.063 Z33.553 E11962.91641
G1 X33.185 Y76.791 Z33.557 E11964.51073
G1 X33.341 Y75.522 Z33.561 E11966.10547
G1 X33.545 Y74.260 Z33.566 E11967.69986
G1 X33.763 Y73.001 Z33.570 E11969.29461
G1 X34.034 Y71.751 Z33.574 E11970.88911
G1 X34.315 Y70.504 Z33.578 E11972.48385
G1 X34.652 Y69.271 Z33.582 E11974.07849
G1 X34.995 Y68.039 Z33.586 E11975.67317
G1 X35.396 Y66.825 Z33.590 E11977.26792
G1 X35.805 Y65.614 Z33.594 E11978.86244
G1 X36.265 Y64.421 Z33.598 E11980.45719
G1 X36.739 Y63.233 Z33.602 E11982.05160
G1 X37.257 Y62.064 Z33.607 E11983.64635
G1 X37.793 Y60.904 Z33.611 E11985.24067
G1 X38.368 Y59.762 Z33.615 E11986.83542
G1 X38.966 Y58.632 Z33.619 E11988.42970
G1 X39.596 Y57.519 Z33.623 E11990.02444
G1 X40.253 Y56.423 Z33.627 E11991.61871
G1 X40.937 Y55.343 Z33.631 E11993.21345
G1 X41.653 Y54.284 Z33.635 E11994.80774
G1 X42.389 Y53.238 Z33.639 E11996.40248
G1 X43.160 Y52.219 Z33.643 E11997.99682
G1 X43.947 Y51.211 Z33.648 E11999.59156
G1 X44.772 Y50.234 Z33.652 E12001.18599
G1 X45.607 Y49.266 Z33.656 E12002.78073
G1 X46.483 Y48.335 Z33.660 E12004.37527
G1 X47.365 Y47.409 Z33.664 E12005.97002
G1 X48.290 Y46.526 Z33.668 E12007.56472
G1 X49.218 Y45.648 Z33.672 E12009.15934
G1 X50.187 Y44.813 Z33.676 E12010.75409
G1 X51.161 Y43.986 Z33.680 E12012.34857
G1 X52.169 Y43.199 Z33.684 E12013.94331
G1 X53.187 Y42.425 Z33.689 E12015.53769
G1 X54.232 Y41.689 Z33.693 E12017.13244
G1 X55.290 Y40.971 Z33.697 E12018.72675
G1 X56.370 Y40.287 Z33.701 E12020.32149
G1 X57.465 Y39.627 Z33.705 E12021.91576
G1 X58.577 Y38.997 Z33.709 E12023.51051
G1 X59.706 Y38.396 Z33.713 E12025.10478
G1 X60.848 Y37.821 Z33.717 E12026.69952
G1 X62.007 Y37.282 Z33.721 E12028.29382
G1 X63.176 Y36.764 Z33.725 E12029.88856
G1 X64.362 Y36.288 Z33.730 E12031.48293
G1 X65.555 Y35.828 Z33.734 E12033.07767
G1 X66.765 Y35.416 Z33.738 E12034.67213
G1 X67.979 Y35.015 Z33.742 E12036.26687
G1 X69.210 Y34.669 Z33.746 E12037.86146
G1 X70.442 Y34.328 Z33.750 E12039.45620
G1 X71.690 Y34.048 Z33.754 E12041.05094
G1 X72.938 Y33.774 Z33.758 E12042.64552
G1 X74.198 Y33.555 Z33.762 E12044.24026
G1 X75.460 Y33.349 Z33.766 E12045.83471
G1 X76.729 Y33.192 Z33.770 E12047.42945
G1 X78.000 Y33.054 Z33.775 E12049.02381
G1 X79.275 Y32.960 Z33.779 E12050.61855
G1 X80.551 Y32.890 Z33.783 E12052.21284
G1 X81.829 Y32.858 Z33.787 E12053.80759
G1 X83.107 Y32.857 Z33.791 E12055.40185
G1 X84.386 Y32.888 Z33.795 E12056.99660
G1 X85.662 Y32.955 Z33.799 E12058.59087
G1 X86.937 Y33.049 Z33.803 E12060.18562
G1 X88.208 Y33.185 Z33.807 E12061.77993
G1 X89.477 Y33.341 Z33.811 E12063.37468
G1 X90.739 Y33.545 Z33.816 E12064.96907
G1 X91.999 Y33.763 Z33.820 E12066.56381
G1 X93.249 Y34.034 Z33.824 E12068.15831
G1 X94.496 Y34.314 Z33.828 E12069.75306
G1 X95.729 Y34.652 Z33.832 E12071.34770
G1 X96.961 Y34.995 Z33.836 E12072.94238
G1 X98.175 Y35.396 Z33.840 E12074.53712
G1 X99.386 Y35.805 Z33.844 E12076.13165
G1 X100.579 Y36.265 Z33.848 E12077.72639
G1 X101.767 Y36.739 Z33.852 E12079.32080
G1 X102.936 Y37.257 Z33.857 E12080.91555
G1 X104.096 Y37.793 Z33.861 E12082.50988
G1 X105.238 Y38.368 Z33.865 E12084.10462
G1 X106.368 Y38.965 Z33.869 E12085.69890
G1 X107.480 Y39.596 Z33.873 E12087.29365
G1 X108.576 Y40.253 Z33.877 E12088.88791
G1 X109.657 Y40.937 Z33.881 E12090.48266
G1 X110.716 Y41.653 Z33.885 E12092.07694
G1 X111.761 Y42.389 Z33.889 E12093.67169
G1 X112.781 Y43.160 Z33.893 E12095.26602
G1 X113.789 Y43.947 Z33.898 E12096.86077
G1 X114.765 Y44.772 Z33.902 E12098.45519
G1 X115.734 Y45.607 Z33.906 E12100.04993
G1 X116.665 Y46.483 Z33.910 E12101.64448
G1 X117.591 Y47.365 Z33.914 E12103.23922
G1 X118.473 Y48.289 Z33.918 E12104.83392
G1 X119.352 Y49.218 Z33.922 E12106.42854
G1 X120.187 Y50.187 Z33.926 E12108.02329
G1 X121.014 Y51.161 Z33.930 E12109.61777
G1 X121.801 Y52.169 Z33.934 E12111.21252
G1 X122.575 Y53.187 Z33.939 E12112.80690
G1 X123.311 Y54.232 Z33.943 E12114.40164
G1 X124.029 Y55.290 Z33.947 E12115.99595
G1 X124.713 Y56.370 Z33.951 E12117.59070
G1 X125.373 Y57.464 Z33.955 E12119.18497
G1 X126.003 Y58.577 Z33.959 E12120.77971
G1 X126.604 Y59.705 Z33.963 E12122.37398
G1 X127.178 Y60.847 Z33.967 E12123.96872
G1 X127.718 Y62.006 Z33.971 E12125.56302
G1 X128.236 Y63.175 Z33.975 E12127.15776
G1 X128.712 Y64.362 Z33.980 E12128.75212
G1 X129.172 Y65.555 Z33.984 E12130.34686
G1 X129.584 Y66.765 Z33.988 E12131.94132
G1 X129.985 Y67.979 Z33.992 E12133.53606
G1 X130.331 Y69.210 Z33.996 E12135.13064
G1 X130.672 Y70.442 Z34.000 E12136.72539
;LAYER:33
;TYPE:WALL-OUTER
G1 X131.226 Y70.304 Z34.000 E12137.43713
G1 X131.509 Y71.566 Z34.004 E12139.05021
G1 X131.786 Y72.829 Z34.008 E12140.66311
G1 X132.007 Y74.104 Z34.012 E12142.27619
G1 X132.216 Y75.380 Z34.016 E12143.88897
G1 X132.375 Y76.663 Z34.020 E12145.50204
G1 X132.515 Y77.949 Z34.025 E12147.11473
G1 X132.611 Y79.238 Z34.029 E12148.72780
G1 X132.682 Y80.529 Z34.033 E12150.34039
G1 X132.713 Y81.822 Z34.037 E12151.95346
G1 X132.714 Y83.115 Z34.041 E12153.56607
G1 X132.682 Y84.408 Z34.045 E12155.17914
G1 X132.614 Y85.699 Z34.049 E12156.79174
G1 X132.519 Y86.989 Z34.053 E12158.40481
G1 X132.382 Y88.275 Z34.057 E12160.01745
G1 X132.224 Y89.558 Z34.061 E12161.63053
G1 X132.018 Y90.835 Z34.066 E12163.24324
G1 X131.797 Y92.109 Z34.070 E12164.85632
G1 X131.523 Y93.373 Z34.074 E12166.46914
G1 X131.239 Y94.635 Z34.078 E12168.08222
G1 X130.898 Y95.882 Z34.082 E12169.69518
G1 X130.551 Y97.128 Z34.086 E12171.30819
G1 X130.145 Y98.356 Z34.090 E12172.92127
G1 X129.731 Y99.581 Z34.094 E12174.53412
G1 X129.266 Y100.788 Z34.098 E12176.14720
G1 X128.787 Y101.989 Z34.102 E12177.75994
G1 X128.263 Y103.171 Z34.107 E12179.37301
G1 X127.721 Y104.345 Z34.111 E12180.98567
G1 X127.139 Y105.500 Z34.115 E12182.59874
G1 X126.534 Y106.643 Z34.119 E12184.21134
G1 X125.897 Y107.768 Z34.123 E12185.82442
G1 X125.232 Y108.877 Z34.127 E12187.43701
G1 X124.540 Y109.969 Z34.131 E12189.05008
G1 X123.816 Y111.041 Z34.135 E12190.66269
G1 X123.072 Y112.098 Z34.139 E12192.27576
G1 X122.292 Y113.129 Z34.143 E12193.88842
G1 X121.496 Y114.149 Z34.148 E12195.50150
G1 X120.661 Y115.137 Z34.152 E12197.11424
G1 X119.817 Y116.116 Z34.156 E12198.72732
G1 X118.931 Y117.058 Z34.160 E12200.34018
G1 X118.039 Y117.994 Z34.164 E12201.95326
G1 X117.103 Y118.887 Z34.168 E12203.56628
G1 X116.164 Y119.776 Z34.172 E12205.17923
G1 X115.184 Y120.621 Z34.176 E12206.79231
G1 X114.198 Y121.457 Z34.180 E12208.40512
G1 X113.179 Y122.253 Z34.184 E12210.01820
G1 X112.150 Y123.036 Z34.189 E12211.63090
G1 X111.092 Y123.780 Z34.193 E12213.24398
G1 X110.022 Y124.507 Z34.197 E12214.85661
G1 X108.930 Y125.198 Z34.201 E12216.46968
G1 X107.823 Y125.866 Z34.205 E12218.08228
G1 X106.697 Y126.503 Z34.209 E12219.69535
G1 X105.556 Y127.111 Z34.213 E12221.30794
G1 X104.401 Y127.692 Z34.217 E12222.92102
G1 X103.228 Y128.238 Z34.221 E12224.53364
G1 X102.046 Y128.762 Z34.225 E12226.14671
G1 X100.846 Y129.243 Z34.230 E12227.75940
G1 X99.639 Y129.709 Z34.234 E12229.37247
G1 X98.415 Y130.125 Z34.238 E12230.98525
G1 X97.187 Y130.531 Z34.242 E12232.59833
G1 X95.942 Y130.881 Z34.246 E12234.21124
G1 X94.696 Y131.226 Z34.250 E12235.82431
G1 X93.434 Y131.509 Z34.254 E12237.43739
G1 X92.171 Y131.786 Z34.258 E12239.05029
G1 X90.896 Y132.007 Z34.262 E12240.66336
G1 X89.620 Y132.216 Z34.266 E12242.27614
G1 X88.337 Y132.374 Z34.270 E12243.88921
G1 X87.051 Y132.514 Z34.275 E12245.50189
G1 X85.762 Y132.609 Z34.279 E12247.11496
G1 X84.471 Y132.681 Z34.283 E12248.72758
G1 X83.178 Y132.712 Z34.287 E12250.34066
G1 X81.885 Y132.714 Z34.291 E12251.95325
G1 X80.592 Y132.682 Z34.295 E12253.56632
G1 X79.301 Y132.614 Z34.299 E12255.17892
G1 X78.011 Y132.519 Z34.303 E12256.79199
G1 X76.725 Y132.382 Z34.307 E12258.40463
G1 X75.442 Y132.224 Z34.311 E12260.01770
G1 X74.165 Y132.018 Z34.316 E12261.63042
G1 X72.891 Y131.797 Z34.320 E12263.24349
G1 X71.629 Y131.516 Z34.324 E12264.85617
G1 X70.369 Y131.225 Z34.328 E12266.46916
G1 X69.120 Y130.890 Z34.332 E12268.08208
G1 X67.872 Y130.550 Z34.336 E12269.69498
G1 X66.644 Y130.145 Z34.340 E12271.30805
G1 X65.419 Y129.731 Z34.344 E12272.92091
G1 X64.212 Y129.266 Z34.348 E12274.53398
G1 X63.011 Y128.787 Z34.352 E12276.14672
G1 X61.829 Y128.263 Z34.357 E12277.75980
G1 X60.655 Y127.720 Z34.361 E12279.37245
G1 X59.500 Y127.139 Z34.365 E12280.98552
G1 X58.357 Y126.534 Z34.369 E12282.59813
G1 X57.232 Y125.897 Z34.373 E12284.21120
G1 X56.123 Y125.232 Z34.377 E12285.82379
G1 X55.030 Y124.540 Z34.381 E12287.43686
G1 X53.959 Y123.816 Z34.385 E12289.04947
G1 X52.901 Y123.071 Z34.389 E12290.66255
G1 X51.870 Y122.291 Z34.393 E12292.27521
G1 X50.851 Y121.496 Z34.398 E12293.88828
G1 X49.863 Y120.661 Z34.402 E12295.50103
G1 X48.884 Y119.816 Z34.406 E12297.11410
G1 X47.942 Y118.930 Z34.410 E12298.72697
G1 X47.005 Y118.038 Z34.414 E12300.34004
G1 X46.112 Y117.103 Z34.418 E12301.95306
G1 X45.224 Y116.163 Z34.422 E12303.56602
G1 X44.379 Y115.184 Z34.426 E12305.17909
G1 X43.542 Y114.198 Z34.430 E12306.79191
G1 X42.747 Y113.179 Z34.434 E12308.40498
G1 X41.964 Y112.149 Z34.439 E12310.01769
G1 X41.220 Y111.092 Z34.443 E12311.63076
G1 X40.493 Y110.022 Z34.447 E12313.24339
G1 X39.802 Y108.929 Z34.451 E12314.85647
G1 X39.134 Y107.822 Z34.455 E12316.46906
G1 X38.496 Y106.697 Z34.459 E12318.08214
G1 X37.889 Y105.556 Z34.463 E12319.69473
G1 X37.308 Y104.400 Z34.467 E12321.30780
G1 X36.762 Y103.228 Z34.471 E12322.92042
G1 X36.238 Y102.046 Z34.475 E12324.53350
G1 X35.757 Y100.846 Z34.480 E12326.14618
G1 X35.291 Y99.639 Z34.484 E12327.75926
G1 X34.875 Y98.415 Z34.488 E12329.37204
G1 X34.469 Y97.187 Z34.492 E12330.98511
G1 X34.119 Y95.942 Z34.496 E12332.59803
G1 X33.774 Y94.695 Z34.500 E12334.21110
G1 X33.491 Y93.434 Z34.504 E12335.82417
G1 X33.214 Y92.170 Z34.508 E12337.43707
G1 X32.993 Y90.896 Z34.512 E12339.05015
G1 X32.784 Y89.620 Z34.516 E12340.66292
G1 X32.626 Y88.337 Z34.520 E12342.27600
G1 X32.486 Y87.051 Z34.525 E12343.88867
G1 X32.390 Y85.761 Z34.529 E12345.50175
G1 X32.319 Y84.470 Z34.533 E12347.11437
G1 X32.288 Y83.177 Z34.537 E12348.72744
G1 X32.286 Y81.885 Z34.541 E12350.34003
G1 X32.318 Y80.592 Z34.545 E12351.95310
G1 X32.386 Y79.301 Z34.549 E12353.56570
G1 X32.481 Y78.011 Z34.553 E12355.17877
G1 X32.618 Y76.725 Z34.557 E12356.79141
G1 X32.776 Y75.441 Z34.561 E12358.40449
G1 X32.982 Y74.165 Z34.566 E12360.01720
G1 X33.203 Y72.891 Z34.570 E12361.63028
G1 X33.477 Y71.627 Z34.574 E12363.24310
G1 X33.761 Y70.365 Z34.578 E12364.85617
G1 X34.102 Y69.118 Z34.582 E12366.46914
G1 X34.450 Y67.872 Z34.586 E12368.08215
G1 X34.855 Y66.644 Z34.590 E12369.69522
G1 X35.269 Y65.419 Z34.594 E12371.30808
G1 X35.734 Y64.212 Z34.598 E12372.92115
G1 X36.213 Y63.011 Z34.602 E12374.53389
G1 X36.737 Y61.829 Z34.607 E12376.14697
G1 X37.280 Y60.655 Z34.611 E12377.75962
G1 X37.861 Y59.500 Z34.615 E12379.37269
G1 X38.466 Y58.357 Z34.619 E12380.98530
G1 X39.103 Y57.232 Z34.623 E12382.59837
G1 X39.768 Y56.123 Z34.627 E12384.21096
G1 X40.460 Y55.030 Z34.631 E12385.82403
G1 X41.184 Y53.959 Z34.635 E12387.43664
G1 X41.929 Y52.902 Z34.639 E12389.04972
G1 X42.709 Y51.870 Z34.643 E12390.66238
G1 X43.504 Y50.851 Z34.648 E12392.27545
G1 X44.339 Y49.863 Z34.652 E12393.88820
G1 X45.184 Y48.884 Z34.656 E12395.50127
G1 X46.070 Y47.942 Z34.660 E12397.11414
G1 X46.962 Y47.005 Z34.664 E12398.72721
G1 X47.897 Y46.112 Z34.668 E12400.34023
G1 X48.837 Y45.224 Z34.672 E12401.95319
G1 X49.816 Y44.379 Z34.676 E12403.56626
G1 X50.802 Y43.542 Z34.680 E12405.17908
G1 X51.821 Y42.747 Z34.684 E12406.79215
G1 X52.851 Y41.964 Z34.689 E12408.40486
G1 X53.908 Y41.220 Z34.693 E12410.01793
G1 X54.978 Y40.493 Z34.697 E12411.63056
G1 X56.071 Y39.802 Z34.701 E12413.24364
G1 X57.178 Y39.134 Z34.705 E12414.85623
G1 X58.303 Y38.496 Z34.709 E12416.46931
G1 X59.444 Y37.889 Z34.713 E12418.08190
G1 X60.600 Y37.308 Z34.717 E12419.69497
G1 X61.772 Y36.762 Z34.721 E12421.30759
G1 X62.954 Y36.238 Z34.725 E12422.92067
G1 X64.154 Y35.757 Z34.730 E12424.53335
G1 X65.361 Y35.291 Z34.734 E12426.14643
G1 X66.585 Y34.875 Z34.738 E12427.75921
G1 X67.813 Y34.469 Z34.742 E12429.37228
G1 X69.058 Y34.119 Z34.746 E12430.98520
G1 X70.304 Y33.774 Z34.750 E12432.59827
G1 X71.566 Y33.491 Z34.754 E12434.21134
G1 X72.829 Y33.214 Z34.758 E12435.82424
G1 X74.104 Y32.993 Z34.762 E12437.43732
G1 X75.380 Y32.784 Z34.766 E12439.05009
G1 X76.663 Y32.626 Z34.770 E12440.66317
G1 X77.949 Y32.486 Z34.775 E12442.27584
G1 X79.239 Y32.390 Z34.779 E12443.88892
G1 X80.530 Y32.319 Z34.783 E12445.50154
G1 X81.822 Y32.288 Z34.787 E12447.11461
G1 X83.115 Y32.286 Z34.791 E12448.72720
G1 X84.408 Y32.318 Z34.795 E12450.34027
G1 X85.699 Y32.386 Z34.799 E12451.95287
G1 X86.989 Y32.481 Z34.803 E12453.56595
G1 X88.275 Y32.618 Z34.807 E12455.17858
G1 X89.558 Y32.776 Z34.811 E12456.79166
G1 X90.835 Y32.982 Z34.816 E12458.40437
G1 X92.109 Y33.203 Z34.820 E12460.01745
G1 X93.373 Y33.477 Z34.824 E12461.63027
G1 X94.635 Y33.761 Z34.828 E12463.24334
G1 X95.882 Y34.102 Z34.832 E12464.85631
G1 X97.128 Y34.450 Z34.836 E12466.46932
G1 X98.356 Y34.855 Z34.840 E12468.08239
G1 X99.581 Y35.269 Z34.844 E12469.69525
G1 X100.788 Y35.734 Z34.848 E12471.30832
G1 X101.989 Y36.213 Z34.852 E12472.92106
G1 X103.171 Y36.737 Z34.857 E12474.53414
G1 X104.345 Y37.280 Z34.861 E12476.14679
G1 X105.500 Y37.861 Z34.865 E12477.75986
G1 X106.643 Y38.466 Z34.869 E12479.37247
G1 X107.768 Y39.103 Z34.873 E12480.98554
G1 X108.877 Y39.768 Z34.877 E12482.59813
G1 X109.970 Y40.460 Z34.881 E12484.21121
G1 X111.041 Y41.184 Z34.885 E12485.82381
G1 X112.098 Y41.929 Z34.889 E12487.43689
G1 X113.130 Y42.709 Z34.893 E12489.04955
G1 X114.149 Y43.504 Z34.898 E12490.66262
G1 X115.137 Y44.339 Z34.902 E12492.27537
G1 X116.116 Y45.183 Z34.906 E12493.88844
G1 X117.058 Y46.070 Z34.910 E12495.50131
G1 X117.995 Y46.961 Z34.914 E12497.11438
G1 X118.887 Y47.897 Z34.918 E12498.72740
G1 X119.776 Y48.837 Z34.922 E12500.34036
G1 X120.621 Y49.816 Z34.926 E12501.95343
G1 X121.458 Y50.802 Z34.930 E12503.56625
G1 X122.253 Y51.821 Z34.934 E12505.17932
G1 X123.036 Y52.851 Z34.939 E12506.79203
G1 X123.780 Y53.908 Z34.943 E12508.40510
G1 X124.507 Y54.978 Z34.947 E12510.01773
G1 X125.198 Y56.070 Z34.951 E12511.63081
G1 X125.866 Y57.178 Z34.955 E12513.24340
G1 X126.504 Y58.303 Z34.959 E12514.85648
G1 X127.111 Y59.444 Z34.963 E12516.46907
G1 X127.692 Y60.600 Z34.967 E12518.08214
G1 X128.238 Y61.772 Z34.971 E12519.69476
G1 X128.762 Y62.954 Z34.975 E12521.30783
G1 X129.243 Y64.154 Z34.980 E12522.92052
G1 X129.709 Y65.361 Z34.984 E12524.53359
G1 X130.125 Y66.585 Z34.988 E12526.14637
G1 X130.531 Y67.813 Z34.992 E12527.75944
G1 X130.881 Y69.058 Z34.996 E12529.37235
G1 X131.226 Y70.304 Z35.000 E12530.98543
;LAYER:34
;TYPE:WALL-OUTER
G1 X131.763 Y70.170 Z35.000 E12531.67659
G1 X132.050 Y71.446 Z35.004 E12533.30746
G1 X132.330 Y72.723 Z35.008 E12534.93817
G1 X132.553 Y74.011 Z35.012 E12536.56904
G1 X132.765 Y75.301 Z35.016 E12538.19962
G1 X132.925 Y76.599 Z35.020 E12539.83049
G1 X133.067 Y77.898 Z35.025 E12541.46097
G1 X133.164 Y79.202 Z35.029 E12543.09184
G1 X133.236 Y80.508 Z35.033 E12544.72221
G1 X133.267 Y81.815 Z35.037 E12546.35308
G1 X133.268 Y83.122 Z35.041 E12547.98348
G1 X133.236 Y84.429 Z35.045 E12549.61435
G1 X133.167 Y85.734 Z35.049 E12551.24474
G1 X133.071 Y87.038 Z35.053 E12552.87561
G1 X132.932 Y88.338 Z35.057 E12554.50604
G1 X132.772 Y89.636 Z35.061 E12556.13692
G1 X132.564 Y90.927 Z35.066 E12557.76743
G1 X132.341 Y92.215 Z35.070 E12559.39830
G1 X132.063 Y93.493 Z35.074 E12561.02892
G1 X131.777 Y94.768 Z35.078 E12562.65979
G1 X131.432 Y96.030 Z35.082 E12564.29055
G1 X131.081 Y97.289 Z35.086 E12565.92136
G1 X130.670 Y98.531 Z35.090 E12567.55223
G1 X130.252 Y99.769 Z35.094 E12569.18289
G1 X129.782 Y100.989 Z35.098 E12570.81376
G1 X129.298 Y102.204 Z35.102 E12572.44429
G1 X128.768 Y103.399 Z35.107 E12574.07517
G1 X128.220 Y104.586 Z35.111 E12575.70562
G1 X127.631 Y105.754 Z35.115 E12577.33649
G1 X127.020 Y106.909 Z35.119 E12578.96689
G1 X126.376 Y108.047 Z35.123 E12580.59776
G1 X125.703 Y109.168 Z35.127 E12582.22814
G1 X125.004 Y110.272 Z35.131 E12583.85901
G1 X124.272 Y111.356 Z35.135 E12585.48941
G1 X123.519 Y112.425 Z35.139 E12587.12028
G1 X122.731 Y113.467 Z35.143 E12588.75073
G1 X121.926 Y114.498 Z35.148 E12590.38160
G1 X121.083 Y115.497 Z35.152 E12592.01214
G1 X120.228 Y116.487 Z35.156 E12593.64301
G1 X119.332 Y117.439 Z35.160 E12595.27367
G1 X118.431 Y118.386 Z35.164 E12596.90454
G1 X117.485 Y119.289 Z35.168 E12598.53536
G1 X116.535 Y120.187 Z35.172 E12600.16611
G1 X115.545 Y121.041 Z35.176 E12601.79698
G1 X114.548 Y121.887 Z35.180 E12603.42760
G1 X113.517 Y122.692 Z35.184 E12605.05847
G1 X112.477 Y123.483 Z35.189 E12606.68897
G1 X111.408 Y124.236 Z35.193 E12608.31984
G1 X110.326 Y124.970 Z35.197 E12609.95027
G1 X109.221 Y125.669 Z35.201 E12611.58114
G1 X108.102 Y126.345 Z35.205 E12613.21153
G1 X106.964 Y126.989 Z35.209 E12614.84240
G1 X105.810 Y127.603 Z35.213 E12616.47279
G1 X104.642 Y128.191 Z35.217 E12618.10366
G1 X103.457 Y128.742 Z35.221 E12619.73407
G1 X102.262 Y129.272 Z35.225 E12621.36494
G1 X101.048 Y129.759 Z35.230 E12622.99542
G1 X99.828 Y130.229 Z35.234 E12624.62629
G1 X98.591 Y130.651 Z35.238 E12626.25686
G1 X97.349 Y131.061 Z35.242 E12627.88773
G1 X96.091 Y131.415 Z35.246 E12629.51844
G1 X94.830 Y131.763 Z35.250 E12631.14931
G1 X93.555 Y132.050 Z35.254 E12632.78018
G1 X92.277 Y132.330 Z35.258 E12634.41089
G1 X90.989 Y132.553 Z35.262 E12636.04176
G1 X89.699 Y132.765 Z35.266 E12637.67233
G1 X88.401 Y132.924 Z35.270 E12639.30320
G1 X87.102 Y133.066 Z35.275 E12640.93368
G1 X85.798 Y133.162 Z35.279 E12642.56455
G1 X84.492 Y133.234 Z35.283 E12644.19496
G1 X83.185 Y133.266 Z35.287 E12645.82583
G1 X81.878 Y133.268 Z35.291 E12647.45621
G1 X80.571 Y133.236 Z35.295 E12649.08709
G1 X79.266 Y133.167 Z35.299 E12650.71747
G1 X77.962 Y133.071 Z35.303 E12652.34835
G1 X76.662 Y132.932 Z35.307 E12653.97878
G1 X75.364 Y132.772 Z35.311 E12655.60965
G1 X74.073 Y132.564 Z35.316 E12657.24015
G1 X72.785 Y132.340 Z35.320 E12658.87102
G1 X71.508 Y132.062 Z35.324 E12660.50160
G1 X70.232 Y131.773 Z35.328 E12662.13244
G1 X68.971 Y131.430 Z35.332 E12663.76318
G1 X67.711 Y131.081 Z35.336 E12665.39396
G1 X66.469 Y130.670 Z35.340 E12667.02484
G1 X65.231 Y130.252 Z35.344 E12668.65549
G1 X64.011 Y129.782 Z35.348 E12670.28636
G1 X62.796 Y129.298 Z35.352 E12671.91690
G1 X61.601 Y128.768 Z35.357 E12673.54777
G1 X60.414 Y128.219 Z35.361 E12675.17822
G1 X59.246 Y127.631 Z35.365 E12676.80909
G1 X58.091 Y127.020 Z35.369 E12678.43949
G1 X56.953 Y126.376 Z35.373 E12680.07036
G1 X55.832 Y125.703 Z35.377 E12681.70074
G1 X54.728 Y125.004 Z35.381 E12683.33161
G1 X53.644 Y124.272 Z35.385 E12684.96201
G1 X52.575 Y123.519 Z35.389 E12686.59288
G1 X51.533 Y122.731 Z35.393 E12688.22333
G1 X50.502 Y121.926 Z35.398 E12689.85421
G1 X49.503 Y121.083 Z35.402 E12691.48474
G1 X48.513 Y120.228 Z35.406 E12693.11562
G1 X47.561 Y119.332 Z35.410 E12694.74627
G1 X46.614 Y118.431 Z35.414 E12696.37715
G1 X45.711 Y117.485 Z35.418 E12698.00796
G1 X44.813 Y116.535 Z35.422 E12699.63872
G1 X43.959 Y115.545 Z35.426 E12701.26959
G1 X43.113 Y114.548 Z35.430 E12702.90020
G1 X42.308 Y113.517 Z35.434 E12704.53107
G1 X41.517 Y112.477 Z35.439 E12706.16157
G1 X40.764 Y111.407 Z35.443 E12707.79245
G1 X40.030 Y110.326 Z35.447 E12709.42287
G1 X39.331 Y109.221 Z35.451 E12711.05375
G1 X38.655 Y108.102 Z35.455 E12712.68413
G1 X38.011 Y106.964 Z35.459 E12714.31501
G1 X37.397 Y105.810 Z35.463 E12715.94539
G1 X36.809 Y104.642 Z35.467 E12717.57626
G1 X36.258 Y103.457 Z35.471 E12719.20667
G1 X35.728 Y102.261 Z35.475 E12720.83754
G1 X35.241 Y101.048 Z35.480 E12722.46802
G1 X34.771 Y99.828 Z35.484 E12724.09889
G1 X34.349 Y98.591 Z35.488 E12725.72947
G1 X33.939 Y97.349 Z35.492 E12727.36034
G1 X33.585 Y96.091 Z35.496 E12728.99104
G1 X33.237 Y94.830 Z35.500 E12730.62191
G1 X32.950 Y93.554 Z35.504 E12732.25279
G1 X32.670 Y92.277 Z35.508 E12733.88349
G1 X32.447 Y90.989 Z35.512 E12735.51436
G1 X32.235 Y89.699 Z35.516 E12737.14493
G1 X32.076 Y88.401 Z35.520 E12738.77581
G1 X31.934 Y87.102 Z35.525 E12740.40628
G1 X31.838 Y85.798 Z35.529 E12742.03715
G1 X31.766 Y84.492 Z35.533 E12743.66756
G1 X31.734 Y83.185 Z35.537 E12745.29843
G1 X31.732 Y81.878 Z35.541 E12746.92882
G1 X31.764 Y80.571 Z35.545 E12748.55969
G1 X31.833 Y79.265 Z35.549 E12750.19008
G1 X31.929 Y77.961 Z35.553 E12751.82095
G1 X32.068 Y76.662 Z35.557 E12753.45138
G1 X32.228 Y75.364 Z35.561 E12755.08225
G1 X32.436 Y74.073 Z35.566 E12756.71276
G1 X32.660 Y72.785 Z35.570 E12758.34363
G1 X32.937 Y71.507 Z35.574 E12759.97424
G1 X33.223 Y70.231 Z35.578 E12761.60511
G1 X33.568 Y68.970 Z35.582 E12763.23587
G1 X33.919 Y67.711 Z35.586 E12764.86668
G1 X34.330 Y66.469 Z35.590 E12766.49755
G1 X34.748 Y65.231 Z35.594 E12768.12821
G1 X35.218 Y64.011 Z35.598 E12769.75908
G1 X35.702 Y62.796 Z35.602 E12771.38962
G1 X36.232 Y61.601 Z35.607 E12773.02049
G1 X36.781 Y60.414 Z35.611 E12774.65094
G1 X37.369 Y59.246 Z35.615 E12776.28181
G1 X37.980 Y58.091 Z35.619 E12777.91221
G1 X38.624 Y56.953 Z35.623 E12779.54308
G1 X39.297 Y55.832 Z35.627 E12781.17346
G1 X39.996 Y54.728 Z35.631 E12782.80433
G1 X40.728 Y53.644 Z35.635 E12784.43473
G1 X41.481 Y52.575 Z35.639 E12786.06560
G1 X42.269 Y51.533 Z35.643 E12787.69605
G1 X43.074 Y50.502 Z35.648 E12789.32693
G1 X43.918 Y49.503 Z35.652 E12790.95746
G1 X44.772 Y48.513 Z35.656 E12792.58834
G1 X45.668 Y47.561 Z35.660 E12794.21899
G1 X46.569 Y46.614 Z35.664 E12795.84987
G1 X47.515 Y45.711 Z35.668 E12797.48068
G1 X48.465 Y44.813 Z35.672 E12799.11143
G1 X49.455 Y43.959 Z35.676 E12800.74231
G1 X50.452 Y43.113 Z35.680 E12802.37292
G1 X51.483 Y42.308 Z35.684 E12804.00379
G1 X52.523 Y41.517 Z35.689 E12805.63429
G1 X53.593 Y40.764 Z35.693 E12807.26517
G1 X54.674 Y40.030 Z35.697 E12808.89559
G1 X55.779 Y39.331 Z35.701 E12810.52647
G1 X56.898 Y38.655 Z35.705 E12812.15685
G1 X58.036 Y38.011 Z35.709 E12813.78773
G1 X59.190 Y37.397 Z35.713 E12815.41811
G1 X60.358 Y36.809 Z35.717 E12817.04898
G1 X61.543 Y36.258 Z35.721 E12818.67939
G1 X62.739 Y35.728 Z35.725 E12820.31026
G1 X63.952 Y35.241 Z35.730 E12821.94074
G1 X65.172 Y34.771 Z35.734 E12823.57161
G1 X66.409 Y34.349 Z35.738 E12825.20219
G1 X67.651 Y33.939 Z35.742 E12826.83306
G1 X68.909 Y33.585 Z35.746 E12828.46376
G1 X70.170 Y33.237 Z35.750 E12830.09463
G1 X71.446 Y32.950 Z35.754 E12831.72551
G1 X72.723 Y32.670 Z35.758 E12833.35621
G1 X74.011 Y32.447 Z35.762 E12834.98708
G1 X75.301 Y32.235 Z35.766 E12836.61765
G1 X76.599 Y32.076 Z35.770 E12838.24853
G1 X77.898 Y31.934 Z35.775 E12839.87900
G1 X79.202 Y31.838 Z35.779 E12841.50987
G1 X80.508 Y31.766 Z35.783 E12843.14028
G1 X81.815 Y31.734 Z35.787 E12844.77115
G1 X83.122 Y31.732 Z35.791 E12846.40154
G1 X84.429 Y31.764 Z35.795 E12848.03241
G1 X85.735 Y31.833 Z35.799 E12849.66280
G1 X87.039 Y31.929 Z35.803 E12851.29367
G1 X88.338 Y32.068 Z35.807 E12852.92410
G1 X89.636 Y32.228 Z35.811 E12854.55497
G1 X90.927 Y32.436 Z35.816 E12856.18547
G1 X92.215 Y32.660 Z35.820 E12857.81635
G1 X93.493 Y32.937 Z35.824 E12859.44696
G1 X94.769 Y33.223 Z35.828 E12861.07783
G1 X96.030 Y33.568 Z35.832 E12862.70859
G1 X97.289 Y33.919 Z35.836 E12864.33940
G1 X98.531 Y34.330 Z35.840 E12865.97027
G1 X99.769 Y34.748 Z35.844 E12867.60093
G1 X100.989 Y35.218 Z35.848 E12869.23180
G1 X102.204 Y35.702 Z35.852 E12870.86234
G1 X103.399 Y36.232 Z35.857 E12872.49321
G1 X104.586 Y36.781 Z35.861 E12874.12366
G1 X105.754 Y37.369 Z35.865 E12875.75453
G1 X106.909 Y37.980 Z35.869 E12877.38493
G1 X108.047 Y38.624 Z35.873 E12879.01580
G1 X109.168 Y39.297 Z35.877 E12880.64618
G1 X110.273 Y39.996 Z35.881 E12882.27705
G1 X111.356 Y40.728 Z35.885 E12883.90745
G1 X112.425 Y41.481 Z35.889 E12885.53832
G1 X113.467 Y42.269 Z35.893 E12887.16877
G1 X114.498 Y43.074 Z35.898 E12888.79965
G1 X115.497 Y43.918 Z35.902 E12890.43018
G1 X116.487 Y44.772 Z35.906 E12892.06105
G1 X117.439 Y45.668 Z35.910 E12893.69171
G1 X118.386 Y46.569 Z35.914 E12895.32258
G1 X119.289 Y47.515 Z35.918 E12896.95340
G1 X120.187 Y48.465 Z35.922 E12898.58415
G1 X121.041 Y49.455 Z35.926 E12900.21503
G1 X121.887 Y50.452 Z35.930 E12901.84564
G1 X122.692 Y51.483 Z35.934 E12903.47651
G1 X123.483 Y52.523 Z35.939 E12905.10701
G1 X124.236 Y53.593 Z35.943 E12906.73788
G1 X124.970 Y54.674 Z35.947 E12908.36831
G1 X125.669 Y55.779 Z35.951 E12909.99918
G1 X126.345 Y56.898 Z35.955 E12911.62957
G1 X126.989 Y58.036 Z35.959 E12913.26044
G1 X127.603 Y59.190 Z35.963 E12914.89083
G1 X128.191 Y60.358 Z35.967 E12916.52170
G1 X128.742 Y61.543 Z35.971 E12918.15211
G1 X129.272 Y62.739 Z35.975 E12919.78298
G1 X129.759 Y63.952 Z35.980 E12921.41346
G1 X130.229 Y65.172 Z35.984 E12923.04433
G1 X130.651 Y66.409 Z35.988 E12924.67490
G1 X131.061 Y67.651 Z35.992 E12926.30577
G1 X131.415 Y68.909 Z35.996 E12927.93648
G1 X131.763 Y70.170 Z36.000 E12929.56735
;LAYER:35
;TYPE:WALL-OUTER
G1 X132.285 Y70.039 Z36.000 E12930.23750
G1 X132.574 Y71.329 Z36.004 E12931.88562
G1 X132.857 Y72.619 Z36.008 E12933.53358
G1 X133.083 Y73.921 Z36.012 E12935.18171
G1 X133.297 Y75.225 Z36.016 E12936.82954
G1 X133.458 Y76.536 Z36.020 E12938.47767
G1 X133.601 Y77.850 Z36.025 E12940.12540
G1 X133.700 Y79.167 Z36.029 E12941.77352
G1 X133.773 Y80.486 Z36.033 E12943.42115
G1 X133.804 Y81.807 Z36.037 E12945.06927
G1 X133.805 Y83.128 Z36.041 E12946.71692
G1 X133.772 Y84.449 Z36.045 E12948.36504
G1 X133.703 Y85.769 Z36.049 E12950.01268
G1 X133.606 Y87.086 Z36.053 E12951.66081
G1 X133.466 Y88.400 Z36.057 E12953.30849
G1 X133.304 Y89.711 Z36.061 E12954.95662
G1 X133.094 Y91.016 Z36.066 E12956.60438
G1 X132.868 Y92.318 Z36.070 E12958.25251
G1 X132.588 Y93.609 Z36.074 E12959.90038
G1 X132.298 Y94.898 Z36.078 E12961.54850
G1 X131.949 Y96.173 Z36.082 E12963.19652
G1 X131.595 Y97.445 Z36.086 E12964.84458
G1 X131.180 Y98.700 Z36.090 E12966.49271
G1 X130.758 Y99.952 Z36.094 E12968.14062
G1 X130.282 Y101.185 Z36.098 E12969.78875
G1 X129.793 Y102.412 Z36.102 E12971.43654
G1 X129.257 Y103.620 Z36.107 E12973.08466
G1 X128.703 Y104.819 Z36.111 E12974.73236
G1 X128.109 Y106.000 Z36.115 E12976.38049
G1 X127.491 Y107.167 Z36.119 E12978.02814
G1 X126.840 Y108.317 Z36.123 E12979.67627
G1 X126.161 Y109.450 Z36.127 E12981.32390
G1 X125.453 Y110.566 Z36.131 E12982.97203
G1 X124.714 Y111.661 Z36.135 E12984.61968
G1 X123.953 Y112.741 Z36.139 E12986.26780
G1 X123.156 Y113.795 Z36.143 E12987.91550
G1 X122.343 Y114.836 Z36.148 E12989.56363
G1 X121.491 Y115.846 Z36.152 E12991.21142
G1 X120.628 Y116.846 Z36.156 E12992.85955
G1 X119.722 Y117.809 Z36.160 E12994.50746
G1 X118.811 Y118.765 Z36.164 E12996.15558
G1 X117.855 Y119.678 Z36.168 E12997.80365
G1 X116.895 Y120.586 Z36.172 E12999.45166
G1 X115.895 Y121.449 Z36.176 E13001.09979
G1 X114.887 Y122.304 Z36.180 E13002.74766
G1 X113.845 Y123.117 Z36.184 E13004.39578
G1 X112.794 Y123.916 Z36.189 E13006.04354
G1 X111.713 Y124.677 Z36.193 E13007.69167
G1 X110.621 Y125.419 Z36.197 E13009.33935
G1 X109.504 Y126.126 Z36.201 E13010.98747
G1 X108.373 Y126.808 Z36.205 E13012.63511
G1 X107.223 Y127.460 Z36.209 E13014.28324
G1 X106.057 Y128.080 Z36.213 E13015.93087
G1 X104.877 Y128.674 Z36.217 E13017.57900
G1 X103.679 Y129.231 Z36.221 E13019.22666
G1 X102.471 Y129.767 Z36.225 E13020.87479
G1 X101.245 Y130.259 Z36.230 E13022.52252
G1 X100.012 Y130.734 Z36.234 E13024.17064
G1 X98.761 Y131.160 Z36.238 E13025.81847
G1 X97.506 Y131.574 Z36.242 E13027.46660
G1 X96.234 Y131.932 Z36.246 E13029.11455
G1 X94.961 Y132.284 Z36.250 E13030.76268
G1 X93.672 Y132.574 Z36.254 E13032.41081
G1 X92.381 Y132.857 Z36.258 E13034.05877
G1 X91.079 Y133.083 Z36.262 E13035.70689
G1 X89.775 Y133.296 Z36.266 E13037.35472
G1 X88.464 Y133.458 Z36.270 E13039.00285
G1 X87.150 Y133.601 Z36.275 E13040.65057
G1 X85.833 Y133.698 Z36.279 E13042.29870
G1 X84.514 Y133.771 Z36.283 E13043.94636
G1 X83.193 Y133.803 Z36.287 E13045.59449
G1 X81.872 Y133.805 Z36.291 E13047.24212
G1 X80.551 Y133.772 Z36.295 E13048.89025
G1 X79.231 Y133.703 Z36.299 E13050.53789
G1 X77.914 Y133.606 Z36.303 E13052.18602
G1 X76.600 Y133.466 Z36.307 E13053.83370
G1 X75.289 Y133.304 Z36.311 E13055.48182
G1 X73.984 Y133.094 Z36.316 E13057.12958
G1 X72.682 Y132.868 Z36.320 E13058.77771
G1 X71.391 Y132.588 Z36.324 E13060.42557
G1 X70.102 Y132.298 Z36.328 E13062.07370
G1 X68.827 Y131.949 Z36.332 E13063.72171
G1 X67.554 Y131.595 Z36.336 E13065.36978
G1 X66.300 Y131.180 Z36.340 E13067.01791
G1 X65.048 Y130.758 Z36.344 E13068.66582
G1 X63.815 Y130.282 Z36.348 E13070.31394
G1 X62.588 Y129.793 Z36.352 E13071.96173
G1 X61.380 Y129.257 Z36.357 E13073.60986
G1 X60.181 Y128.703 Z36.361 E13075.25756
G1 X59.000 Y128.109 Z36.365 E13076.90569
G1 X57.833 Y127.491 Z36.369 E13078.55334
G1 X56.683 Y126.840 Z36.373 E13080.20146
G1 X55.550 Y126.161 Z36.377 E13081.84909
G1 X54.434 Y125.453 Z36.381 E13083.49722
G1 X53.339 Y124.714 Z36.385 E13085.14487
G1 X52.259 Y123.953 Z36.389 E13086.79300
G1 X51.205 Y123.156 Z36.393 E13088.44070
G1 X50.163 Y122.343 Z36.398 E13090.08883
G1 X49.154 Y121.491 Z36.402 E13091.73661
G1 X48.154 Y120.628 Z36.406 E13093.38474
G1 X47.191 Y119.722 Z36.410 E13095.03265
G1 X46.234 Y118.811 Z36.414 E13096.68078
G1 X45.322 Y117.855 Z36.418 E13098.32885
G1 X44.414 Y116.895 Z36.422 E13099.97686
G1 X43.551 Y115.894 Z36.426 E13101.62499
G1 X42.696 Y114.887 Z36.430 E13103.27285
G1 X41.883 Y113.845 Z36.434 E13104.92098
G1 X41.084 Y112.794 Z36.439 E13106.56873
G1 X40.323 Y111.713 Z36.443 E13108.21686
G1 X39.581 Y110.621 Z36.447 E13109.86454
G1 X38.874 Y109.504 Z36.451 E13111.51267
G1 X38.192 Y108.373 Z36.455 E13113.16031
G1 X37.540 Y107.223 Z36.459 E13114.80844
G1 X36.920 Y106.057 Z36.463 E13116.45607
G1 X36.326 Y104.877 Z36.467 E13118.10420
G1 X35.769 Y103.679 Z36.471 E13119.75186
G1 X35.233 Y102.471 Z36.475 E13121.39999
G1 X34.741 Y101.245 Z36.480 E13123.04771
G1 X34.266 Y100.012 Z36.484 E13124.69584
G1 X33.840 Y98.761 Z36.488 E13126.34366
G1 X33.426 Y97.506 Z36.492 E13127.99179
G1 X33.068 Y96.234 Z36.496 E13129.63975
G1 X32.716 Y94.961 Z36.500 E13131.28788
G1 X32.426 Y93.672 Z36.504 E13132.93600
G1 X32.143 Y92.381 Z36.508 E13134.58396
G1 X31.917 Y91.079 Z36.512 E13136.23209
G1 X31.704 Y89.775 Z36.516 E13137.87992
G1 X31.542 Y88.464 Z36.520 E13139.52804
G1 X31.399 Y87.150 Z36.525 E13141.17577
G1 X31.302 Y85.833 Z36.529 E13142.82390
G1 X31.229 Y84.514 Z36.533 E13144.47156
G1 X31.197 Y83.193 Z36.537 E13146.11969
G1 X31.195 Y81.872 Z36.541 E13147.76732
G1 X31.228 Y80.551 Z36.545 E13149.41545
G1 X31.297 Y79.231 Z36.549 E13151.06309
G1 X31.394 Y77.914 Z36.553 E13152.71121
G1 X31.534 Y76.600 Z36.557 E13154.35889
G1 X31.696 Y75.288 Z36.561 E13156.00702
G1 X31.906 Y73.984 Z36.566 E13157.65478
G1 X32.132 Y72.682 Z36.570 E13159.30290
G1 X32.412 Y71.391 Z36.574 E13160.95077
G1 X32.702 Y70.102 Z36.578 E13162.59890
G1 X33.051 Y68.827 Z36.582 E13164.24691
G1 X33.405 Y67.554 Z36.586 E13165.89497
G1 X33.820 Y66.300 Z36.590 E13167.54310
G1 X34.242 Y65.048 Z36.594 E13169.19101
G1 X34.718 Y63.815 Z36.598 E13170.83914
G1 X35.207 Y62.588 Z36.602 E13172.48693
G1 X35.743 Y61.380 Z36.607 E13174.13506
G1 X36.297 Y60.181 Z36.611 E13175.78276
G1 X36.891 Y59.000 Z36.615 E13177.43088
G1 X37.509 Y57.833 Z36.619 E13179.07853
G1 X38.160 Y56.683 Z36.623 E13180.72666
G1 X38.839 Y55.550 Z36.627 E13182.37429
G1 X39.547 Y54.434 Z36.631 E13184.02242
G1 X40.286 Y53.339 Z36.635 E13185.67007
G1 X41.047 Y52.259 Z36.639 E13187.31819
G1 X41.844 Y51.205 Z36.643 E13188.96590
G1 X42.657 Y50.163 Z36.648 E13190.61402
G1 X43.509 Y49.154 Z36.652 E13192.26181
G1 X44.372 Y48.154 Z36.656 E13193.90994
G1 X45.278 Y47.191 Z36.660 E13195.55785
G1 X46.189 Y46.234 Z36.664 E13197.20598
G1 X47.145 Y45.322 Z36.668 E13198.85404
G1 X48.105 Y44.414 Z36.672 E13200.50205
G1 X49.106 Y43.551 Z36.676 E13202.15018
G1 X50.113 Y42.696 Z36.680 E13203.79805
G1 X51.155 Y41.883 Z36.684 E13205.44618
G1 X52.206 Y41.083 Z36.689 E13207.09393
G1 X53.287 Y40.323 Z36.693 E13208.74206
G1 X54.379 Y39.581 Z36.697 E13210.38974
G1 X55.496 Y38.874 Z36.701 E13212.03786
G1 X56.627 Y38.192 Z36.705 E13213.68550
G1 X57.777 Y37.540 Z36.709 E13215.33363
G1 X58.943 Y36.920 Z36.713 E13216.98126
G1 X60.123 Y36.326 Z36.717 E13218.62939
G1 X61.321 Y35.769 Z36.721 E13220.27705
G1 X62.529 Y35.233 Z36.725 E13221.92518
G1 X63.755 Y34.741 Z36.730 E13223.57291
G1 X64.988 Y34.266 Z36.734 E13225.22103
G1 X66.239 Y33.840 Z36.738 E13226.86886
G1 X67.494 Y33.426 Z36.742 E13228.51699
G1 X68.766 Y33.068 Z36.746 E13230.16495
G1 X70.039 Y32.715 Z36.750 E13231.81307
G1 X71.329 Y32.426 Z36.754 E13233.46120
G1 X72.619 Y32.143 Z36.758 E13235.10916
G1 X73.921 Y31.917 Z36.762 E13236.75729
G1 X75.225 Y31.704 Z36.766 E13238.40511
G1 X76.536 Y31.542 Z36.770 E13240.05324
G1 X77.850 Y31.399 Z36.775 E13241.70097
G1 X79.167 Y31.302 Z36.779 E13243.34909
G1 X80.486 Y31.229 Z36.783 E13244.99676
G1 X81.807 Y31.197 Z36.787 E13246.64488
G1 X83.128 Y31.195 Z36.791 E13248.29252
G1 X84.449 Y31.228 Z36.795 E13249.94064
G1 X85.769 Y31.297 Z36.799 E13251.58828
G1 X87.086 Y31.394 Z36.803 E13253.23641
G1 X88.400 Y31.534 Z36.807 E13254.88409
G1 X89.712 Y31.696 Z36.811 E13256.53222
G1 X91.016 Y31.906 Z36.816 E13258.17997
G1 X92.318 Y32.132 Z36.820 E13259.82810
G1 X93.609 Y32.412 Z36.824 E13261.47596
G1 X94.898 Y32.702 Z36.828 E13263.12409
G1 X96.173 Y33.051 Z36.832 E13264.77210
G1 X97.446 Y33.405 Z36.836 E13266.42017
G1 X98.700 Y33.820 Z36.840 E13268.06830
G1 X99.952 Y34.242 Z36.844 E13269.71621
G1 X101.185 Y34.718 Z36.848 E13271.36434
G1 X102.412 Y35.207 Z36.852 E13273.01212
G1 X103.620 Y35.743 Z36.857 E13274.66025
G1 X104.819 Y36.297 Z36.861 E13276.30795
G1 X106.000 Y36.891 Z36.865 E13277.95608
G1 X107.167 Y37.509 Z36.869 E13279.60373
G1 X108.317 Y38.160 Z36.873 E13281.25186
G1 X109.450 Y38.839 Z36.877 E13282.89949
G1 X110.566 Y39.547 Z36.881 E13284.54761
G1 X111.661 Y40.286 Z36.885 E13286.19526
G1 X112.741 Y41.047 Z36.889 E13287.84339
G1 X113.795 Y41.844 Z36.893 E13289.49109
G1 X114.837 Y42.657 Z36.898 E13291.13922
G1 X115.846 Y43.509 Z36.902 E13292.78701
G1 X116.846 Y44.373 Z36.906 E13294.43513
G1 X117.809 Y45.278 Z36.910 E13296.08304
G1 X118.766 Y46.189 Z36.914 E13297.73117
G1 X119.678 Y47.145 Z36.918 E13299.37924
G1 X120.586 Y48.105 Z36.922 E13301.02725
G1 X121.449 Y49.106 Z36.926 E13302.67538
G1 X122.304 Y50.113 Z36.930 E13304.32324
G1 X123.117 Y51.155 Z36.934 E13305.97137
G1 X123.917 Y52.206 Z36.939 E13307.61913
G1 X124.677 Y53.287 Z36.943 E13309.26725
G1 X125.419 Y54.380 Z36.947 E13310.91493
G1 X126.126 Y55.496 Z36.951 E13312.56306
G1 X126.808 Y56.627 Z36.955 E13314.21070
G1 X127.460 Y57.777 Z36.959 E13315.85883
G1 X128.080 Y58.943 Z36.963 E13317.50646
G1 X128.674 Y60.123 Z36.967 E13319.15459
G1 X129.231 Y61.321 Z36.971 E13320.80225
G1 X129.767 Y62.529 Z36.975 E13322.45038
G1 X130.259 Y63.755 Z36.980 E13324.09810
G1 X130.734 Y64.988 Z36.984 E13325.74623
G1 X131.160 Y66.239 Z36.988 E13327.39406
G1 X131.574 Y67.494 Z36.992 E13329.04218
G1 X131.932 Y68.766 Z36.996 E13330.69014
G1 X132.285 Y70.039 Z37.000 E13332.33827
;LAYER:36
;TYPE:WALL-OUTER
G1 X132.789 Y69.913 Z37.000 E13332.98697
G1 X133.081 Y71.215 Z37.004 E13334.65180
G1 X133.367 Y72.519 Z37.008 E13336.31646
G1 X133.595 Y73.834 Z37.012 E13337.98129
G1 X133.811 Y75.151 Z37.016 E13339.64582
G1 X133.975 Y76.476 Z37.020 E13341.31065
G1 X134.119 Y77.802 Z37.025 E13342.97507
G1 X134.219 Y79.133 Z37.029 E13344.63990
G1 X134.292 Y80.466 Z37.033 E13346.30423
G1 X134.324 Y81.800 Z37.037 E13347.96905
G1 X134.325 Y83.135 Z37.041 E13349.63340
G1 X134.292 Y84.469 Z37.045 E13351.29823
G1 X134.222 Y85.802 Z37.049 E13352.96256
G1 X134.124 Y87.133 Z37.053 E13354.62739
G1 X133.982 Y88.460 Z37.057 E13356.29177
G1 X133.819 Y89.784 Z37.061 E13357.95660
G1 X133.607 Y91.102 Z37.066 E13359.62106
G1 X133.378 Y92.417 Z37.070 E13361.28589
G1 X133.096 Y93.721 Z37.074 E13362.95045
G1 X132.803 Y95.024 Z37.078 E13364.61528
G1 X132.451 Y96.311 Z37.082 E13366.28000
G1 X132.092 Y97.597 Z37.086 E13367.94477
G1 X131.673 Y98.864 Z37.090 E13369.60960
G1 X131.247 Y100.129 Z37.094 E13371.27421
G1 X130.766 Y101.374 Z37.098 E13372.93904
G1 X130.272 Y102.614 Z37.102 E13374.60353
G1 X129.731 Y103.834 Z37.107 E13376.26836
G1 X129.172 Y105.045 Z37.111 E13377.93276
G1 X128.571 Y106.238 Z37.115 E13379.59759
G1 X127.947 Y107.417 Z37.119 E13381.26193
G1 X127.289 Y108.579 Z37.123 E13382.92676
G1 X126.603 Y109.723 Z37.127 E13384.59109
G1 X125.889 Y110.851 Z37.131 E13386.25592
G1 X125.142 Y111.956 Z37.135 E13387.92027
G1 X124.373 Y113.048 Z37.139 E13389.58510
G1 X123.568 Y114.112 Z37.143 E13391.24950
G1 X122.747 Y115.164 Z37.148 E13392.91433
G1 X121.886 Y116.184 Z37.152 E13394.57882
G1 X121.014 Y117.194 Z37.156 E13396.24365
G1 X120.100 Y118.166 Z37.160 E13397.90826
G1 X119.179 Y119.133 Z37.164 E13399.57309
G1 X118.214 Y120.055 Z37.168 E13401.23786
G1 X117.244 Y120.972 Z37.172 E13402.90257
G1 X116.233 Y121.844 Z37.176 E13404.56740
G1 X115.216 Y122.707 Z37.180 E13406.23197
G1 X114.163 Y123.528 Z37.184 E13407.89680
G1 X113.101 Y124.336 Z37.189 E13409.56125
G1 X112.010 Y125.105 Z37.193 E13411.22608
G1 X110.906 Y125.854 Z37.197 E13412.89046
G1 X109.778 Y126.568 Z37.201 E13414.55529
G1 X108.635 Y127.257 Z37.205 E13416.21962
G1 X107.474 Y127.915 Z37.209 E13417.88445
G1 X106.296 Y128.542 Z37.213 E13419.54879
G1 X105.103 Y129.142 Z37.217 E13421.21362
G1 X103.894 Y129.705 Z37.221 E13422.87798
G1 X102.673 Y130.246 Z37.225 E13424.54281
G1 X101.435 Y130.743 Z37.230 E13426.20723
G1 X100.189 Y131.223 Z37.234 E13427.87206
G1 X98.926 Y131.653 Z37.238 E13429.53659
G1 X97.658 Y132.072 Z37.242 E13431.20142
G1 X96.374 Y132.433 Z37.246 E13432.86608
G1 X95.087 Y132.789 Z37.250 E13434.53091
G1 X93.785 Y133.081 Z37.254 E13436.19574
G1 X92.481 Y133.367 Z37.258 E13437.86040
G1 X91.166 Y133.595 Z37.262 E13439.52523
G1 X89.849 Y133.811 Z37.266 E13441.18975
G1 X88.524 Y133.974 Z37.270 E13442.85458
G1 X87.198 Y134.119 Z37.275 E13444.51901
G1 X85.866 Y134.217 Z37.279 E13446.18384
G1 X84.534 Y134.291 Z37.283 E13447.84820
G1 X83.200 Y134.323 Z37.287 E13449.51303
G1 X81.865 Y134.325 Z37.291 E13451.17736
G1 X80.531 Y134.292 Z37.295 E13452.84219
G1 X79.198 Y134.222 Z37.299 E13454.50652
G1 X77.867 Y134.124 Z37.303 E13456.17135
G1 X76.540 Y133.982 Z37.307 E13457.83573
G1 X75.216 Y133.819 Z37.311 E13459.50056
G1 X73.898 Y133.607 Z37.316 E13461.16502
G1 X72.583 Y133.378 Z37.320 E13462.82985
G1 X71.279 Y133.096 Z37.324 E13464.49441
G1 X69.976 Y132.803 Z37.328 E13466.15924
G1 X68.689 Y132.451 Z37.332 E13467.82396
G1 X67.403 Y132.092 Z37.336 E13469.48873
G1 X66.136 Y131.673 Z37.340 E13471.15356
G1 X64.871 Y131.247 Z37.344 E13472.81817
G1 X63.626 Y130.766 Z37.348 E13474.48300
G1 X62.386 Y130.272 Z37.352 E13476.14748
G1 X61.166 Y129.731 Z37.357 E13477.81231
G1 X59.955 Y129.172 Z37.361 E13479.47671
G1 X58.762 Y128.571 Z37.365 E13481.14154
G1 X57.583 Y127.947 Z37.369 E13482.80589
G1 X56.421 Y127.289 Z37.373 E13484.47072
G1 X55.277 Y126.603 Z37.377 E13486.13505
G1 X54.149 Y125.889 Z37.381 E13487.79988
G1 X53.043 Y125.142 Z37.385 E13489.46423
G1 X51.952 Y124.373 Z37.389 E13491.12906
G1 X50.888 Y123.568 Z37.393 E13492.79346
G1 X49.836 Y122.747 Z37.398 E13494.45829
G1 X48.816 Y121.886 Z37.402 E13496.12277
G1 X47.806 Y121.014 Z37.406 E13497.78760
G1 X46.834 Y120.099 Z37.410 E13499.45221
G1 X45.867 Y119.179 Z37.414 E13501.11704
G1 X44.945 Y118.213 Z37.418 E13502.78181
G1 X44.028 Y117.244 Z37.422 E13504.44653
G1 X43.156 Y116.233 Z37.426 E13506.11136
G1 X42.293 Y115.216 Z37.430 E13507.77592
G1 X41.472 Y114.163 Z37.434 E13509.44075
G1 X40.664 Y113.101 Z37.439 E13511.10521
G1 X39.895 Y112.010 Z37.443 E13512.77004
G1 X39.146 Y110.906 Z37.447 E13514.43442
G1 X38.432 Y109.778 Z37.451 E13516.09925
G1 X37.743 Y108.635 Z37.455 E13517.76358
G1 X37.085 Y107.474 Z37.459 E13519.42841
G1 X36.458 Y106.296 Z37.463 E13521.09274
G1 X35.858 Y105.103 Z37.467 E13522.75757
G1 X35.295 Y103.894 Z37.471 E13524.42193
G1 X34.754 Y102.673 Z37.475 E13526.08676
G1 X34.257 Y101.435 Z37.480 E13527.75119
G1 X33.777 Y100.189 Z37.484 E13529.41602
G1 X33.347 Y98.926 Z37.488 E13531.08054
G1 X32.928 Y97.658 Z37.492 E13532.74537
G1 X32.567 Y96.374 Z37.496 E13534.41003
G1 X32.211 Y95.087 Z37.500 E13536.07486
G1 X31.919 Y93.785 Z37.504 E13537.73969
G1 X31.633 Y92.481 Z37.508 E13539.40435
G1 X31.405 Y91.166 Z37.512 E13541.06918
G1 X31.189 Y89.849 Z37.516 E13542.73371
G1 X31.026 Y88.524 Z37.520 E13544.39854
G1 X30.881 Y87.198 Z37.525 E13546.06296
G1 X30.783 Y85.866 Z37.529 E13547.72779
G1 X30.709 Y84.534 Z37.533 E13549.39215
G1 X30.677 Y83.200 Z37.537 E13551.05699
G1 X30.675 Y81.865 Z37.541 E13552.72132
G1 X30.708 Y80.531 Z37.545 E13554.38615
G1 X30.778 Y79.198 Z37.549 E13556.05048
G1 X30.876 Y77.867 Z37.553 E13557.71531
G1 X31.018 Y76.540 Z37.557 E13559.37969
G1 X31.181 Y75.215 Z37.561 E13561.04452
G1 X31.393 Y73.898 Z37.566 E13562.70898
G1 X31.622 Y72.583 Z37.570 E13564.37381
G1 X31.904 Y71.279 Z37.574 E13566.03837
G1 X32.197 Y69.976 Z37.578 E13567.70320
G1 X32.549 Y68.689 Z37.582 E13569.36791
G1 X32.908 Y67.403 Z37.586 E13571.03268
G1 X33.327 Y66.136 Z37.590 E13572.69751
G1 X33.753 Y64.871 Z37.594 E13574.36212
G1 X34.234 Y63.626 Z37.598 E13576.02696
G1 X34.728 Y62.386 Z37.602 E13577.69144
G1 X35.269 Y61.166 Z37.607 E13579.35627
G1 X35.828 Y59.954 Z37.611 E13581.02067
G1 X36.429 Y58.762 Z37.615 E13582.68550
G1 X37.053 Y57.583 Z37.619 E13584.34985
G1 X37.711 Y56.421 Z37.623 E13586.01468
G1 X38.397 Y55.277 Z37.627 E13587.67901
G1 X39.111 Y54.149 Z37.631 E13589.34384
G1 X39.858 Y53.043 Z37.635 E13591.00818
G1 X40.627 Y51.952 Z37.639 E13592.67301
G1 X41.432 Y50.888 Z37.643 E13594.33741
G1 X42.253 Y49.836 Z37.648 E13596.00224
G1 X43.114 Y48.816 Z37.652 E13597.66673
G1 X43.986 Y47.806 Z37.656 E13599.33156
G1 X44.901 Y46.834 Z37.660 E13600.99617
G1 X45.821 Y45.867 Z37.664 E13602.66100
G1 X46.787 Y44.945 Z37.668 E13604.32577
G1 X47.756 Y44.028 Z37.672 E13605.99049
G1 X48.767 Y43.156 Z37.676 E13607.65532
G1 X49.784 Y42.293 Z37.680 E13609.31988
G1 X50.837 Y41.472 Z37.684 E13610.98471
G1 X51.899 Y40.664 Z37.689 E13612.64917
G1 X52.990 Y39.895 Z37.693 E13614.31400
G1 X54.094 Y39.146 Z37.697 E13615.97837
G1 X55.222 Y38.432 Z37.701 E13617.64320
G1 X56.365 Y37.743 Z37.705 E13619.30754
G1 X57.526 Y37.085 Z37.709 E13620.97237
G1 X58.704 Y36.458 Z37.713 E13622.63670
G1 X59.897 Y35.858 Z37.717 E13624.30153
G1 X61.106 Y35.295 Z37.721 E13625.96589
G1 X62.327 Y34.754 Z37.725 E13627.63072
G1 X63.565 Y34.257 Z37.730 E13629.29515
G1 X64.811 Y33.777 Z37.734 E13630.95998
G1 X66.074 Y33.347 Z37.738 E13632.62450
G1 X67.342 Y32.928 Z37.742 E13634.28933
G1 X68.626 Y32.567 Z37.746 E13635.95399
G1 X69.913 Y32.211 Z37.750 E13637.61882
G1 X71.215 Y31.919 Z37.754 E13639.28365
G1 X72.519 Y31.633 Z37.758 E13640.94831
G1 X73.834 Y31.405 Z37.762 E13642.61314
G1 X75.151 Y31.189 Z37.766 E13644.27767
G1 X76.476 Y31.026 Z37.770 E13645.94250
G1 X77.802 Y30.881 Z37.775 E13647.60692
G1 X79.134 Y30.783 Z37.779 E13649.27175
G1 X80.466 Y30.709 Z37.783 E13650.93611
G1 X81.800 Y30.677 Z37.787 E13652.60094
G1 X83.135 Y30.675 Z37.791 E13654.26527
G1 X84.469 Y30.708 Z37.795 E13655.93010
G1 X85.802 Y30.778 Z37.799 E13657.59444
G1 X87.133 Y30.876 Z37.803 E13659.25927
G1 X88.460 Y31.018 Z37.807 E13660.92365
G1 X89.785 Y31.181 Z37.811 E13662.58848
G1 X91.102 Y31.393 Z37.816 E13664.25293
G1 X92.417 Y31.622 Z37.820 E13665.91776
G1 X93.721 Y31.904 Z37.824 E13667.58233
G1 X95.024 Y32.197 Z37.828 E13669.24716
G1 X96.311 Y32.549 Z37.832 E13670.91187
G1 X97.597 Y32.908 Z37.836 E13672.57664
G1 X98.864 Y33.327 Z37.840 E13674.24147
G1 X100.129 Y33.753 Z37.844 E13675.90608
G1 X101.374 Y34.234 Z37.848 E13677.57091
G1 X102.614 Y34.728 Z37.852 E13679.23540
G1 X103.834 Y35.269 Z37.857 E13680.90023
G1 X105.046 Y35.828 Z37.861 E13682.56463
G1 X106.238 Y36.429 Z37.865 E13684.22946
G1 X107.417 Y37.053 Z37.869 E13685.89381
G1 X108.579 Y37.711 Z37.873 E13687.55864
G1 X109.723 Y38.397 Z37.877 E13689.22297
G1 X110.851 Y39.111 Z37.881 E13690.88780
G1 X111.957 Y39.858 Z37.885 E13692.55214
G1 X113.048 Y40.627 Z37.889 E13694.21697
G1 X114.112 Y41.432 Z37.893 E13695.88137
G1 X115.164 Y42.253 Z37.898 E13697.54620
G1 X116.184 Y43.114 Z37.902 E13699.21069
G1 X117.194 Y43.986 Z37.906 E13700.87552
G1 X118.166 Y44.901 Z37.910 E13702.54013
G1 X119.133 Y45.821 Z37.914 E13704.20496
G1 X120.055 Y46.787 Z37.918 E13705.86973
G1 X120.972 Y47.756 Z37.922 E13707.53444
G1 X121.844 Y48.767 Z37.926 E13709.19927
G1 X122.707 Y49.784 Z37.930 E13710.86384
G1 X123.528 Y50.837 Z37.934 E13712.52867
G1 X124.336 Y51.899 Z37.939 E13714.19312
G1 X125.105 Y52.990 Z37.943 E13715.85795
G1 X125.854 Y54.094 Z37.947 E13717.52233
G1 X126.568 Y55.222 Z37.951 E13719.18716
G1 X127.257 Y56.365 Z37.955 E13720.85150
G1 X127.915 Y57.526 Z37.959 E13722.51633
G1 X128.542 Y58.704 Z37.963 E13724.18066
G1 X129.142 Y59.897 Z37.967 E13725.84549
G1 X129.705 Y61.107 Z37.971 E13727.50985
G1 X130.246 Y62.327 Z37.975 E13729.17468
G1 X130.743 Y63.565 Z37.980 E13730.83911
G1 X131.223 Y64.811 Z37.984 E13732.50394
G1 X131.653 Y66.074 Z37.988 E13734.16846
G1 X132.072 Y67.342 Z37.992 E13735.83329
G1 X132.433 Y68.626 Z37.996 E13737.49795
G1 X132.789 Y69.913 Z38.000 E13739.16278
;LAYER:37
;TYPE:WALL-OUTER
G1 X133.277 Y69.791 Z38.000 E13739.78962
G1 X133.572 Y71.106 Z38.004 E13741.47059
G1 X133.861 Y72.422 Z38.008 E13743.15139
G1 X134.091 Y73.750 Z38.012 E13744.83236
G1 X134.309 Y75.080 Z38.016 E13746.51302
G1 X134.474 Y76.417 Z38.020 E13748.19399
G1 X134.620 Y77.757 Z38.025 E13749.87455
G1 X134.720 Y79.101 Z38.029 E13751.55552
G1 X134.794 Y80.446 Z38.033 E13753.23598
G1 X134.826 Y81.793 Z38.037 E13754.91695
G1 X134.827 Y83.141 Z38.041 E13756.59742
G1 X134.794 Y84.488 Z38.045 E13758.27839
G1 X134.723 Y85.834 Z38.049 E13759.95887
G1 X134.624 Y87.178 Z38.053 E13761.63984
G1 X134.481 Y88.517 Z38.057 E13763.32035
G1 X134.316 Y89.855 Z38.061 E13765.00132
G1 X134.102 Y91.185 Z38.066 E13766.68191
G1 X133.871 Y92.513 Z38.070 E13768.36288
G1 X133.586 Y93.830 Z38.074 E13770.04358
G1 X133.291 Y95.145 Z38.078 E13771.72455
G1 X132.935 Y96.445 Z38.082 E13773.40540
G1 X132.573 Y97.743 Z38.086 E13775.08631
G1 X132.150 Y99.023 Z38.090 E13776.76728
G1 X131.719 Y100.300 Z38.094 E13778.44803
G1 X131.234 Y101.557 Z38.098 E13780.12900
G1 X130.736 Y102.809 Z38.102 E13781.80963
G1 X130.189 Y104.041 Z38.107 E13783.49060
G1 X129.624 Y105.264 Z38.111 E13785.17113
G1 X129.018 Y106.468 Z38.115 E13786.85210
G1 X128.388 Y107.659 Z38.119 E13788.53258
G1 X127.724 Y108.831 Z38.123 E13790.21355
G1 X127.031 Y109.987 Z38.127 E13791.89402
G1 X126.309 Y111.125 Z38.131 E13793.57499
G1 X125.556 Y112.242 Z38.135 E13795.25547
G1 X124.779 Y113.344 Z38.139 E13796.93644
G1 X123.967 Y114.418 Z38.143 E13798.61697
G1 X123.137 Y115.481 Z38.148 E13800.29794
G1 X122.268 Y116.510 Z38.152 E13801.97857
G1 X121.387 Y117.531 Z38.156 E13803.65954
G1 X120.464 Y118.512 Z38.160 E13805.34028
G1 X119.535 Y119.488 Z38.164 E13807.02125
G1 X118.560 Y120.419 Z38.168 E13808.70216
G1 X117.581 Y121.345 Z38.172 E13810.38301
G1 X116.560 Y122.225 Z38.176 E13812.06398
G1 X115.533 Y123.097 Z38.180 E13813.74469
G1 X114.470 Y123.926 Z38.184 E13815.42566
G1 X113.398 Y124.742 Z38.189 E13817.10625
G1 X112.296 Y125.518 Z38.193 E13818.78722
G1 X111.181 Y126.274 Z38.197 E13820.46773
G1 X110.042 Y126.995 Z38.201 E13822.14870
G1 X108.889 Y127.691 Z38.205 E13823.82917
G1 X107.716 Y128.355 Z38.209 E13825.51014
G1 X106.527 Y128.988 Z38.213 E13827.19061
G1 X105.323 Y129.594 Z38.217 E13828.87158
G1 X104.101 Y130.163 Z38.221 E13830.55207
G1 X102.869 Y130.709 Z38.225 E13832.23304
G1 X101.618 Y131.211 Z38.230 E13833.91360
G1 X100.361 Y131.695 Z38.234 E13835.59457
G1 X99.085 Y132.130 Z38.238 E13837.27523
G1 X97.806 Y132.552 Z38.242 E13838.95620
G1 X96.508 Y132.917 Z38.246 E13840.63700
G1 X95.209 Y133.277 Z38.250 E13842.31797
G1 X93.894 Y133.572 Z38.254 E13843.99894
G1 X92.578 Y133.861 Z38.258 E13845.67974
G1 X91.250 Y134.091 Z38.262 E13847.36071
G1 X89.920 Y134.309 Z38.266 E13849.04137
G1 X88.583 Y134.473 Z38.270 E13850.72234
G1 X87.243 Y134.620 Z38.275 E13852.40290
G1 X85.899 Y134.719 Z38.279 E13854.08387
G1 X84.554 Y134.793 Z38.283 E13855.76437
G1 X83.207 Y134.825 Z38.287 E13857.44534
G1 X81.859 Y134.827 Z38.291 E13859.12580
G1 X80.512 Y134.794 Z38.295 E13860.80677
G1 X79.166 Y134.724 Z38.299 E13862.48724
G1 X77.822 Y134.624 Z38.303 E13864.16821
G1 X76.483 Y134.482 Z38.307 E13865.84873
G1 X75.145 Y134.316 Z38.311 E13867.52970
G1 X73.815 Y134.102 Z38.316 E13869.21029
G1 X72.487 Y133.871 Z38.320 E13870.89126
G1 X71.170 Y133.586 Z38.324 E13872.57196
G1 X69.855 Y133.291 Z38.328 E13874.25293
G1 X68.555 Y132.935 Z38.332 E13875.93378
G1 X67.257 Y132.573 Z38.336 E13877.61469
G1 X65.977 Y132.150 Z38.340 E13879.29566
G1 X64.700 Y131.719 Z38.344 E13880.97641
G1 X63.443 Y131.234 Z38.348 E13882.65738
G1 X62.191 Y130.736 Z38.352 E13884.33800
G1 X60.959 Y130.189 Z38.357 E13886.01897
G1 X59.736 Y129.624 Z38.361 E13887.69951
G1 X58.532 Y129.018 Z38.365 E13889.38048
G1 X57.341 Y128.388 Z38.369 E13891.06096
G1 X56.169 Y127.724 Z38.373 E13892.74193
G1 X55.013 Y127.031 Z38.377 E13894.42239
G1 X53.875 Y126.309 Z38.381 E13896.10336
G1 X52.758 Y125.556 Z38.385 E13897.78384
G1 X51.656 Y124.779 Z38.389 E13899.46481
G1 X50.582 Y123.967 Z38.393 E13901.14535
G1 X49.519 Y123.137 Z38.398 E13902.82632
G1 X48.490 Y122.268 Z38.402 E13904.50694
G1 X47.469 Y121.387 Z38.406 E13906.18791
G1 X46.488 Y120.464 Z38.410 E13907.86866
G1 X45.512 Y119.535 Z38.414 E13909.54963
G1 X44.581 Y118.560 Z38.418 E13911.23054
G1 X43.655 Y117.581 Z38.422 E13912.91139
G1 X42.775 Y116.560 Z38.426 E13914.59236
G1 X41.903 Y115.533 Z38.430 E13916.27306
G1 X41.074 Y114.470 Z38.434 E13917.95403
G1 X40.258 Y113.398 Z38.439 E13919.63462
G1 X39.482 Y112.296 Z38.443 E13921.31559
G1 X38.726 Y111.181 Z38.447 E13922.99611
G1 X38.005 Y110.042 Z38.451 E13924.67708
G1 X37.309 Y108.889 Z38.455 E13926.35755
G1 X36.645 Y107.716 Z38.459 E13928.03852
G1 X36.011 Y106.527 Z38.463 E13929.71898
G1 X35.406 Y105.323 Z38.467 E13931.39995
G1 X34.837 Y104.101 Z38.471 E13933.08045
G1 X34.291 Y102.869 Z38.475 E13934.76142
G1 X33.789 Y101.618 Z38.480 E13936.44198
G1 X33.305 Y100.361 Z38.484 E13938.12295
G1 X32.870 Y99.085 Z38.488 E13939.80361
G1 X32.448 Y97.806 Z38.492 E13941.48458
G1 X32.083 Y96.508 Z38.496 E13943.16538
G1 X31.723 Y95.209 Z38.500 E13944.84635
G1 X31.428 Y93.894 Z38.504 E13946.52732
G1 X31.139 Y92.578 Z38.508 E13948.20812
G1 X30.909 Y91.250 Z38.512 E13949.88909
G1 X30.691 Y89.920 Z38.516 E13951.56975
G1 X30.527 Y88.583 Z38.520 E13953.25072
G1 X30.380 Y87.243 Z38.525 E13954.93128
G1 X30.281 Y85.899 Z38.529 E13956.61225
G1 X30.207 Y84.554 Z38.533 E13958.29274
G1 X30.175 Y83.207 Z38.537 E13959.97371
G1 X30.173 Y81.859 Z38.541 E13961.65418
G1 X30.206 Y80.512 Z38.545 E13963.33515
G1 X30.276 Y79.166 Z38.549 E13965.01562
G1 X30.376 Y77.822 Z38.553 E13966.69659
G1 X30.518 Y76.483 Z38.557 E13968.37710
G1 X30.684 Y75.145 Z38.561 E13970.05807
G1 X30.898 Y73.815 Z38.566 E13971.73866
G1 X31.129 Y72.487 Z38.570 E13973.41963
G1 X31.414 Y71.170 Z38.574 E13975.10034
G1 X31.709 Y69.855 Z38.578 E13976.78131
G1 X32.065 Y68.555 Z38.582 E13978.46216
G1 X32.427 Y67.257 Z38.586 E13980.14307
G1 X32.850 Y65.977 Z38.590 E13981.82404
G1 X33.281 Y64.700 Z38.594 E13983.50478
G1 X33.766 Y63.443 Z38.598 E13985.18575
G1 X34.264 Y62.191 Z38.602 E13986.86638
G1 X34.811 Y60.959 Z38.607 E13988.54735
G1 X35.376 Y59.736 Z38.611 E13990.22788
G1 X35.982 Y58.532 Z38.615 E13991.90885
G1 X36.612 Y57.341 Z38.619 E13993.58934
G1 X37.276 Y56.169 Z38.623 E13995.27031
G1 X37.970 Y55.013 Z38.627 E13996.95076
G1 X38.691 Y53.875 Z38.631 E13998.63173
G1 X39.444 Y52.758 Z38.635 E14000.31221
G1 X40.221 Y51.656 Z38.639 E14001.99318
G1 X41.033 Y50.582 Z38.643 E14003.67372
G1 X41.863 Y49.519 Z38.648 E14005.35469
G1 X42.732 Y48.490 Z38.652 E14007.03531
G1 X43.613 Y47.469 Z38.656 E14008.71628
G1 X44.536 Y46.488 Z38.660 E14010.39703
G1 X45.465 Y45.512 Z38.664 E14012.07800
G1 X46.440 Y44.581 Z38.668 E14013.75891
G1 X47.419 Y43.655 Z38.672 E14015.43976
G1 X48.440 Y42.775 Z38.676 E14017.12073
G1 X49.467 Y41.903 Z38.680 E14018.80143
G1 X50.530 Y41.074 Z38.684 E14020.48240
G1 X51.602 Y40.258 Z38.689 E14022.16299
G1 X52.704 Y39.482 Z38.693 E14023.84396
G1 X53.819 Y38.725 Z38.697 E14025.52448
G1 X54.958 Y38.005 Z38.701 E14027.20545
G1 X56.111 Y37.309 Z38.705 E14028.88592
G1 X57.284 Y36.645 Z38.709 E14030.56689
G1 X58.473 Y36.011 Z38.713 E14032.24735
G1 X59.677 Y35.406 Z38.717 E14033.92832
G1 X60.899 Y34.837 Z38.721 E14035.60882
G1 X62.131 Y34.291 Z38.725 E14037.28979
G1 X63.382 Y33.789 Z38.730 E14038.97035
G1 X64.639 Y33.305 Z38.734 E14040.65132
G1 X65.915 Y32.870 Z38.738 E14042.33198
G1 X67.195 Y32.448 Z38.742 E14044.01295
G1 X68.492 Y32.083 Z38.746 E14045.69375
G1 X69.791 Y31.723 Z38.750 E14047.37472
G1 X71.106 Y31.428 Z38.754 E14049.05569
G1 X72.422 Y31.139 Z38.758 E14050.73649
G1 X73.750 Y30.909 Z38.762 E14052.41746
G1 X75.080 Y30.691 Z38.766 E14054.09812
G1 X76.417 Y30.527 Z38.770 E14055.77909
G1 X77.757 Y30.380 Z38.775 E14057.45965
G1 X79.101 Y30.281 Z38.779 E14059.14062
G1 X80.446 Y30.207 Z38.783 E14060.82111
G1 X81.794 Y30.175 Z38.787 E14062.50208
G1 X83.141 Y30.173 Z38.791 E14064.18255
G1 X84.488 Y30.206 Z38.795 E14065.86352
G1 X85.834 Y30.276 Z38.799 E14067.54399
G1 X87.178 Y30.376 Z38.803 E14069.22496
G1 X88.518 Y30.518 Z38.807 E14070.90547
G1 X89.855 Y30.684 Z38.811 E14072.58644
G1 X91.185 Y30.898 Z38.816 E14074.26703
G1 X92.513 Y31.129 Z38.820 E14075.94800
G1 X93.830 Y31.414 Z38.824 E14077.62871
G1 X95.145 Y31.709 Z38.828 E14079.30968
G1 X96.445 Y32.065 Z38.832 E14080.99053
G1 X97.743 Y32.427 Z38.836 E14082.67144
G1 X99.023 Y32.850 Z38.840 E14084.35241
G1 X100.300 Y33.281 Z38.844 E14086.03316
G1 X101.557 Y33.766 Z38.848 E14087.71413
G1 X102.809 Y34.265 Z38.852 E14089.39475
G1 X104.041 Y34.811 Z38.857 E14091.07572
G1 X105.264 Y35.376 Z38.861 E14092.75625
G1 X106.468 Y35.982 Z38.865 E14094.43722
G1 X107.659 Y36.612 Z38.869 E14096.11771
G1 X108.831 Y37.276 Z38.873 E14097.79868
G1 X109.987 Y37.969 Z38.877 E14099.47914
G1 X111.125 Y38.691 Z38.881 E14101.16011
G1 X112.242 Y39.444 Z38.885 E14102.84059
G1 X113.344 Y40.221 Z38.889 E14104.52156
G1 X114.418 Y41.033 Z38.893 E14106.20210
G1 X115.481 Y41.863 Z38.898 E14107.88307
G1 X116.510 Y42.732 Z38.902 E14109.56369
G1 X117.531 Y43.613 Z38.906 E14111.24466
G1 X118.512 Y44.536 Z38.910 E14112.92541
G1 X119.488 Y45.465 Z38.914 E14114.60638
G1 X120.419 Y46.440 Z38.918 E14116.28729
G1 X121.345 Y47.419 Z38.922 E14117.96814
G1 X122.225 Y48.440 Z38.926 E14119.64911
G1 X123.097 Y49.467 Z38.930 E14121.32981
G1 X123.926 Y50.530 Z38.934 E14123.01078
G1 X124.742 Y51.602 Z38.939 E14124.69137
G1 X125.518 Y52.704 Z38.943 E14126.37234
G1 X126.275 Y53.819 Z38.947 E14128.05285
G1 X126.995 Y54.958 Z38.951 E14129.73382
G1 X127.691 Y56.111 Z38.955 E14131.41429
G1 X128.355 Y57.284 Z38.959 E14133.09526
G1 X128.989 Y58.473 Z38.963 E14134.77573
G1 X129.594 Y59.677 Z38.967 E14136.45670
G1 X130.163 Y60.899 Z38.971 E14138.13720
G1 X130.709 Y62.131 Z38.975 E14139.81817
G1 X131.211 Y63.382 Z38.980 E14141.49873
G1 X131.695 Y64.639 Z38.984 E14143.17970
G1 X132.130 Y65.915 Z38.988 E14144.86036
G1 X132.552 Y67.195 Z38.992 E14146.54133
G1 X132.917 Y68.492 Z38.996 E14148.22213
G1 X133.277 Y69.791 Z39.000 E14149.90310
;LAYER:38
;TYPE:WALL-OUTER
G1 X133.747 Y69.673 Z39.000 E14150.50767
G1 X134.045 Y71.000 Z39.004 E14152.20421
G1 X134.336 Y72.329 Z39.008 E14153.90057
G1 X134.569 Y73.669 Z39.012 E14155.59710
G1 X134.789 Y75.011 Z39.016 E14157.29333
G1 X134.955 Y76.361 Z39.020 E14158.98987
G1 X135.102 Y77.713 Z39.025 E14160.68599
G1 X135.203 Y79.069 Z39.029 E14162.38252
G1 X135.278 Y80.427 Z39.033 E14164.07855
G1 X135.311 Y81.787 Z39.037 E14165.77509
G1 X135.312 Y83.147 Z39.041 E14167.47112
G1 X135.278 Y84.506 Z39.045 E14169.16766
G1 X135.207 Y85.864 Z39.049 E14170.86369
G1 X135.107 Y87.221 Z39.053 E14172.56023
G1 X134.963 Y88.573 Z39.057 E14174.25631
G1 X134.796 Y89.923 Z39.061 E14175.95284
G1 X134.580 Y91.266 Z39.066 E14177.64899
G1 X134.347 Y92.606 Z39.070 E14179.34553
G1 X134.059 Y93.935 Z39.074 E14181.04180
G1 X133.761 Y95.262 Z39.078 E14182.73833
G1 X133.402 Y96.574 Z39.082 E14184.43475
G1 X133.037 Y97.884 Z39.086 E14186.13122
G1 X132.610 Y99.176 Z39.090 E14187.82776
G1 X132.175 Y100.464 Z39.094 E14189.52407
G1 X131.685 Y101.733 Z39.098 E14191.22061
G1 X131.182 Y102.997 Z39.102 E14192.91679
G1 X130.631 Y104.240 Z39.107 E14194.61333
G1 X130.061 Y105.475 Z39.111 E14196.30943
G1 X129.449 Y106.690 Z39.115 E14198.00596
G1 X128.813 Y107.892 Z39.119 E14199.70201
G1 X128.142 Y109.075 Z39.123 E14201.39854
G1 X127.443 Y110.241 Z39.127 E14203.09457
G1 X126.715 Y111.390 Z39.131 E14204.79110
G1 X125.954 Y112.517 Z39.135 E14206.48715
G1 X125.171 Y113.629 Z39.139 E14208.18368
G1 X124.351 Y114.714 Z39.143 E14209.87978
G1 X123.514 Y115.786 Z39.148 E14211.57632
G1 X122.636 Y116.825 Z39.152 E14213.27250
G1 X121.748 Y117.855 Z39.156 E14214.96904
G1 X120.816 Y118.846 Z39.160 E14216.66535
G1 X119.878 Y119.831 Z39.164 E14218.36189
G1 X118.894 Y120.770 Z39.168 E14220.05836
G1 X117.906 Y121.704 Z39.172 E14221.75478
G1 X116.876 Y122.593 Z39.176 E14223.45131
G1 X115.839 Y123.473 Z39.180 E14225.14758
G1 X114.766 Y124.310 Z39.184 E14226.84412
G1 X113.684 Y125.133 Z39.189 E14228.54027
G1 X112.572 Y125.916 Z39.193 E14230.23681
G1 X111.447 Y126.680 Z39.197 E14231.93288
G1 X110.297 Y127.407 Z39.201 E14233.62942
G1 X109.133 Y128.110 Z39.205 E14235.32545
G1 X107.950 Y128.780 Z39.209 E14237.02199
G1 X106.749 Y129.419 Z39.213 E14238.71801
G1 X105.534 Y130.030 Z39.217 E14240.41455
G1 X104.301 Y130.604 Z39.221 E14242.11061
G1 X103.058 Y131.155 Z39.225 E14243.80714
G1 X101.796 Y131.662 Z39.230 E14245.50327
G1 X100.526 Y132.151 Z39.234 E14247.19980
G1 X99.239 Y132.589 Z39.238 E14248.89603
G1 X97.947 Y133.016 Z39.242 E14250.59256
G1 X96.638 Y133.384 Z39.246 E14252.28893
G1 X95.327 Y133.747 Z39.250 E14253.98546
G1 X94.000 Y134.045 Z39.254 E14255.68200
G1 X92.672 Y134.336 Z39.258 E14257.37836
G1 X91.331 Y134.568 Z39.262 E14259.07490
G1 X89.989 Y134.788 Z39.266 E14260.77112
G1 X88.639 Y134.955 Z39.270 E14262.46766
G1 X87.287 Y135.102 Z39.275 E14264.16378
G1 X85.931 Y135.202 Z39.279 E14265.86032
G1 X84.573 Y135.277 Z39.283 E14267.55637
G1 X83.213 Y135.310 Z39.287 E14269.25291
G1 X81.853 Y135.312 Z39.291 E14270.94894
G1 X80.494 Y135.278 Z39.295 E14272.64547
G1 X79.136 Y135.207 Z39.299 E14274.34151
G1 X77.779 Y135.107 Z39.303 E14276.03804
G1 X76.427 Y134.963 Z39.307 E14277.73412
G1 X75.077 Y134.796 Z39.311 E14279.43065
G1 X73.734 Y134.580 Z39.316 E14281.12681
G1 X72.394 Y134.347 Z39.320 E14282.82334
G1 X71.065 Y134.059 Z39.324 E14284.51961
G1 X69.738 Y133.761 Z39.328 E14286.21614
G1 X68.426 Y133.402 Z39.332 E14287.91256
G1 X67.116 Y133.037 Z39.336 E14289.60904
G1 X65.824 Y132.610 Z39.340 E14291.30557
G1 X64.536 Y132.175 Z39.344 E14293.00188
G1 X63.267 Y131.686 Z39.348 E14294.69842
G1 X62.003 Y131.182 Z39.352 E14296.39461
G1 X60.760 Y130.631 Z39.357 E14298.09114
G1 X59.525 Y130.061 Z39.361 E14299.78724
G1 X58.310 Y129.449 Z39.365 E14301.48378
G1 X57.108 Y128.813 Z39.369 E14303.17982
G1 X55.925 Y128.142 Z39.373 E14304.87636
G1 X54.759 Y127.443 Z39.377 E14306.57238
G1 X53.610 Y126.715 Z39.381 E14308.26892
G1 X52.483 Y125.954 Z39.385 E14309.96496
G1 X51.371 Y125.171 Z39.389 E14311.66150
G1 X50.286 Y124.351 Z39.393 E14313.35759
G1 X49.214 Y123.514 Z39.398 E14315.05413
G1 X48.175 Y122.636 Z39.402 E14316.75032
G1 X47.145 Y121.748 Z39.406 E14318.44685
G1 X46.154 Y120.816 Z39.410 E14320.14316
G1 X45.169 Y119.878 Z39.414 E14321.83970
G1 X44.230 Y118.894 Z39.418 E14323.53617
G1 X43.296 Y117.906 Z39.422 E14325.23259
G1 X42.407 Y116.876 Z39.426 E14326.92913
G1 X41.527 Y115.839 Z39.430 E14328.62539
G1 X40.690 Y114.766 Z39.434 E14330.32193
G1 X39.867 Y113.684 Z39.439 E14332.01808
G1 X39.084 Y112.572 Z39.443 E14333.71462
G1 X38.320 Y111.447 Z39.447 E14335.41069
G1 X37.593 Y110.297 Z39.451 E14337.10723
G1 X36.890 Y109.133 Z39.455 E14338.80326
G1 X36.220 Y107.950 Z39.459 E14340.49980
G1 X35.581 Y106.749 Z39.463 E14342.19583
G1 X34.970 Y105.534 Z39.467 E14343.89236
G1 X34.396 Y104.301 Z39.471 E14345.58842
G1 X33.845 Y103.058 Z39.475 E14347.28496
G1 X33.338 Y101.796 Z39.480 E14348.98108
G1 X32.849 Y100.526 Z39.484 E14350.67761
G1 X32.411 Y99.239 Z39.488 E14352.37384
G1 X31.984 Y97.947 Z39.492 E14354.07038
G1 X31.616 Y96.638 Z39.496 E14355.76674
G1 X31.253 Y95.327 Z39.500 E14357.46327
G1 X30.955 Y94.000 Z39.504 E14359.15981
G1 X30.664 Y92.672 Z39.508 E14360.85617
G1 X30.432 Y91.331 Z39.512 E14362.55271
G1 X30.212 Y89.989 Z39.516 E14364.24893
G1 X30.045 Y88.639 Z39.520 E14365.94547
G1 X29.898 Y87.287 Z39.525 E14367.64159
G1 X29.798 Y85.931 Z39.529 E14369.33813
G1 X29.723 Y84.573 Z39.533 E14371.03419
G1 X29.690 Y83.213 Z39.537 E14372.73072
G1 X29.688 Y81.853 Z39.541 E14374.42675
G1 X29.722 Y80.494 Z39.545 E14376.12329
G1 X29.793 Y79.136 Z39.549 E14377.81932
G1 X29.893 Y77.779 Z39.553 E14379.51585
G1 X30.037 Y76.427 Z39.557 E14381.21193
G1 X30.204 Y75.077 Z39.561 E14382.90847
G1 X30.420 Y73.734 Z39.566 E14384.60462
G1 X30.653 Y72.394 Z39.570 E14386.30115
G1 X30.941 Y71.065 Z39.574 E14387.99742
G1 X31.239 Y69.738 Z39.578 E14389.69396
G1 X31.598 Y68.426 Z39.582 E14391.39037
G1 X31.963 Y67.116 Z39.586 E14393.08685
G1 X32.390 Y65.824 Z39.590 E14394.78338
G1 X32.825 Y64.536 Z39.594 E14396.47970
G1 X33.314 Y63.267 Z39.598 E14398.17623
G1 X33.818 Y62.003 Z39.602 E14399.87242
G1 X34.369 Y60.760 Z39.607 E14401.56896
G1 X34.939 Y59.525 Z39.611 E14403.26505
G1 X35.551 Y58.310 Z39.615 E14404.96159
G1 X36.187 Y57.108 Z39.619 E14406.65763
G1 X36.858 Y55.925 Z39.623 E14408.35417
G1 X37.558 Y54.759 Z39.627 E14410.05015
G1 X38.288 Y53.612 Z39.631 E14411.74668
G1 X39.046 Y52.483 Z39.635 E14413.44275
G1 X39.829 Y51.371 Z39.639 E14415.13929
G1 X40.649 Y50.286 Z39.643 E14416.83539
G1 X41.486 Y49.214 Z39.648 E14418.53192
G1 X42.364 Y48.175 Z39.652 E14420.22811
G1 X43.252 Y47.145 Z39.656 E14421.92465
G1 X44.184 Y46.154 Z39.660 E14423.62096
G1 X45.122 Y45.169 Z39.664 E14425.31749
G1 X46.106 Y44.230 Z39.668 E14427.01397
G1 X47.094 Y43.296 Z39.672 E14428.71039
G1 X48.125 Y42.407 Z39.676 E14430.40692
G1 X49.161 Y41.527 Z39.680 E14432.10319
G1 X50.234 Y40.690 Z39.684 E14433.79972
G1 X51.316 Y39.867 Z39.689 E14435.49588
G1 X52.428 Y39.084 Z39.693 E14437.19241
G1 X53.553 Y38.320 Z39.697 E14438.88849
G1 X54.703 Y37.593 Z39.701 E14440.58502
G1 X55.867 Y36.890 Z39.705 E14442.28106
G1 X57.051 Y36.220 Z39.709 E14443.97759
G1 X58.251 Y35.581 Z39.713 E14445.67362
G1 X59.466 Y34.970 Z39.717 E14447.37016
G1 X60.699 Y34.396 Z39.721 E14449.06621
G1 X61.943 Y33.845 Z39.725 E14450.76275
G1 X63.205 Y33.338 Z39.730 E14452.45887
G1 X64.474 Y32.849 Z39.734 E14454.15541
G1 X65.761 Y32.411 Z39.738 E14455.85163
G1 X67.053 Y31.984 Z39.742 E14457.54817
G1 X68.362 Y31.616 Z39.746 E14459.24453
G1 X69.673 Y31.253 Z39.750 E14460.94107
G1 X71.000 Y30.955 Z39.754 E14462.63760
G1 X72.329 Y30.664 Z39.758 E14464.33397
G1 X73.669 Y30.432 Z39.762 E14466.03050
G1 X75.011 Y30.212 Z39.766 E14467.72673
G1 X76.361 Y30.045 Z39.770 E14469.42326
G1 X77.713 Y29.898 Z39.775 E14471.11939
G1 X79.069 Y29.798 Z39.779 E14472.81592
G1 X80.427 Y29.723 Z39.783 E14474.51198
G1 X81.787 Y29.690 Z39.787 E14476.20852
G1 X83.147 Y29.688 Z39.791 E14477.90454
G1 X84.507 Y29.722 Z39.795 E14479.60108
G1 X85.864 Y29.793 Z39.799 E14481.29711
G1 X87.221 Y29.893 Z39.803 E14482.99365
G1 X88.573 Y30.037 Z39.807 E14484.68972
G1 X89.923 Y30.204 Z39.811 E14486.38626
G1 X91.266 Y30.420 Z39.816 E14488.08241
G1 X92.606 Y30.653 Z39.820 E14489.77895
G1 X93.935 Y30.941 Z39.824 E14491.47522
G1 X95.262 Y31.239 Z39.828 E14493.17175
G1 X96.574 Y31.598 Z39.832 E14494.86817
G1 X97.884 Y31.963 Z39.836 E14496.56464
G1 X99.176 Y32.390 Z39.840 E14498.26118
G1 X100.464 Y32.825 Z39.844 E14499.95749
G1 X101.733 Y33.315 Z39.848 E14501.65403
G1 X102.997 Y33.818 Z39.852 E14503.35021
G1 X104.240 Y34.369 Z39.857 E14505.04675
G1 X105.475 Y34.940 Z39.861 E14506.74285
G1 X106.690 Y35.551 Z39.865 E14508.43938
G1 X107.892 Y36.187 Z39.869 E14510.13543
G1 X109.075 Y36.858 Z39.873 E14511.83196
G1 X110.241 Y37.557 Z39.877 E14513.52799
G1 X111.390 Y38.285 Z39.881 E14515.22452
G1 X112.517 Y39.046 Z39.885 E14516.92057
G1 X113.629 Y39.829 Z39.889 E14518.61710
G1 X114.714 Y40.649 Z39.893 E14520.31320
G1 X115.786 Y41.486 Z39.898 E14522.00974
G1 X116.825 Y42.364 Z39.902 E14523.70592
G1 X117.855 Y43.252 Z39.906 E14525.40246
G1 X118.846 Y44.184 Z39.910 E14527.09877
G1 X119.831 Y45.122 Z39.914 E14528.79531
G1 X120.770 Y46.106 Z39.918 E14530.49178
G1 X121.704 Y47.094 Z39.922 E14532.18820
G1 X122.593 Y48.125 Z39.926 E14533.88473
G1 X123.473 Y49.161 Z39.930 E14535.58100
G1 X124.310 Y50.234 Z39.934 E14537.27754
G1 X125.133 Y51.316 Z39.939 E14538.97369
G1 X125.916 Y52.428 Z39.943 E14540.67023
G1 X126.680 Y53.553 Z39.947 E14542.36630
G1 X127.407 Y54.703 Z39.951 E14544.06284
G1 X128.110 Y55.867 Z39.955 E14545.75887
G1 X128.780 Y57.051 Z39.959 E14547.45541
G1 X129.419 Y58.251 Z39.963 E14549.15143
G1 X130.030 Y59.466 Z39.967 E14550.84797
G1 X130.604 Y60.699 Z39.971 E14552.54403
G1 X131.155 Y61.943 Z39.975 E14554.24056
G1 X131.662 Y63.205 Z39.980 E14555.93669
G1 X132.151 Y64.474 Z39.984 E14557.63322
G1 X132.589 Y65.761 Z39.988 E14559.32945
G1 X133.016 Y67.053 Z39.992 E14561.02598
G1 X133.384 Y68.362 Z39.996 E14562.72234
G1 X133.747 Y69.673 Z40.000 E14564.41888
;LAYER:39
;TYPE:WALL-OUTER
G1 X134.199 Y69.560 Z40.000 E14565.00080
G1 X134.500 Y70.899 Z40.004 E14566.71232
G1 X134.794 Y72.239 Z40.008 E14568.42367
G1 X135.028 Y73.591 Z40.012 E14570.13519
G1 X135.250 Y74.945 Z40.016 E14571.84640
G1 X135.418 Y76.307 Z40.020 E14573.55791
G1 X135.567 Y77.670 Z40.025 E14575.26901
G1 X135.668 Y79.039 Z40.029 E14576.98053
G1 X135.744 Y80.409 Z40.033 E14578.69155
G1 X135.777 Y81.780 Z40.037 E14580.40306
G1 X135.778 Y83.152 Z40.041 E14582.11407
G1 X135.745 Y84.524 Z40.045 E14583.82559
G1 X135.673 Y85.894 Z40.049 E14585.53661
G1 X135.572 Y87.263 Z40.053 E14587.24813
G1 X135.426 Y88.627 Z40.057 E14588.95918
G1 X135.258 Y89.989 Z40.061 E14590.67070
G1 X135.040 Y91.343 Z40.066 E14592.38184
G1 X134.805 Y92.695 Z40.070 E14594.09335
G1 X134.515 Y94.036 Z40.074 E14595.80460
G1 X134.214 Y95.375 Z40.078 E14597.51612
G1 X133.851 Y96.698 Z40.082 E14599.22752
G1 X133.483 Y98.020 Z40.086 E14600.93898
G1 X133.053 Y99.323 Z40.090 E14602.65050
G1 X132.614 Y100.623 Z40.094 E14604.36179
G1 X132.120 Y101.903 Z40.098 E14606.07331
G1 X131.612 Y103.178 Z40.102 E14607.78448
G1 X131.056 Y104.432 Z40.107 E14609.49599
G1 X130.481 Y105.678 Z40.111 E14611.20707
G1 X129.863 Y106.903 Z40.115 E14612.91859
G1 X129.222 Y108.116 Z40.119 E14614.62961
G1 X128.546 Y109.310 Z40.123 E14616.34113
G1 X127.840 Y110.486 Z40.127 E14618.05213
G1 X127.106 Y111.645 Z40.131 E14619.76365
G1 X126.338 Y112.782 Z40.135 E14621.47468
G1 X125.548 Y113.904 Z40.139 E14623.18619
G1 X124.720 Y114.998 Z40.143 E14624.89727
G1 X123.876 Y116.080 Z40.148 E14626.60879
G1 X122.991 Y117.128 Z40.152 E14628.31996
G1 X122.094 Y118.167 Z40.156 E14630.03148
G1 X121.154 Y119.166 Z40.160 E14631.74277
G1 X120.208 Y120.160 Z40.164 E14633.45429
G1 X119.215 Y121.108 Z40.168 E14635.16575
G1 X118.218 Y122.051 Z40.172 E14636.87714
G1 X117.179 Y122.947 Z40.176 E14638.58866
G1 X116.133 Y123.835 Z40.180 E14640.29991
G1 X115.051 Y124.679 Z40.184 E14642.01143
G1 X113.959 Y125.509 Z40.189 E14643.72256
G1 X112.837 Y126.299 Z40.193 E14645.43408
G1 X111.702 Y127.070 Z40.197 E14647.14514
G1 X110.543 Y127.804 Z40.201 E14648.85666
G1 X109.368 Y128.513 Z40.205 E14650.56767
G1 X108.174 Y129.189 Z40.209 E14652.27919
G1 X106.963 Y129.833 Z40.213 E14653.99019
G1 X105.738 Y130.450 Z40.217 E14655.70171
G1 X104.494 Y131.029 Z40.221 E14657.41275
G1 X103.239 Y131.585 Z40.225 E14659.12427
G1 X101.966 Y132.096 Z40.230 E14660.83537
G1 X100.686 Y132.589 Z40.234 E14662.54689
G1 X99.387 Y133.032 Z40.238 E14664.25809
G1 X98.084 Y133.462 Z40.242 E14665.96961
G1 X96.763 Y133.834 Z40.246 E14667.68096
G1 X95.441 Y134.199 Z40.250 E14669.39247
G1 X94.102 Y134.500 Z40.254 E14671.10399
G1 X92.761 Y134.794 Z40.258 E14672.81534
G1 X91.409 Y135.028 Z40.262 E14674.52686
G1 X90.055 Y135.250 Z40.266 E14676.23806
G1 X88.693 Y135.418 Z40.270 E14677.94958
G1 X87.330 Y135.567 Z40.275 E14679.66068
G1 X85.961 Y135.668 Z40.279 E14681.37220
G1 X84.591 Y135.743 Z40.283 E14683.08324
G1 X83.220 Y135.776 Z40.287 E14684.79476
G1 X81.848 Y135.778 Z40.291 E14686.50576
G1 X80.476 Y135.744 Z40.295 E14688.21728
G1 X79.106 Y135.673 Z40.299 E14689.92830
G1 X77.738 Y135.571 Z40.303 E14691.63981
G1 X76.373 Y135.426 Z40.307 E14693.35087
G1 X75.011 Y135.258 Z40.311 E14695.06239
G1 X73.657 Y135.040 Z40.316 E14696.77352
G1 X72.305 Y134.805 Z40.320 E14698.48504
G1 X70.964 Y134.515 Z40.324 E14700.19629
G1 X69.625 Y134.214 Z40.328 E14701.90781
G1 X68.302 Y133.852 Z40.332 E14703.61920
G1 X66.980 Y133.483 Z40.336 E14705.33066
G1 X65.677 Y133.053 Z40.340 E14707.04218
G1 X64.377 Y132.614 Z40.344 E14708.75347
G1 X63.097 Y132.120 Z40.348 E14710.46499
G1 X61.822 Y131.612 Z40.352 E14712.17616
G1 X60.568 Y131.056 Z40.357 E14713.88768
G1 X59.322 Y130.481 Z40.361 E14715.59876
G1 X58.097 Y129.863 Z40.365 E14717.31027
G1 X56.884 Y129.222 Z40.369 E14719.02130
G1 X55.690 Y128.546 Z40.373 E14720.73282
G1 X54.514 Y127.840 Z40.377 E14722.44382
G1 X53.355 Y127.106 Z40.381 E14724.15534
G1 X52.218 Y126.338 Z40.385 E14725.86636
G1 X51.096 Y125.548 Z40.389 E14727.57788
G1 X50.002 Y124.720 Z40.393 E14729.28896
G1 X48.920 Y123.876 Z40.398 E14731.00048
G1 X47.872 Y122.991 Z40.402 E14732.71164
G1 X46.833 Y122.094 Z40.406 E14734.42316
G1 X45.834 Y121.154 Z40.410 E14736.13445
G1 X44.840 Y120.208 Z40.414 E14737.84597
G1 X43.892 Y119.215 Z40.418 E14739.55743
G1 X42.949 Y118.218 Z40.422 E14741.26883
G1 X42.053 Y117.179 Z40.426 E14742.98035
G1 X41.165 Y116.133 Z40.430 E14744.69160
G1 X40.321 Y115.051 Z40.434 E14746.40311
G1 X39.491 Y113.959 Z40.439 E14748.11425
G1 X38.701 Y112.837 Z40.443 E14749.82577
G1 X37.930 Y111.702 Z40.447 E14751.53682
G1 X37.196 Y110.543 Z40.451 E14753.24834
G1 X36.487 Y109.368 Z40.455 E14754.95935
G1 X35.811 Y108.174 Z40.459 E14756.67087
G1 X35.167 Y106.963 Z40.463 E14758.38188
G1 X34.550 Y105.738 Z40.467 E14760.09340
G1 X33.971 Y104.494 Z40.471 E14761.80443
G1 X33.415 Y103.239 Z40.475 E14763.51595
G1 X32.904 Y101.966 Z40.480 E14765.22705
G1 X32.411 Y100.686 Z40.484 E14766.93857
G1 X31.968 Y99.387 Z40.488 E14768.64978
G1 X31.538 Y98.084 Z40.492 E14770.36130
G1 X31.166 Y96.763 Z40.496 E14772.07264
G1 X30.801 Y95.441 Z40.500 E14773.78416
G1 X30.500 Y94.102 Z40.504 E14775.49568
G1 X30.206 Y92.761 Z40.508 E14777.20702
G1 X29.972 Y91.409 Z40.512 E14778.91854
G1 X29.750 Y90.055 Z40.516 E14780.62975
G1 X29.582 Y88.694 Z40.520 E14782.34127
G1 X29.433 Y87.330 Z40.525 E14784.05237
G1 X29.332 Y85.961 Z40.529 E14785.76389
G1 X29.257 Y84.591 Z40.533 E14787.47492
G1 X29.224 Y83.220 Z40.537 E14789.18644
G1 X29.222 Y81.848 Z40.541 E14790.89745
G1 X29.256 Y80.476 Z40.545 E14792.60897
G1 X29.327 Y79.106 Z40.549 E14794.31998
G1 X29.429 Y77.738 Z40.553 E14796.03150
G1 X29.574 Y76.373 Z40.557 E14797.74255
G1 X29.742 Y75.012 Z40.561 E14799.45407
G1 X29.960 Y73.657 Z40.566 E14801.16520
G1 X30.195 Y72.305 Z40.570 E14802.87672
G1 X30.485 Y70.964 Z40.574 E14804.58797
G1 X30.786 Y69.625 Z40.578 E14806.29949
G1 X31.148 Y68.302 Z40.582 E14808.01089
G1 X31.517 Y66.980 Z40.586 E14809.72235
G1 X31.947 Y65.677 Z40.590 E14811.43387
G1 X32.386 Y64.377 Z40.594 E14813.14516
G1 X32.880 Y63.097 Z40.598 E14814.85668
G1 X33.388 Y61.822 Z40.602 E14816.56785
G1 X33.944 Y60.568 Z40.607 E14818.27936
G1 X34.519 Y59.322 Z40.611 E14819.99044
G1 X35.137 Y58.097 Z40.615 E14821.70196
G1 X35.778 Y56.884 Z40.619 E14823.41298
G1 X36.454 Y55.690 Z40.623 E14825.12450
G1 X37.161 Y54.515 Z40.627 E14826.83544
G1 X37.899 Y53.358 Z40.631 E14828.54695
G1 X38.662 Y52.217 Z40.635 E14830.25802
G1 X39.452 Y51.096 Z40.639 E14831.96954
G1 X40.280 Y50.002 Z40.643 E14833.68062
G1 X41.124 Y48.920 Z40.648 E14835.39214
G1 X42.009 Y47.872 Z40.652 E14837.10331
G1 X42.906 Y46.833 Z40.656 E14838.81483
G1 X43.846 Y45.833 Z40.660 E14840.52612
G1 X44.792 Y44.840 Z40.664 E14842.23764
G1 X45.785 Y43.892 Z40.668 E14843.94910
G1 X46.782 Y42.949 Z40.672 E14845.66049
G1 X47.821 Y42.053 Z40.676 E14847.37201
G1 X48.867 Y41.165 Z40.680 E14849.08326
G1 X49.949 Y40.321 Z40.684 E14850.79478
G1 X51.041 Y39.491 Z40.689 E14852.50591
G1 X52.163 Y38.701 Z40.693 E14854.21743
G1 X53.298 Y37.930 Z40.697 E14855.92849
G1 X54.457 Y37.196 Z40.701 E14857.64000
G1 X55.632 Y36.487 Z40.705 E14859.35102
G1 X56.826 Y35.811 Z40.709 E14861.06254
G1 X58.037 Y35.167 Z40.713 E14862.77354
G1 X59.263 Y34.550 Z40.717 E14864.48506
G1 X60.506 Y33.971 Z40.721 E14866.19610
G1 X61.761 Y33.415 Z40.725 E14867.90762
G1 X63.034 Y32.904 Z40.730 E14869.61872
G1 X64.314 Y32.411 Z40.734 E14871.33024
G1 X65.613 Y31.968 Z40.738 E14873.04144
G1 X66.916 Y31.538 Z40.742 E14874.75296
G1 X68.237 Y31.166 Z40.746 E14876.46431
G1 X69.560 Y30.801 Z40.750 E14878.17582
G1 X70.899 Y30.500 Z40.754 E14879.88734
G1 X72.239 Y30.206 Z40.758 E14881.59869
G1 X73.591 Y29.972 Z40.762 E14883.31021
G1 X74.945 Y29.750 Z40.766 E14885.02141
G1 X76.307 Y29.582 Z40.770 E14886.73293
G1 X77.670 Y29.433 Z40.775 E14888.44403
G1 X79.039 Y29.332 Z40.779 E14890.15555
G1 X80.409 Y29.257 Z40.783 E14891.86659
G1 X81.781 Y29.224 Z40.787 E14893.57811
G1 X83.152 Y29.222 Z40.791 E14895.28911
G1 X84.524 Y29.256 Z40.795 E14897.00063
G1 X85.894 Y29.327 Z40.799 E14898.71164
G1 X87.263 Y29.429 Z40.803 E14900.42316
G1 X88.627 Y29.574 Z40.807 E14902.13422
G1 X89.989 Y29.742 Z40.811 E14903.84574
G1 X91.343 Y29.960 Z40.816 E14905.55687
G1 X92.695 Y30.195 Z40.820 E14907.26839
G1 X94.036 Y30.486 Z40.824 E14908.97964
G1 X95.375 Y30.786 Z40.828 E14910.69116
G1 X96.698 Y31.149 Z40.832 E14912.40255
G1 X98.020 Y31.517 Z40.836 E14914.11401
G1 X99.323 Y31.947 Z40.840 E14915.82553
G1 X100.623 Y32.386 Z40.844 E14917.53682
G1 X101.903 Y32.880 Z40.848 E14919.24834
G1 X103.178 Y33.388 Z40.852 E14920.95951
G1 X104.432 Y33.944 Z40.857 E14922.67103
G1 X105.678 Y34.519 Z40.861 E14924.38211
G1 X106.903 Y35.137 Z40.865 E14926.09362
G1 X108.116 Y35.778 Z40.869 E14927.80465
G1 X109.310 Y36.455 Z40.873 E14929.51617
G1 X110.486 Y37.160 Z40.877 E14931.22717
G1 X111.645 Y37.894 Z40.881 E14932.93869
G1 X112.782 Y38.662 Z40.885 E14934.64971
G1 X113.904 Y39.452 Z40.889 E14936.36123
G1 X114.998 Y40.280 Z40.893 E14938.07231
G1 X116.080 Y41.124 Z40.898 E14939.78382
G1 X117.128 Y42.009 Z40.902 E14941.49499
G1 X118.167 Y42.906 Z40.906 E14943.20651
G1 X119.167 Y43.846 Z40.910 E14944.91780
G1 X120.160 Y44.792 Z40.914 E14946.62932
G1 X121.108 Y45.785 Z40.918 E14948.34078
G1 X122.051 Y46.782 Z40.922 E14950.05218
G1 X122.947 Y47.821 Z40.926 E14951.76370
G1 X123.835 Y48.867 Z40.930 E14953.47495
G1 X124.679 Y49.949 Z40.934 E14955.18646
G1 X125.509 Y51.041 Z40.939 E14956.89760
G1 X126.299 Y52.163 Z40.943 E14958.60912
G1 X127.070 Y53.298 Z40.947 E14960.32017
G1 X127.804 Y54.457 Z40.951 E14962.03169
G1 X128.513 Y55.632 Z40.955 E14963.74270
G1 X129.189 Y56.826 Z40.959 E14965.45422
G1 X129.833 Y58.037 Z40.963 E14967.16523
G1 X130.450 Y59.263 Z40.967 E14968.87675
G1 X131.029 Y60.506 Z40.971 E14970.58778
G1 X131.585 Y61.761 Z40.975 E14972.29930
G1 X132.096 Y63.034 Z40.980 E14974.01040
G1 X132.589 Y64.314 Z40.984 E14975.72192
G1 X133.032 Y65.613 Z40.988 E14977.43313
G1 X133.462 Y66.916 Z40.992 E14979.14465
G1 X133.834 Y68.237 Z40.996 E14980.85599
G1 X134.199 Y69.560 Z41.000 E14982.56751
;LAYER:40
;TYPE:WALL-OUTER
G1 X134.634 Y69.451 Z41.000 E14983.12641
G1 X134.937 Y70.801 Z41.004 E14984.85232
G1 X135.234 Y72.152 Z41.008 E14986.57805
G1 X135.470 Y73.516 Z41.012 E14988.30396
G1 X135.694 Y74.881 Z41.016 E14990.02956
G1 X135.863 Y76.254 Z41.020 E14991.75547
G1 X136.013 Y77.630 Z41.025 E14993.48095
G1 X136.115 Y79.010 Z41.029 E14995.20686
G1 X136.191 Y80.391 Z41.033 E14996.93227
G1 X136.225 Y81.774 Z41.037 E14998.65817
G1 X136.226 Y83.158 Z41.041 E15000.38357
G1 X136.192 Y84.541 Z41.045 E15002.10948
G1 X136.120 Y85.922 Z41.049 E15003.83488
G1 X136.018 Y87.302 Z41.053 E15005.56079
G1 X135.871 Y88.678 Z41.057 E15007.28623
G1 X135.702 Y90.051 Z41.061 E15009.01214
G1 X135.482 Y91.417 Z41.066 E15010.73767
G1 X135.245 Y92.781 Z41.070 E15012.46358
G1 X134.952 Y94.133 Z41.074 E15014.18921
G1 X134.648 Y95.483 Z41.078 E15015.91512
G1 X134.283 Y96.817 Z41.082 E15017.64091
G1 X133.912 Y98.150 Z41.086 E15019.36676
G1 X133.478 Y99.464 Z41.090 E15021.09267
G1 X133.035 Y100.775 Z41.094 E15022.81835
G1 X132.537 Y102.066 Z41.098 E15024.54426
G1 X132.025 Y103.352 Z41.102 E15026.26981
G1 X131.464 Y104.616 Z41.107 E15027.99572
G1 X130.884 Y105.872 Z41.111 E15029.72118
G1 X130.262 Y107.108 Z41.115 E15031.44709
G1 X129.615 Y108.331 Z41.119 E15033.17250
G1 X128.933 Y109.535 Z41.123 E15034.89841
G1 X128.221 Y110.721 Z41.127 E15036.62380
G1 X127.481 Y111.890 Z41.131 E15038.34971
G1 X126.707 Y113.037 Z41.135 E15040.07512
G1 X125.910 Y114.168 Z41.139 E15041.80102
G1 X125.075 Y115.272 Z41.143 E15043.52649
G1 X124.224 Y116.362 Z41.148 E15045.25240
G1 X123.331 Y117.419 Z41.152 E15046.97795
G1 X122.427 Y118.467 Z41.156 E15048.70386
G1 X121.479 Y119.475 Z41.160 E15050.42955
G1 X120.525 Y120.477 Z41.164 E15052.15546
G1 X119.524 Y121.432 Z41.168 E15053.88130
G1 X118.519 Y122.383 Z41.172 E15055.60709
G1 X117.471 Y123.287 Z41.176 E15057.33300
G1 X116.416 Y124.182 Z41.180 E15059.05863
G1 X115.325 Y125.033 Z41.184 E15060.78454
G1 X114.224 Y125.871 Z41.189 E15062.51006
G1 X113.093 Y126.667 Z41.193 E15064.23597
G1 X111.948 Y127.444 Z41.197 E15065.96137
G1 X110.777 Y128.182 Z41.201 E15067.68725
G1 X109.593 Y128.897 Z41.205 E15069.41268
G1 X108.390 Y129.580 Z41.209 E15071.13856
G1 X107.169 Y130.231 Z41.213 E15072.86390
G1 X105.933 Y130.853 Z41.217 E15074.58981
G1 X104.679 Y131.437 Z41.221 E15076.31523
G1 X103.414 Y131.997 Z41.225 E15078.04114
G1 X102.130 Y132.513 Z41.230 E15079.76663
G1 X100.839 Y133.011 Z41.234 E15081.49254
G1 X99.529 Y133.456 Z41.238 E15083.21814
G1 X98.215 Y133.890 Z41.242 E15084.94405
G1 X96.883 Y134.265 Z41.246 E15086.66978
G1 X95.549 Y134.634 Z41.250 E15088.39569
G1 X94.199 Y134.937 Z41.254 E15090.12160
G1 X92.848 Y135.234 Z41.258 E15091.84733
G1 X91.484 Y135.470 Z41.262 E15093.57324
G1 X90.119 Y135.694 Z41.266 E15095.29883
G1 X88.746 Y135.863 Z41.270 E15097.02474
G1 X87.370 Y136.013 Z41.275 E15098.75023
G1 X85.990 Y136.115 Z41.279 E15100.47614
G1 X84.609 Y136.191 Z41.283 E15102.20156
G1 X83.226 Y136.224 Z41.287 E15103.92747
G1 X81.842 Y136.226 Z41.291 E15105.65286
G1 X80.459 Y136.192 Z41.295 E15107.37877
G1 X79.077 Y136.120 Z41.299 E15109.10417
G1 X77.697 Y136.018 Z41.303 E15110.83008
G1 X76.322 Y135.871 Z41.307 E15112.55552
G1 X74.949 Y135.702 Z41.311 E15114.28143
G1 X73.583 Y135.482 Z41.316 E15116.00695
G1 X72.219 Y135.245 Z41.320 E15117.73286
G1 X70.867 Y134.952 Z41.324 E15119.45850
G1 X69.517 Y134.648 Z41.328 E15121.18441
G1 X68.182 Y134.283 Z41.332 E15122.91019
G1 X66.849 Y133.912 Z41.336 E15124.63604
G1 X65.536 Y133.478 Z41.340 E15126.36195
G1 X64.225 Y133.035 Z41.344 E15128.08763
G1 X62.934 Y132.537 Z41.348 E15129.81354
G1 X61.648 Y132.025 Z41.352 E15131.53909
G1 X60.383 Y131.464 Z41.357 E15133.26500
G1 X59.128 Y130.884 Z41.361 E15134.99047
G1 X57.892 Y130.262 Z41.365 E15136.71637
G1 X56.669 Y129.615 Z41.369 E15138.44178
G1 X55.465 Y128.933 Z41.373 E15140.16769
G1 X54.278 Y128.221 Z41.377 E15141.89308
G1 X53.110 Y127.481 Z41.381 E15143.61899
G1 X51.963 Y126.707 Z41.385 E15145.34440
G1 X50.832 Y125.910 Z41.389 E15147.07031
G1 X49.728 Y125.075 Z41.393 E15148.79577
G1 X48.638 Y124.224 Z41.398 E15150.52168
G1 X47.581 Y123.331 Z41.402 E15152.24724
G1 X46.533 Y122.427 Z41.406 E15153.97315
G1 X45.525 Y121.479 Z41.410 E15155.69883
G1 X44.523 Y120.525 Z41.414 E15157.42474
G1 X43.568 Y119.524 Z41.418 E15159.15059
G1 X42.617 Y118.519 Z41.422 E15160.87637
G1 X41.713 Y117.471 Z41.426 E15162.60228
G1 X40.818 Y116.416 Z41.430 E15164.32792
G1 X39.967 Y115.325 Z41.434 E15166.05383
G1 X39.129 Y114.224 Z41.439 E15167.77935
G1 X38.332 Y113.092 Z41.443 E15169.50526
G1 X37.555 Y111.948 Z41.447 E15171.23070
G1 X36.815 Y110.779 Z41.451 E15172.95661
G1 X36.101 Y109.594 Z41.455 E15174.68200
G1 X35.419 Y108.390 Z41.459 E15176.40791
G1 X34.769 Y107.169 Z41.463 E15178.13330
G1 X34.147 Y105.933 Z41.467 E15179.85921
G1 X33.563 Y104.679 Z41.471 E15181.58464
G1 X33.003 Y103.414 Z41.475 E15183.31055
G1 X32.487 Y102.130 Z41.480 E15185.03604
G1 X31.989 Y100.839 Z41.484 E15186.76195
G1 X31.544 Y99.529 Z41.488 E15188.48754
G1 X31.110 Y98.215 Z41.492 E15190.21345
G1 X30.735 Y96.883 Z41.496 E15191.93918
G1 X30.366 Y95.549 Z41.500 E15193.66509
G1 X30.063 Y94.199 Z41.504 E15195.39100
G1 X29.766 Y92.848 Z41.508 E15197.11673
G1 X29.530 Y91.484 Z41.512 E15198.84264
G1 X29.306 Y90.119 Z41.516 E15200.56823
G1 X29.137 Y88.746 Z41.520 E15202.29414
G1 X28.987 Y87.370 Z41.525 E15204.01963
G1 X28.885 Y85.990 Z41.529 E15205.74554
G1 X28.809 Y84.609 Z41.533 E15207.47096
G1 X28.776 Y83.226 Z41.537 E15209.19687
G1 X28.774 Y81.842 Z41.541 E15210.92226
G1 X28.808 Y80.459 Z41.545 E15212.64817
G1 X28.880 Y79.077 Z41.549 E15214.37357
G1 X28.982 Y77.697 Z41.553 E15216.09948
G1 X29.129 Y76.322 Z41.557 E15217.82492
G1 X29.298 Y74.949 Z41.561 E15219.55083
G1 X29.518 Y73.583 Z41.566 E15221.27635
G1 X29.755 Y72.219 Z41.570 E15223.00226
G1 X30.048 Y70.867 Z41.574 E15224.72790
G1 X30.352 Y69.517 Z41.578 E15226.45381
G1 X30.717 Y68.182 Z41.582 E15228.17960
G1 X31.088 Y66.850 Z41.586 E15229.90544
G1 X31.522 Y65.536 Z41.590 E15231.63135
G1 X31.965 Y64.225 Z41.594 E15233.35703
G1 X32.463 Y62.934 Z41.598 E15235.08294
G1 X32.975 Y61.648 Z41.602 E15236.80850
G1 X33.536 Y60.383 Z41.607 E15238.53441
G1 X34.116 Y59.128 Z41.611 E15240.25987
G1 X34.738 Y57.892 Z41.615 E15241.98578
G1 X35.385 Y56.669 Z41.619 E15243.71118
G1 X36.067 Y55.465 Z41.623 E15245.43709
G1 X36.780 Y54.279 Z41.627 E15247.16244
G1 X37.522 Y53.111 Z41.631 E15248.88834
G1 X38.293 Y51.963 Z41.635 E15250.61378
G1 X39.090 Y50.832 Z41.639 E15252.33969
G1 X39.925 Y49.728 Z41.643 E15254.06516
G1 X40.776 Y48.638 Z41.648 E15255.79107
G1 X41.669 Y47.581 Z41.652 E15257.51662
G1 X42.573 Y46.533 Z41.656 E15259.24253
G1 X43.521 Y45.525 Z41.660 E15260.96821
G1 X44.475 Y44.523 Z41.664 E15262.69412
G1 X45.476 Y43.568 Z41.668 E15264.41997
G1 X46.481 Y42.617 Z41.672 E15266.14576
G1 X47.529 Y41.713 Z41.676 E15267.87167
G1 X48.584 Y40.818 Z41.680 E15269.59730
G1 X49.675 Y39.967 Z41.684 E15271.32321
G1 X50.776 Y39.129 Z41.689 E15273.04873
G1 X51.908 Y38.332 Z41.693 E15274.77464
G1 X53.052 Y37.555 Z41.697 E15276.50008
G1 X54.221 Y36.815 Z41.701 E15278.22599
G1 X55.406 Y36.101 Z41.705 E15279.95139
G1 X56.610 Y35.419 Z41.709 E15281.67730
G1 X57.831 Y34.769 Z41.713 E15283.40269
G1 X59.067 Y34.147 Z41.717 E15285.12860
G1 X60.321 Y33.563 Z41.721 E15286.85402
G1 X61.586 Y33.003 Z41.725 E15288.57993
G1 X62.870 Y32.487 Z41.730 E15290.30542
G1 X64.161 Y31.989 Z41.734 E15292.03133
G1 X65.471 Y31.544 Z41.738 E15293.75692
G1 X66.785 Y31.110 Z41.742 E15295.48283
G1 X68.117 Y30.735 Z41.746 E15297.20857
G1 X69.451 Y30.366 Z41.750 E15298.93448
G1 X70.801 Y30.063 Z41.754 E15300.66039
G1 X72.152 Y29.766 Z41.758 E15302.38612
G1 X73.516 Y29.530 Z41.762 E15304.11203
G1 X74.881 Y29.306 Z41.766 E15305.83762
G1 X76.254 Y29.137 Z41.770 E15307.56353
G1 X77.630 Y28.987 Z41.775 E15309.28902
G1 X79.010 Y28.885 Z41.779 E15311.01493
G1 X80.391 Y28.809 Z41.783 E15312.74035
G1 X81.774 Y28.776 Z41.787 E15314.46626
G1 X83.158 Y28.774 Z41.791 E15316.19165
G1 X84.541 Y28.808 Z41.795 E15317.91756
G1 X85.923 Y28.880 Z41.799 E15319.64296
G1 X87.303 Y28.982 Z41.803 E15321.36887
G1 X88.678 Y29.129 Z41.807 E15323.09431
G1 X90.052 Y29.298 Z41.811 E15324.82022
G1 X91.417 Y29.518 Z41.816 E15326.54574
G1 X92.781 Y29.755 Z41.820 E15328.27165
G1 X94.133 Y30.048 Z41.824 E15329.99728
G1 X95.483 Y30.352 Z41.828 E15331.72319
G1 X96.818 Y30.717 Z41.832 E15333.44898
G1 X98.151 Y31.088 Z41.836 E15335.17483
G1 X99.464 Y31.522 Z41.840 E15336.90074
G1 X100.775 Y31.965 Z41.844 E15338.62642
G1 X102.066 Y32.463 Z41.848 E15340.35233
G1 X103.352 Y32.975 Z41.852 E15342.07788
G1 X104.617 Y33.536 Z41.857 E15343.80379
G1 X105.872 Y34.116 Z41.861 E15345.52925
G1 X107.108 Y34.738 Z41.865 E15347.25516
G1 X108.331 Y35.385 Z41.869 E15348.98057
G1 X109.535 Y36.067 Z41.873 E15350.70648
G1 X110.722 Y36.779 Z41.877 E15352.43187
G1 X111.891 Y37.519 Z41.881 E15354.15778
G1 X113.037 Y38.293 Z41.885 E15355.88319
G1 X114.168 Y39.090 Z41.889 E15357.60910
G1 X115.272 Y39.925 Z41.893 E15359.33456
G1 X116.362 Y40.776 Z41.898 E15361.06047
G1 X117.419 Y41.669 Z41.902 E15362.78602
G1 X118.467 Y42.573 Z41.906 E15364.51193
G1 X119.475 Y43.521 Z41.910 E15366.23762
G1 X120.477 Y44.475 Z41.914 E15367.96353
G1 X121.432 Y45.476 Z41.918 E15369.68938
G1 X122.383 Y46.481 Z41.922 E15371.41516
G1 X123.287 Y47.529 Z41.926 E15373.14107
G1 X124.182 Y48.584 Z41.930 E15374.86671
G1 X125.033 Y49.675 Z41.934 E15376.59261
G1 X125.871 Y50.776 Z41.939 E15378.31813
G1 X126.668 Y51.908 Z41.943 E15380.04404
G1 X127.445 Y53.052 Z41.947 E15381.76948
G1 X128.185 Y54.221 Z41.951 E15383.49539
G1 X128.899 Y55.406 Z41.955 E15385.22079
G1 X129.581 Y56.610 Z41.959 E15386.94670
G1 X130.231 Y57.831 Z41.963 E15388.67209
G1 X130.853 Y59.067 Z41.967 E15390.39800
G1 X131.437 Y60.321 Z41.971 E15392.12342
G1 X131.997 Y61.586 Z41.975 E15393.84933
G1 X132.513 Y62.870 Z41.980 E15395.57482
G1 X133.011 Y64.161 Z41.984 E15397.30073
G1 X133.456 Y65.471 Z41.988 E15399.02632
G1 X133.890 Y66.785 Z41.992 E15400.75223
G1 X134.265 Y68.117 Z41.996 E15402.47797
G1 X134.634 Y69.451 Z42.000 E15404.20388
;LAYER:41
;TYPE:WALL-OUTER
G1 X135.050 Y69.346 Z42.000 E15404.73940
G1 X135.356 Y70.707 Z42.004 E15406.47909
G1 X135.655 Y72.070 Z42.008 E15408.21861
G1 X135.893 Y73.444 Z42.012 E15409.95831
G1 X136.119 Y74.820 Z42.016 E15411.69769
G1 X136.290 Y76.204 Z42.020 E15413.43738
G1 X136.440 Y77.591 Z42.025 E15415.17665
G1 X136.543 Y78.982 Z42.029 E15416.91635
G1 X136.620 Y80.374 Z42.033 E15418.65554
G1 X136.654 Y81.768 Z42.037 E15420.39523
G1 X136.655 Y83.163 Z42.041 E15422.13441
G1 X136.621 Y84.557 Z42.045 E15423.87411
G1 X136.548 Y85.950 Z42.049 E15425.61329
G1 X136.446 Y87.341 Z42.053 E15427.35299
G1 X136.298 Y88.727 Z42.057 E15429.09222
G1 X136.127 Y90.112 Z42.061 E15430.83192
G1 X135.905 Y91.488 Z42.066 E15432.57123
G1 X135.666 Y92.863 Z42.070 E15434.31093
G1 X135.371 Y94.226 Z42.074 E15436.05035
G1 X135.065 Y95.587 Z42.078 E15437.79005
G1 X134.697 Y96.932 Z42.082 E15439.52963
G1 X134.323 Y98.275 Z42.086 E15441.26926
G1 X133.885 Y99.600 Z42.090 E15443.00895
G1 X133.439 Y100.921 Z42.094 E15444.74841
G1 X132.937 Y102.223 Z42.098 E15446.48811
G1 X132.421 Y103.518 Z42.102 E15448.22745
G1 X131.855 Y104.793 Z42.107 E15449.96714
G1 X131.271 Y106.059 Z42.111 E15451.70639
G1 X130.643 Y107.305 Z42.115 E15453.44608
G1 X129.991 Y108.537 Z42.119 E15455.18527
G1 X129.304 Y109.751 Z42.123 E15456.92497
G1 X128.587 Y110.947 Z42.127 E15458.66414
G1 X127.840 Y112.125 Z42.131 E15460.40384
G1 X127.060 Y113.281 Z42.135 E15462.14303
G1 X126.257 Y114.421 Z42.139 E15463.88273
G1 X125.416 Y115.533 Z42.143 E15465.62198
G1 X124.557 Y116.633 Z42.148 E15467.36168
G1 X123.658 Y117.698 Z42.152 E15469.10102
G1 X122.746 Y118.754 Z42.156 E15470.84072
G1 X121.791 Y119.770 Z42.160 E15472.58019
G1 X120.829 Y120.780 Z42.164 E15474.31989
G1 X119.820 Y121.743 Z42.168 E15476.05953
G1 X118.807 Y122.702 Z42.172 E15477.79909
G1 X117.750 Y123.613 Z42.176 E15479.53879
G1 X116.687 Y124.515 Z42.180 E15481.27821
G1 X115.587 Y125.373 Z42.184 E15483.01790
G1 X114.477 Y126.217 Z42.189 E15484.75720
G1 X113.337 Y127.020 Z42.193 E15486.49690
G1 X112.182 Y127.801 Z42.197 E15488.23596
G1 X110.999 Y128.540 Z42.201 E15489.97556
G1 X109.804 Y129.259 Z42.205 E15491.71487
G1 X108.595 Y129.954 Z42.209 E15493.45447
G1 X107.366 Y130.613 Z42.213 E15495.19346
G1 X106.120 Y131.240 Z42.217 E15496.93316
G1 X104.856 Y131.828 Z42.221 E15498.67236
G1 X103.580 Y132.393 Z42.225 E15500.41206
G1 X102.286 Y132.912 Z42.230 E15502.15134
G1 X100.985 Y133.414 Z42.234 E15503.89103
G1 X99.665 Y133.864 Z42.238 E15505.63042
G1 X98.340 Y134.301 Z42.242 E15507.37011
G1 X96.998 Y134.679 Z42.246 E15509.10964
G1 X95.653 Y135.050 Z42.250 E15510.84933
G1 X94.292 Y135.356 Z42.254 E15512.58902
G1 X92.930 Y135.655 Z42.258 E15514.32854
G1 X91.556 Y135.893 Z42.262 E15516.06823
G1 X90.180 Y136.119 Z42.266 E15517.80761
G1 X88.795 Y136.289 Z42.270 E15519.54730
G1 X87.409 Y136.440 Z42.275 E15521.28657
G1 X86.018 Y136.543 Z42.279 E15523.02627
G1 X84.626 Y136.620 Z42.283 E15524.76548
G1 X83.231 Y136.654 Z42.287 E15526.50517
G1 X81.837 Y136.655 Z42.291 E15528.24435
G1 X80.442 Y136.621 Z42.295 E15529.98404
G1 X79.050 Y136.548 Z42.299 E15531.72323
G1 X77.659 Y136.445 Z42.303 E15533.46292
G1 X76.272 Y136.298 Z42.307 E15535.20215
G1 X74.888 Y136.127 Z42.311 E15536.94185
G1 X73.511 Y135.905 Z42.316 E15538.68115
G1 X72.137 Y135.666 Z42.320 E15540.42085
G1 X70.774 Y135.371 Z42.324 E15542.16028
G1 X69.413 Y135.065 Z42.328 E15543.89997
G1 X68.068 Y134.697 Z42.332 E15545.63956
G1 X66.724 Y134.323 Z42.336 E15547.37918
G1 X65.400 Y133.885 Z42.340 E15549.11888
G1 X64.079 Y133.439 Z42.344 E15550.85834
G1 X62.777 Y132.937 Z42.348 E15552.59804
G1 X61.482 Y132.421 Z42.352 E15554.33737
G1 X60.207 Y131.855 Z42.357 E15556.07707
G1 X58.941 Y131.270 Z42.361 E15557.81631
G1 X57.695 Y130.643 Z42.365 E15559.55601
G1 X56.462 Y129.991 Z42.369 E15561.29520
G1 X55.249 Y129.304 Z42.373 E15563.03490
G1 X54.053 Y128.586 Z42.377 E15564.77407
G1 X52.875 Y127.840 Z42.381 E15566.51377
G1 X51.719 Y127.060 Z42.385 E15568.25296
G1 X50.579 Y126.257 Z42.389 E15569.99266
G1 X49.466 Y125.415 Z42.393 E15571.73191
G1 X48.367 Y124.557 Z42.398 E15573.47160
G1 X47.302 Y123.657 Z42.402 E15575.21095
G1 X46.245 Y122.746 Z42.406 E15576.95064
G1 X45.230 Y121.790 Z42.410 E15578.69012
G1 X44.220 Y120.829 Z42.414 E15580.42982
G1 X43.257 Y119.820 Z42.418 E15582.16946
G1 X42.298 Y118.806 Z42.422 E15583.90902
G1 X41.387 Y117.750 Z42.426 E15585.64872
G1 X40.485 Y116.687 Z42.430 E15587.38814
G1 X39.627 Y115.587 Z42.434 E15589.12783
G1 X38.783 Y114.477 Z42.439 E15590.86713
G1 X37.980 Y113.337 Z42.443 E15592.60683
G1 X37.196 Y112.183 Z42.447 E15594.34605
G1 X36.450 Y111.005 Z42.451 E15596.08575
G1 X35.730 Y109.811 Z42.455 E15597.82493
G1 X35.042 Y108.597 Z42.459 E15599.56463
G1 X34.387 Y107.366 Z42.463 E15601.30380
G1 X33.760 Y106.120 Z42.467 E15603.04350
G1 X33.172 Y104.856 Z42.471 E15604.78271
G1 X32.607 Y103.581 Z42.475 E15606.52240
G1 X32.088 Y102.286 Z42.480 E15608.26168
G1 X31.586 Y100.985 Z42.484 E15610.00138
G1 X31.136 Y99.665 Z42.488 E15611.74076
G1 X30.699 Y98.340 Z42.492 E15613.48046
G1 X30.321 Y96.998 Z42.496 E15615.21998
G1 X29.950 Y95.653 Z42.500 E15616.95967
G1 X29.644 Y94.292 Z42.504 E15618.69937
G1 X29.345 Y92.930 Z42.508 E15620.43888
G1 X29.107 Y91.556 Z42.512 E15622.17858
G1 X28.881 Y90.180 Z42.516 E15623.91795
G1 X28.711 Y88.795 Z42.520 E15625.65765
G1 X28.560 Y87.409 Z42.525 E15627.39692
G1 X28.457 Y86.018 Z42.529 E15629.13662
G1 X28.380 Y84.626 Z42.533 E15630.87582
G1 X28.346 Y83.231 Z42.537 E15632.61552
G1 X28.345 Y81.837 Z42.541 E15634.35469
G1 X28.379 Y80.443 Z42.545 E15636.09439
G1 X28.452 Y79.050 Z42.549 E15637.83357
G1 X28.555 Y77.659 Z42.553 E15639.57327
G1 X28.702 Y76.272 Z42.557 E15641.31249
G1 X28.873 Y74.888 Z42.561 E15643.05219
G1 X29.095 Y73.511 Z42.566 E15644.79150
G1 X29.334 Y72.137 Z42.570 E15646.53120
G1 X29.629 Y70.774 Z42.574 E15648.27062
G1 X29.935 Y69.413 Z42.578 E15650.01032
G1 X30.303 Y68.068 Z42.582 E15651.74990
G1 X30.677 Y66.724 Z42.586 E15653.48953
G1 X31.115 Y65.400 Z42.590 E15655.22922
G1 X31.561 Y64.079 Z42.594 E15656.96869
G1 X32.063 Y62.777 Z42.598 E15658.70838
G1 X32.579 Y61.482 Z42.602 E15660.44772
G1 X33.145 Y60.207 Z42.607 E15662.18742
G1 X33.730 Y58.941 Z42.611 E15663.92666
G1 X34.357 Y57.695 Z42.615 E15665.66636
G1 X35.009 Y56.462 Z42.619 E15667.40555
G1 X35.696 Y55.249 Z42.623 E15669.14524
G1 X36.414 Y54.053 Z42.627 E15670.88441
G1 X37.161 Y52.875 Z42.631 E15672.62410
G1 X37.940 Y51.719 Z42.635 E15674.36330
G1 X38.743 Y50.579 Z42.639 E15676.10300
G1 X39.585 Y49.467 Z42.643 E15677.84225
G1 X40.443 Y48.367 Z42.648 E15679.58194
G1 X41.343 Y47.302 Z42.652 E15681.32129
G1 X42.254 Y46.245 Z42.656 E15683.06098
G1 X43.209 Y45.230 Z42.660 E15684.80046
G1 X44.171 Y44.220 Z42.664 E15686.54015
G1 X45.180 Y43.257 Z42.668 E15688.27979
G1 X46.194 Y42.298 Z42.672 E15690.01936
G1 X47.250 Y41.387 Z42.676 E15691.75906
G1 X48.313 Y40.485 Z42.680 E15693.49847
G1 X49.413 Y39.627 Z42.684 E15695.23817
G1 X50.523 Y38.783 Z42.689 E15696.97747
G1 X51.663 Y37.980 Z42.693 E15698.71717
G1 X52.817 Y37.196 Z42.697 E15700.45639
G1 X53.995 Y36.450 Z42.701 E15702.19609
G1 X55.189 Y35.730 Z42.705 E15703.93527
G1 X56.403 Y35.043 Z42.709 E15705.67497
G1 X57.634 Y34.387 Z42.713 E15707.41414
G1 X58.880 Y33.760 Z42.717 E15709.15384
G1 X60.144 Y33.172 Z42.721 E15710.89305
G1 X61.419 Y32.607 Z42.725 E15712.63274
G1 X62.714 Y32.088 Z42.730 E15714.37202
G1 X64.015 Y31.586 Z42.734 E15716.11172
G1 X65.335 Y31.137 Z42.738 E15717.85110
G1 X66.660 Y30.699 Z42.742 E15719.59080
G1 X68.002 Y30.321 Z42.746 E15721.33032
G1 X69.346 Y29.950 Z42.750 E15723.07001
G1 X70.707 Y29.644 Z42.754 E15724.80971
G1 X72.070 Y29.345 Z42.758 E15726.54922
G1 X73.444 Y29.107 Z42.762 E15728.28892
G1 X74.820 Y28.881 Z42.766 E15730.02829
G1 X76.205 Y28.711 Z42.770 E15731.76799
G1 X77.591 Y28.560 Z42.775 E15733.50726
G1 X78.982 Y28.457 Z42.779 E15735.24695
G1 X80.374 Y28.380 Z42.783 E15736.98616
G1 X81.769 Y28.346 Z42.787 E15738.72586
G1 X83.163 Y28.345 Z42.791 E15740.46503
G1 X84.557 Y28.379 Z42.795 E15742.20473
G1 X85.950 Y28.452 Z42.799 E15743.94391
G1 X87.341 Y28.555 Z42.803 E15745.68361
G1 X88.728 Y28.702 Z42.807 E15747.42283
G1 X90.112 Y28.873 Z42.811 E15749.16253
G1 X91.489 Y29.095 Z42.816 E15750.90184
G1 X92.863 Y29.334 Z42.820 E15752.64153
G1 X94.226 Y29.629 Z42.824 E15754.38096
G1 X95.587 Y29.935 Z42.828 E15756.12066
G1 X96.932 Y30.303 Z42.832 E15757.86024
G1 X98.276 Y30.677 Z42.836 E15759.59986
G1 X99.600 Y31.115 Z42.840 E15761.33956
G1 X100.921 Y31.561 Z42.844 E15763.07902
G1 X102.223 Y32.063 Z42.848 E15764.81872
G1 X103.518 Y32.579 Z42.852 E15766.55806
G1 X104.793 Y33.145 Z42.857 E15768.29775
G1 X106.059 Y33.729 Z42.861 E15770.03700
G1 X107.305 Y34.357 Z42.865 E15771.77669
G1 X108.538 Y35.009 Z42.869 E15773.51588
G1 X109.751 Y35.696 Z42.873 E15775.25558
G1 X110.947 Y36.413 Z42.877 E15776.99475
G1 X112.125 Y37.160 Z42.881 E15778.73445
G1 X113.281 Y37.940 Z42.885 E15780.47364
G1 X114.421 Y38.743 Z42.889 E15782.21334
G1 X115.533 Y39.585 Z42.893 E15783.95259
G1 X116.633 Y40.443 Z42.898 E15785.69229
G1 X117.698 Y41.343 Z42.902 E15787.43163
G1 X118.754 Y42.254 Z42.906 E15789.17133
G1 X119.770 Y43.209 Z42.910 E15790.91080
G1 X120.780 Y44.171 Z42.914 E15792.65050
G1 X121.743 Y45.180 Z42.918 E15794.39014
G1 X122.702 Y46.194 Z42.922 E15796.12971
G1 X123.613 Y47.250 Z42.926 E15797.86940
G1 X124.515 Y48.313 Z42.930 E15799.60882
G1 X125.373 Y49.413 Z42.934 E15801.34852
G1 X126.217 Y50.523 Z42.939 E15803.08782
G1 X127.020 Y51.663 Z42.943 E15804.82751
G1 X127.804 Y52.817 Z42.947 E15806.56674
G1 X128.550 Y53.995 Z42.951 E15808.30643
G1 X129.270 Y55.189 Z42.955 E15810.04561
G1 X129.957 Y56.403 Z42.959 E15811.78531
G1 X130.613 Y57.634 Z42.963 E15813.52449
G1 X131.239 Y58.880 Z42.967 E15815.26418
G1 X131.828 Y60.144 Z42.971 E15817.00339
G1 X132.393 Y61.419 Z42.975 E15818.74308
G1 X132.912 Y62.713 Z42.980 E15820.48236
G1 X133.414 Y64.015 Z42.984 E15822.22205
G1 X133.863 Y65.335 Z42.988 E15823.96143
G1 X134.301 Y66.660 Z42.992 E15825.70113
G1 X134.679 Y68.002 Z42.996 E15827.44065
G1 X135.050 Y69.346 Z43.000 E15829.18034
;LAYER:42
;TYPE:WALL-OUTER
G1 X135.449 Y69.247 Z43.000 E15829.69214
G1 X135.756 Y70.618 Z43.004 E15831.44501
G1 X136.058 Y71.991 Z43.008 E15833.19771
G1 X136.298 Y73.375 Z43.012 E15834.95058
G1 X136.525 Y74.762 Z43.016 E15836.70314
G1 X136.697 Y76.157 Z43.020 E15838.45601
G1 X136.849 Y77.553 Z43.025 E15840.20844
G1 X136.952 Y78.955 Z43.029 E15841.96132
G1 X137.030 Y80.358 Z43.033 E15843.71369
G1 X137.064 Y81.763 Z43.037 E15845.46656
G1 X137.066 Y83.168 Z43.041 E15847.21891
G1 X137.031 Y84.573 Z43.045 E15848.97178
G1 X136.957 Y85.976 Z43.049 E15850.72413
G1 X136.854 Y87.377 Z43.053 E15852.47701
G1 X136.705 Y88.774 Z43.057 E15854.22941
G1 X136.533 Y90.169 Z43.061 E15855.98229
G1 X136.309 Y91.556 Z43.066 E15857.73478
G1 X136.069 Y92.941 Z43.070 E15859.48765
G1 X135.771 Y94.314 Z43.074 E15861.24026
G1 X135.464 Y95.686 Z43.078 E15862.99313
G1 X135.092 Y97.041 Z43.082 E15864.74590
G1 X134.715 Y98.395 Z43.086 E15866.49869
G1 X134.274 Y99.729 Z43.090 E15868.25156
G1 X133.825 Y101.061 Z43.094 E15870.00419
G1 X133.319 Y102.372 Z43.098 E15871.75707
G1 X132.799 Y103.677 Z43.102 E15873.50957
G1 X132.229 Y104.962 Z43.107 E15875.26245
G1 X131.640 Y106.237 Z43.111 E15877.01486
G1 X131.008 Y107.493 Z43.115 E15878.76773
G1 X130.351 Y108.735 Z43.119 E15880.52009
G1 X129.658 Y109.957 Z43.123 E15882.27297
G1 X128.936 Y111.162 Z43.127 E15884.02531
G1 X128.184 Y112.350 Z43.131 E15885.77819
G1 X127.398 Y113.514 Z43.135 E15887.53055
G1 X126.588 Y114.663 Z43.139 E15889.28343
G1 X125.741 Y115.783 Z43.143 E15891.03585
G1 X124.876 Y116.891 Z43.148 E15892.78872
G1 X123.969 Y117.965 Z43.152 E15894.54124
G1 X123.051 Y119.029 Z43.156 E15896.29412
G1 X122.088 Y120.052 Z43.160 E15898.04677
G1 X121.119 Y121.070 Z43.164 E15899.79964
G1 X120.103 Y122.040 Z43.168 E15901.55246
G1 X119.082 Y123.006 Z43.172 E15903.30520
G1 X118.017 Y123.924 Z43.176 E15905.05808
G1 X116.946 Y124.833 Z43.180 E15906.81067
G1 X115.838 Y125.698 Z43.184 E15908.56354
G1 X114.720 Y126.548 Z43.189 E15910.31601
G1 X113.571 Y127.357 Z43.193 E15912.06889
G1 X112.406 Y128.143 Z43.197 E15913.82104
G1 X111.212 Y128.884 Z43.201 E15915.57379
G1 X110.008 Y129.608 Z43.205 E15917.32634
G1 X108.792 Y130.312 Z43.209 E15919.07908
G1 X107.554 Y130.977 Z43.213 E15920.83116
G1 X106.299 Y131.609 Z43.217 E15922.58404
G1 X105.025 Y132.201 Z43.221 E15924.33642
G1 X103.740 Y132.771 Z43.225 E15926.08929
G1 X102.436 Y133.294 Z43.230 E15927.84174
G1 X101.125 Y133.800 Z43.234 E15929.59462
G1 X99.795 Y134.253 Z43.238 E15931.34718
G1 X98.460 Y134.693 Z43.242 E15933.10005
G1 X97.107 Y135.074 Z43.246 E15934.85275
G1 X95.753 Y135.448 Z43.250 E15936.60562
G1 X94.382 Y135.756 Z43.254 E15938.35849
G1 X93.009 Y136.057 Z43.258 E15940.11118
G1 X91.624 Y136.298 Z43.262 E15941.86405
G1 X90.238 Y136.525 Z43.266 E15943.61660
G1 X88.843 Y136.697 Z43.270 E15945.36947
G1 X87.446 Y136.849 Z43.275 E15947.12191
G1 X86.045 Y136.952 Z43.279 E15948.87479
G1 X84.642 Y137.029 Z43.283 E15950.62716
G1 X83.237 Y137.064 Z43.287 E15952.38004
G1 X81.832 Y137.066 Z43.291 E15954.13238
G1 X80.427 Y137.031 Z43.295 E15955.88526
G1 X79.024 Y136.957 Z43.299 E15957.63761
G1 X77.622 Y136.854 Z43.303 E15959.39049
G1 X76.225 Y136.705 Z43.307 E15961.14289
G1 X74.830 Y136.533 Z43.311 E15962.89576
G1 X73.443 Y136.309 Z43.316 E15964.64824
G1 X72.058 Y136.069 Z43.320 E15966.40112
G1 X70.685 Y135.771 Z43.324 E15968.15372
G1 X69.314 Y135.463 Z43.328 E15969.90660
G1 X67.958 Y135.092 Z43.332 E15971.65936
G1 X66.605 Y134.715 Z43.336 E15973.41216
G1 X65.270 Y134.274 Z43.340 E15975.16503
G1 X63.939 Y133.825 Z43.344 E15976.91766
G1 X62.628 Y133.319 Z43.348 E15978.67054
G1 X61.322 Y132.799 Z43.352 E15980.42304
G1 X60.038 Y132.229 Z43.357 E15982.17592
G1 X58.762 Y131.640 Z43.361 E15983.92833
G1 X57.507 Y131.008 Z43.365 E15985.68121
G1 X56.265 Y130.351 Z43.369 E15987.43357
G1 X55.042 Y129.658 Z43.373 E15989.18644
G1 X53.837 Y128.935 Z43.377 E15990.93879
G1 X52.650 Y128.184 Z43.381 E15992.69166
G1 X51.486 Y127.397 Z43.385 E15994.44403
G1 X50.337 Y126.588 Z43.389 E15996.19690
G1 X49.216 Y125.740 Z43.393 E15997.94933
G1 X48.108 Y124.876 Z43.398 E15999.70220
G1 X47.035 Y123.969 Z43.402 E16001.45472
G1 X45.971 Y123.051 Z43.406 E16003.20760
G1 X44.947 Y122.088 Z43.410 E16004.96025
G1 X43.930 Y121.119 Z43.414 E16006.71312
G1 X42.959 Y120.102 Z43.418 E16008.46594
G1 X41.994 Y119.081 Z43.422 E16010.21868
G1 X41.076 Y118.017 Z43.426 E16011.97156
G1 X40.166 Y116.946 Z43.430 E16013.72414
G1 X39.302 Y115.838 Z43.434 E16015.47702
G1 X38.451 Y114.719 Z43.439 E16017.22949
G1 X37.642 Y113.570 Z43.443 E16018.98236
G1 X36.853 Y112.408 Z43.447 E16020.73476
G1 X36.101 Y111.221 Z43.451 E16022.48763
G1 X35.376 Y110.017 Z43.455 E16024.23998
G1 X34.683 Y108.795 Z43.459 E16025.99286
G1 X34.023 Y107.554 Z43.463 E16027.74521
G1 X33.391 Y106.299 Z43.467 E16029.49808
G1 X32.799 Y105.025 Z43.471 E16031.25046
G1 X32.229 Y103.740 Z43.475 E16033.00334
G1 X31.706 Y102.436 Z43.480 E16034.75579
G1 X31.200 Y101.125 Z43.484 E16036.50866
G1 X30.747 Y99.795 Z43.488 E16038.26122
G1 X30.307 Y98.460 Z43.492 E16040.01410
G1 X29.926 Y97.108 Z43.496 E16041.76680
G1 X29.552 Y95.753 Z43.500 E16043.51966
G1 X29.244 Y94.382 Z43.504 E16045.27254
G1 X28.943 Y93.009 Z43.508 E16047.02522
G1 X28.702 Y91.624 Z43.512 E16048.77809
G1 X28.475 Y90.238 Z43.516 E16050.53064
G1 X28.303 Y88.843 Z43.520 E16052.28351
G1 X28.151 Y87.446 Z43.525 E16054.03596
G1 X28.048 Y86.045 Z43.529 E16055.78883
G1 X27.971 Y84.642 Z43.533 E16057.54121
G1 X27.936 Y83.237 Z43.537 E16059.29408
G1 X27.934 Y81.832 Z43.541 E16061.04643
G1 X27.969 Y80.427 Z43.545 E16062.79930
G1 X28.043 Y79.024 Z43.549 E16064.55166
G1 X28.146 Y77.622 Z43.553 E16066.30453
G1 X28.295 Y76.225 Z43.557 E16068.05693
G1 X28.467 Y74.830 Z43.561 E16069.80981
G1 X28.691 Y73.443 Z43.566 E16071.56229
G1 X28.931 Y72.059 Z43.570 E16073.31516
G1 X29.229 Y70.685 Z43.574 E16075.06777
G1 X29.537 Y69.314 Z43.578 E16076.82064
G1 X29.908 Y67.959 Z43.582 E16078.57340
G1 X30.285 Y66.605 Z43.586 E16080.32620
G1 X30.726 Y65.270 Z43.590 E16082.07907
G1 X31.175 Y63.939 Z43.594 E16083.83171
G1 X31.681 Y62.628 Z43.598 E16085.58458
G1 X32.201 Y61.323 Z43.602 E16087.33709
G1 X32.771 Y60.038 Z43.607 E16089.08996
G1 X33.360 Y58.762 Z43.611 E16090.84238
G1 X33.992 Y57.507 Z43.615 E16092.59525
G1 X34.649 Y56.265 Z43.619 E16094.34762
G1 X35.342 Y55.042 Z43.623 E16096.10049
G1 X36.064 Y53.837 Z43.627 E16097.85284
G1 X36.816 Y52.650 Z43.631 E16099.60571
G1 X37.603 Y51.486 Z43.635 E16101.35808
G1 X38.412 Y50.337 Z43.639 E16103.11095
G1 X39.260 Y49.216 Z43.643 E16104.86337
G1 X40.124 Y48.108 Z43.648 E16106.61625
G1 X41.031 Y47.035 Z43.652 E16108.36877
G1 X41.949 Y45.971 Z43.656 E16110.12164
G1 X42.912 Y44.947 Z43.660 E16111.87429
G1 X43.881 Y43.930 Z43.664 E16113.62717
G1 X44.898 Y42.959 Z43.668 E16115.37999
G1 X45.919 Y41.994 Z43.672 E16117.13273
G1 X46.983 Y41.076 Z43.676 E16118.88560
G1 X48.054 Y40.167 Z43.680 E16120.63819
G1 X49.162 Y39.302 Z43.684 E16122.39106
G1 X50.281 Y38.452 Z43.689 E16124.14353
G1 X51.430 Y37.642 Z43.693 E16125.89641
G1 X52.592 Y36.853 Z43.697 E16127.64880
G1 X53.779 Y36.101 Z43.701 E16129.40168
G1 X54.982 Y35.376 Z43.705 E16131.15403
G1 X56.205 Y34.683 Z43.709 E16132.90690
G1 X57.446 Y34.023 Z43.713 E16134.65925
G1 X58.701 Y33.391 Z43.717 E16136.41213
G1 X59.975 Y32.799 Z43.721 E16138.16451
G1 X61.260 Y32.229 Z43.725 E16139.91738
G1 X62.564 Y31.706 Z43.730 E16141.66983
G1 X63.875 Y31.200 Z43.734 E16143.42271
G1 X65.205 Y30.747 Z43.738 E16145.17527
G1 X66.540 Y30.307 Z43.742 E16146.92814
G1 X67.892 Y29.926 Z43.746 E16148.68084
G1 X69.247 Y29.552 Z43.750 E16150.43371
G1 X70.618 Y29.244 Z43.754 E16152.18658
G1 X71.991 Y28.943 Z43.758 E16153.93927
G1 X73.375 Y28.702 Z43.762 E16155.69214
G1 X74.762 Y28.475 Z43.766 E16157.44469
G1 X76.157 Y28.303 Z43.770 E16159.19756
G1 X77.554 Y28.151 Z43.775 E16160.95000
G1 X78.955 Y28.048 Z43.779 E16162.70288
G1 X80.358 Y27.971 Z43.783 E16164.45525
G1 X81.763 Y27.936 Z43.787 E16166.20813
G1 X83.168 Y27.934 Z43.791 E16167.96047
G1 X84.573 Y27.969 Z43.795 E16169.71335
G1 X85.976 Y28.043 Z43.799 E16171.46570
G1 X87.378 Y28.146 Z43.803 E16173.21858
G1 X88.775 Y28.295 Z43.807 E16174.97098
G1 X90.169 Y28.467 Z43.811 E16176.72385
G1 X91.557 Y28.691 Z43.816 E16178.47633
G1 X92.941 Y28.931 Z43.820 E16180.22921
G1 X94.315 Y29.229 Z43.824 E16181.98181
G1 X95.686 Y29.537 Z43.828 E16183.73468
G1 X97.041 Y29.908 Z43.832 E16185.48744
G1 X98.395 Y30.285 Z43.836 E16187.24024
G1 X99.729 Y30.726 Z43.840 E16188.99312
G1 X101.061 Y31.175 Z43.844 E16190.74575
G1 X102.372 Y31.681 Z43.848 E16192.49863
G1 X103.677 Y32.201 Z43.852 E16194.25113
G1 X104.962 Y32.771 Z43.857 E16196.00401
G1 X106.238 Y33.360 Z43.861 E16197.75642
G1 X107.493 Y33.992 Z43.865 E16199.50930
G1 X108.735 Y34.649 Z43.869 E16201.26166
G1 X109.958 Y35.342 Z43.873 E16203.01453
G1 X111.162 Y36.064 Z43.877 E16204.76688
G1 X112.350 Y36.816 Z43.881 E16206.51975
G1 X113.514 Y37.603 Z43.885 E16208.27212
G1 X114.663 Y38.412 Z43.889 E16210.02499
G1 X115.784 Y39.259 Z43.893 E16211.77742
G1 X116.891 Y40.124 Z43.898 E16213.53029
G1 X117.965 Y41.031 Z43.902 E16215.28281
G1 X119.029 Y41.949 Z43.906 E16217.03569
G1 X120.052 Y42.912 Z43.910 E16218.78834
G1 X121.070 Y43.881 Z43.914 E16220.54121
G1 X122.041 Y44.897 Z43.918 E16222.29403
G1 X123.006 Y45.919 Z43.922 E16224.04677
G1 X123.924 Y46.983 Z43.926 E16225.79964
G1 X124.833 Y48.054 Z43.930 E16227.55223
G1 X125.698 Y49.162 Z43.934 E16229.30511
G1 X126.548 Y50.280 Z43.939 E16231.05758
G1 X127.358 Y51.429 Z43.943 E16232.81045
G1 X128.147 Y52.592 Z43.947 E16234.56285
G1 X128.899 Y53.779 Z43.951 E16236.31572
G1 X129.624 Y54.982 Z43.955 E16238.06807
G1 X130.317 Y56.205 Z43.959 E16239.82095
G1 X130.977 Y57.445 Z43.963 E16241.57330
G1 X131.609 Y58.701 Z43.967 E16243.32617
G1 X132.201 Y59.975 Z43.971 E16245.07855
G1 X132.771 Y61.260 Z43.975 E16246.83142
G1 X133.294 Y62.563 Z43.980 E16248.58387
G1 X133.800 Y63.875 Z43.984 E16250.33674
G1 X134.253 Y65.205 Z43.988 E16252.08929
G1 X134.693 Y66.539 Z43.992 E16253.84217
G1 X135.074 Y67.892 Z43.996 E16255.59486
G1 X135.449 Y69.247 Z44.000 E16257.34774
;LAYER:43
;TYPE:WALL-OUTER
G1 X135.828 Y69.152 Z44.000 E16257.83548
G1 X136.138 Y70.533 Z44.004 E16259.60091
G1 X136.441 Y71.915 Z44.008 E16261.36616
G1 X136.683 Y73.310 Z44.012 E16263.13160
G1 X136.912 Y74.706 Z44.016 E16264.89671
G1 X137.085 Y76.111 Z44.020 E16266.66214
G1 X137.238 Y77.518 Z44.025 E16268.42713
G1 X137.342 Y78.930 Z44.029 E16270.19256
G1 X137.420 Y80.343 Z44.033 E16271.95749
G1 X137.455 Y81.758 Z44.037 E16273.72292
G1 X137.456 Y83.173 Z44.041 E16275.48782
G1 X137.422 Y84.588 Z44.045 E16277.25326
G1 X137.348 Y86.001 Z44.049 E16279.01817
G1 X137.243 Y87.412 Z44.053 E16280.78360
G1 X137.094 Y88.819 Z44.057 E16282.54856
G1 X136.920 Y90.224 Z44.061 E16284.31399
G1 X136.695 Y91.621 Z44.066 E16286.07904
G1 X136.453 Y93.016 Z44.070 E16287.84447
G1 X136.153 Y94.399 Z44.074 E16289.60963
G1 X135.843 Y95.780 Z44.078 E16291.37507
G1 X135.469 Y97.145 Z44.082 E16293.14039
G1 X135.089 Y98.509 Z44.086 E16294.90574
G1 X134.645 Y99.853 Z44.090 E16296.67118
G1 X134.193 Y101.194 Z44.094 E16298.43636
G1 X133.683 Y102.514 Z44.098 E16300.20180
G1 X133.159 Y103.829 Z44.102 E16301.96686
G1 X132.586 Y105.123 Z44.107 E16303.73229
G1 X131.992 Y106.407 Z44.111 E16305.49726
G1 X131.356 Y107.672 Z44.115 E16307.26269
G1 X130.694 Y108.922 Z44.119 E16309.02761
G1 X129.996 Y110.154 Z44.123 E16310.79304
G1 X129.268 Y111.368 Z44.127 E16312.55795
G1 X128.511 Y112.563 Z44.131 E16314.32338
G1 X127.719 Y113.736 Z44.135 E16316.08830
G1 X126.904 Y114.893 Z44.139 E16317.85373
G1 X126.050 Y116.022 Z44.143 E16319.61871
G1 X125.180 Y117.138 Z44.148 E16321.38414
G1 X124.266 Y118.219 Z44.152 E16323.14922
G1 X123.342 Y119.291 Z44.156 E16324.91465
G1 X122.372 Y120.321 Z44.160 E16326.67986
G1 X121.396 Y121.346 Z44.164 E16328.44529
G1 X120.372 Y122.324 Z44.168 E16330.21066
G1 X119.344 Y123.296 Z44.172 E16331.97597
G1 X118.272 Y124.221 Z44.176 E16333.74140
G1 X117.193 Y125.137 Z44.180 E16335.50655
G1 X116.077 Y126.007 Z44.184 E16337.27198
G1 X114.951 Y126.864 Z44.189 E16339.03701
G1 X113.793 Y127.679 Z44.193 E16340.80245
G1 X112.621 Y128.471 Z44.197 E16342.56723
G1 X111.421 Y129.221 Z44.201 E16344.33257
G1 X110.208 Y129.951 Z44.205 E16346.09761
G1 X108.981 Y130.656 Z44.209 E16347.86294
G1 X107.734 Y131.324 Z44.213 E16349.62766
G1 X106.470 Y131.961 Z44.217 E16351.39309
G1 X105.186 Y132.558 Z44.221 E16353.15803
G1 X103.892 Y133.131 Z44.225 E16354.92346
G1 X102.579 Y133.658 Z44.230 E16356.68847
G1 X101.259 Y134.167 Z44.234 E16358.45390
G1 X99.919 Y134.623 Z44.238 E16360.21902
G1 X98.575 Y135.067 Z44.242 E16361.98445
G1 X97.212 Y135.451 Z44.246 E16363.74971
G1 X95.848 Y135.828 Z44.250 E16365.51514
G1 X94.467 Y136.138 Z44.254 E16367.28057
G1 X93.085 Y136.441 Z44.258 E16369.04582
G1 X91.690 Y136.683 Z44.262 E16370.81125
G1 X90.293 Y136.912 Z44.266 E16372.57635
G1 X88.889 Y137.085 Z44.270 E16374.34179
G1 X87.482 Y137.238 Z44.275 E16376.10679
G1 X86.070 Y137.342 Z44.279 E16377.87222
G1 X84.657 Y137.420 Z44.283 E16379.63715
G1 X83.242 Y137.454 Z44.287 E16381.40258
G1 X81.827 Y137.457 Z44.291 E16383.16749
G1 X80.412 Y137.422 Z44.295 E16384.93292
G1 X78.999 Y137.348 Z44.299 E16386.69783
G1 X77.587 Y137.243 Z44.303 E16388.46327
G1 X76.180 Y137.094 Z44.307 E16390.22822
G1 X74.775 Y136.920 Z44.311 E16391.99366
G1 X73.378 Y136.695 Z44.316 E16393.75870
G1 X71.984 Y136.453 Z44.320 E16395.52413
G1 X70.601 Y136.153 Z44.324 E16397.28929
G1 X69.220 Y135.843 Z44.328 E16399.05472
G1 X67.854 Y135.469 Z44.332 E16400.82003
G1 X66.491 Y135.089 Z44.336 E16402.58540
G1 X65.147 Y134.645 Z44.340 E16404.35083
G1 X63.806 Y134.193 Z44.344 E16406.11603
G1 X62.486 Y133.683 Z44.348 E16407.88146
G1 X61.171 Y133.159 Z44.352 E16409.64652
G1 X59.877 Y132.586 Z44.357 E16411.41196
G1 X58.592 Y131.992 Z44.361 E16413.17693
G1 X57.328 Y131.355 Z44.365 E16414.94236
G1 X56.077 Y130.694 Z44.369 E16416.70728
G1 X54.846 Y129.996 Z44.373 E16418.47272
G1 X53.632 Y129.268 Z44.377 E16420.23762
G1 X52.436 Y128.511 Z44.381 E16422.00305
G1 X51.264 Y127.719 Z44.385 E16423.76797
G1 X50.106 Y126.904 Z44.389 E16425.53341
G1 X48.978 Y126.050 Z44.393 E16427.29838
G1 X47.862 Y125.179 Z44.398 E16429.06382
G1 X46.781 Y124.266 Z44.402 E16430.82889
G1 X45.709 Y123.342 Z44.406 E16432.59433
G1 X44.678 Y122.372 Z44.410 E16434.35953
G1 X43.653 Y121.396 Z44.414 E16436.12496
G1 X42.676 Y120.372 Z44.418 E16437.89034
G1 X41.704 Y119.344 Z44.422 E16439.65564
G1 X40.779 Y118.272 Z44.426 E16441.42108
G1 X39.863 Y117.193 Z44.430 E16443.18622
G1 X38.992 Y116.077 Z44.434 E16444.95166
G1 X38.136 Y114.950 Z44.439 E16446.71669
G1 X37.321 Y113.793 Z44.443 E16448.48212
G1 X36.526 Y112.622 Z44.447 E16450.24707
G1 X35.769 Y111.426 Z44.451 E16452.01251
G1 X35.038 Y110.215 Z44.455 E16453.77741
G1 X34.340 Y108.983 Z44.459 E16455.54285
G1 X33.676 Y107.734 Z44.463 E16457.30775
G1 X33.039 Y106.470 Z44.467 E16459.07319
G1 X32.443 Y105.187 Z44.471 E16460.83812
G1 X31.869 Y103.893 Z44.475 E16462.60356
G1 X31.342 Y102.579 Z44.480 E16464.36856
G1 X30.833 Y101.259 Z44.484 E16466.13399
G1 X30.377 Y99.919 Z44.488 E16467.89911
G1 X29.933 Y98.575 Z44.492 E16469.66454
G1 X29.549 Y97.212 Z44.496 E16471.42980
G1 X29.172 Y95.848 Z44.500 E16473.19523
G1 X28.862 Y94.467 Z44.504 E16474.96066
G1 X28.559 Y93.085 Z44.508 E16476.72591
G1 X28.317 Y91.690 Z44.512 E16478.49134
G1 X28.088 Y90.293 Z44.516 E16480.25644
G1 X27.915 Y88.889 Z44.520 E16482.02188
G1 X27.762 Y87.482 Z44.525 E16483.78688
G1 X27.658 Y86.070 Z44.529 E16485.55231
G1 X27.580 Y84.657 Z44.533 E16487.31724
G1 X27.545 Y83.242 Z44.537 E16489.08268
G1 X27.543 Y81.827 Z44.541 E16490.84758
G1 X27.578 Y80.412 Z44.545 E16492.61301
G1 X27.652 Y78.999 Z44.549 E16494.37792
G1 X27.757 Y77.587 Z44.553 E16496.14336
G1 X27.906 Y76.180 Z44.557 E16497.90831
G1 X28.080 Y74.776 Z44.561 E16499.67375
G1 X28.305 Y73.378 Z44.566 E16501.43878
G1 X28.547 Y71.984 Z44.570 E16503.20422
G1 X28.847 Y70.601 Z44.574 E16504.96938
G1 X29.157 Y69.220 Z44.578 E16506.73481
G1 X29.531 Y67.855 Z44.582 E16508.50012
G1 X29.911 Y66.491 Z44.586 E16510.26549
G1 X30.355 Y65.147 Z44.590 E16512.03092
G1 X30.807 Y63.806 Z44.594 E16513.79611
G1 X31.317 Y62.486 Z44.598 E16515.56155
G1 X31.841 Y61.171 Z44.602 E16517.32661
G1 X32.414 Y59.877 Z44.607 E16519.09205
G1 X33.008 Y58.592 Z44.611 E16520.85702
G1 X33.644 Y57.328 Z44.615 E16522.62245
G1 X34.306 Y56.077 Z44.619 E16524.38737
G1 X35.004 Y54.846 Z44.623 E16526.15281
G1 X35.732 Y53.632 Z44.627 E16527.91771
G1 X36.489 Y52.436 Z44.631 E16529.68314
G1 X37.281 Y51.264 Z44.635 E16531.44806
G1 X38.096 Y50.107 Z44.639 E16533.21350
G1 X38.950 Y48.978 Z44.643 E16534.97847
G1 X39.821 Y47.862 Z44.648 E16536.74391
G1 X40.734 Y46.781 Z44.652 E16538.50898
G1 X41.658 Y45.709 Z44.656 E16540.27442
G1 X42.628 Y44.678 Z44.660 E16542.03962
G1 X43.604 Y43.653 Z44.664 E16543.80505
G1 X44.628 Y42.676 Z44.668 E16545.57043
G1 X45.656 Y41.704 Z44.672 E16547.33573
G1 X46.728 Y40.779 Z44.676 E16549.10117
G1 X47.807 Y39.863 Z44.680 E16550.86631
G1 X48.923 Y38.993 Z44.684 E16552.63175
G1 X50.050 Y38.136 Z44.689 E16554.39678
G1 X51.207 Y37.321 Z44.693 E16556.16221
G1 X52.378 Y36.526 Z44.697 E16557.92716
G1 X53.574 Y35.769 Z44.701 E16559.69260
G1 X54.785 Y35.038 Z44.705 E16561.45750
G1 X56.017 Y34.341 Z44.709 E16563.22294
G1 X57.266 Y33.676 Z44.713 E16564.98784
G1 X58.530 Y33.039 Z44.717 E16566.75328
G1 X59.813 Y32.443 Z44.721 E16568.51821
G1 X61.107 Y31.869 Z44.725 E16570.28365
G1 X62.421 Y31.342 Z44.730 E16572.04865
G1 X63.741 Y30.833 Z44.734 E16573.81408
G1 X65.081 Y30.377 Z44.738 E16575.57920
G1 X66.425 Y29.933 Z44.742 E16577.34463
G1 X67.788 Y29.549 Z44.746 E16579.10989
G1 X69.152 Y29.172 Z44.750 E16580.87532
G1 X70.533 Y28.862 Z44.754 E16582.64075
G1 X71.915 Y28.559 Z44.758 E16584.40600
G1 X73.310 Y28.317 Z44.762 E16586.17143
G1 X74.706 Y28.088 Z44.766 E16587.93653
G1 X76.111 Y27.915 Z44.770 E16589.70197
G1 X77.518 Y27.762 Z44.775 E16591.46697
G1 X78.930 Y27.658 Z44.779 E16593.23240
G1 X80.343 Y27.580 Z44.783 E16594.99733
G1 X81.758 Y27.545 Z44.787 E16596.76277
G1 X83.173 Y27.543 Z44.791 E16598.52767
G1 X84.588 Y27.578 Z44.795 E16600.29310
G1 X86.001 Y27.652 Z44.799 E16602.05801
G1 X87.412 Y27.757 Z44.803 E16603.82345
G1 X88.820 Y27.906 Z44.807 E16605.58840
G1 X90.224 Y28.080 Z44.811 E16607.35384
G1 X91.621 Y28.305 Z44.816 E16609.11887
G1 X93.016 Y28.547 Z44.820 E16610.88431
G1 X94.399 Y28.847 Z44.824 E16612.64947
G1 X95.780 Y29.157 Z44.828 E16614.41490
G1 X97.145 Y29.531 Z44.832 E16616.18021
G1 X98.509 Y29.911 Z44.836 E16617.94558
G1 X99.853 Y30.355 Z44.840 E16619.71101
G1 X101.194 Y30.807 Z44.844 E16621.47620
G1 X102.514 Y31.317 Z44.848 E16623.24164
G1 X103.829 Y31.841 Z44.852 E16625.00670
G1 X105.123 Y32.414 Z44.857 E16626.77214
G1 X106.408 Y33.008 Z44.861 E16628.53711
G1 X107.672 Y33.644 Z44.865 E16630.30254
G1 X108.923 Y34.306 Z44.869 E16632.06746
G1 X110.154 Y35.004 Z44.873 E16633.83290
G1 X111.368 Y35.732 Z44.877 E16635.59780
G1 X112.563 Y36.489 Z44.881 E16637.36323
G1 X113.736 Y37.281 Z44.885 E16639.12815
G1 X114.893 Y38.096 Z44.889 E16640.89359
G1 X116.022 Y38.950 Z44.893 E16642.65856
G1 X117.138 Y39.821 Z44.898 E16644.42400
G1 X118.219 Y40.734 Z44.902 E16646.18907
G1 X119.291 Y41.658 Z44.906 E16647.95451
G1 X120.321 Y42.628 Z44.910 E16649.71971
G1 X121.346 Y43.604 Z44.914 E16651.48514
G1 X122.324 Y44.628 Z44.918 E16653.25052
G1 X123.296 Y45.656 Z44.922 E16655.01582
G1 X124.221 Y46.728 Z44.926 E16656.78126
G1 X125.137 Y47.807 Z44.930 E16658.54640
G1 X126.007 Y48.923 Z44.934 E16660.31184
G1 X126.864 Y50.049 Z44.939 E16662.07687
G1 X127.679 Y51.207 Z44.943 E16663.84230
G1 X128.474 Y52.378 Z44.947 E16665.60725
G1 X129.231 Y53.573 Z44.951 E16667.37269
G1 X129.962 Y54.785 Z44.955 E16669.13759
G1 X130.659 Y56.017 Z44.959 E16670.90303
G1 X131.324 Y57.266 Z44.963 E16672.66793
G1 X131.960 Y58.530 Z44.967 E16674.43336
G1 X132.557 Y59.813 Z44.971 E16676.19830
G1 X133.131 Y61.107 Z44.975 E16677.96373
G1 X133.658 Y62.421 Z44.980 E16679.72873
G1 X134.167 Y63.741 Z44.984 E16681.49417
G1 X134.623 Y65.081 Z44.988 E16683.25928
G1 X135.067 Y66.425 Z44.992 E16685.02471
G1 X135.451 Y67.787 Z44.996 E16686.78996
G1 X135.828 Y69.152 Z45.000 E16688.55540
;LAYER:44
;TYPE:WALL-OUTER
G1 X136.188 Y69.060 Z45.000 E16689.01878
G1 X136.500 Y70.451 Z45.004 E16690.79614
G1 X136.806 Y71.842 Z45.008 E16692.57333
G1 X137.049 Y73.247 Z45.012 E16694.35069
G1 X137.280 Y74.652 Z45.016 E16696.12773
G1 X137.454 Y76.067 Z45.020 E16697.90509
G1 X137.608 Y77.483 Z45.025 E16699.68201
G1 X137.713 Y78.904 Z45.029 E16701.45937
G1 X137.791 Y80.327 Z45.033 E16703.23624
G1 X137.826 Y81.751 Z45.037 E16705.01360
G1 X137.828 Y83.176 Z45.041 E16706.79043
G1 X137.793 Y84.600 Z45.045 E16708.56779
G1 X137.718 Y86.023 Z45.049 E16710.34463
G1 X137.613 Y87.444 Z45.053 E16712.12199
G1 X137.463 Y88.861 Z45.057 E16713.89888
G1 X137.288 Y90.275 Z45.061 E16715.67624
G1 X137.062 Y91.682 Z45.066 E16717.45321
G1 X136.818 Y93.086 Z45.070 E16719.23057
G1 X136.516 Y94.478 Z45.074 E16721.00766
G1 X136.204 Y95.869 Z45.078 E16722.78503
G1 X135.828 Y97.243 Z45.082 E16724.56228
G1 X135.445 Y98.616 Z45.086 E16726.33957
G1 X134.998 Y99.969 Z45.090 E16728.11693
G1 X134.542 Y101.319 Z45.094 E16729.89406
G1 X134.029 Y102.648 Z45.098 E16731.67142
G1 X133.502 Y103.972 Z45.102 E16733.44842
G1 X132.925 Y105.275 Z45.107 E16735.22578
G1 X132.327 Y106.568 Z45.111 E16737.00268
G1 X131.686 Y107.841 Z45.115 E16738.78005
G1 X131.020 Y109.100 Z45.119 E16740.55690
G1 X130.318 Y110.340 Z45.123 E16742.33426
G1 X129.585 Y111.562 Z45.127 E16744.11109
G1 X128.823 Y112.765 Z45.131 E16745.88845
G1 X128.026 Y113.946 Z45.135 E16747.66530
G1 X127.205 Y115.111 Z45.139 E16749.44267
G1 X126.346 Y116.248 Z45.143 E16751.21957
G1 X125.469 Y117.371 Z45.148 E16752.99694
G1 X124.550 Y118.459 Z45.152 E16754.77394
G1 X123.619 Y119.538 Z45.156 E16756.55130
G1 X122.642 Y120.576 Z45.160 E16758.32844
G1 X121.660 Y121.608 Z45.164 E16760.10580
G1 X120.629 Y122.592 Z45.168 E16761.88310
G1 X119.594 Y123.571 Z45.172 E16763.66034
G1 X118.515 Y124.502 Z45.176 E16765.43771
G1 X117.428 Y125.424 Z45.180 E16767.21479
G1 X116.305 Y126.301 Z45.184 E16768.99215
G1 X115.171 Y127.163 Z45.189 E16770.76911
G1 X114.006 Y127.983 Z45.193 E16772.54648
G1 X112.827 Y128.783 Z45.197 E16774.32332
G1 X111.622 Y129.544 Z45.201 E16776.10065
G1 X110.402 Y130.279 Z45.205 E16777.87752
G1 X109.163 Y130.983 Z45.209 E16779.65486
G1 X107.906 Y131.654 Z45.213 E16781.43164
G1 X106.633 Y132.294 Z45.217 E16783.20901
G1 X105.341 Y132.895 Z45.221 E16784.98587
G1 X104.038 Y133.473 Z45.225 E16786.76324
G1 X102.716 Y134.003 Z45.230 E16788.54017
G1 X101.387 Y134.516 Z45.234 E16790.31753
G1 X100.038 Y134.975 Z45.238 E16792.09457
G1 X98.685 Y135.422 Z45.242 E16793.87194
G1 X97.313 Y135.808 Z45.246 E16795.64912
G1 X95.940 Y136.188 Z45.250 E16797.42649
G1 X94.549 Y136.500 Z45.254 E16799.20385
G1 X93.158 Y136.806 Z45.258 E16800.98103
G1 X91.753 Y137.049 Z45.262 E16802.75840
G1 X90.347 Y137.279 Z45.266 E16804.53544
G1 X88.933 Y137.454 Z45.270 E16806.31280
G1 X87.517 Y137.608 Z45.275 E16808.08973
G1 X86.096 Y137.713 Z45.279 E16809.86710
G1 X84.673 Y137.791 Z45.283 E16811.64394
G1 X83.249 Y137.825 Z45.287 E16813.42131
G1 X81.824 Y137.828 Z45.291 E16815.19816
G1 X80.399 Y137.793 Z45.295 E16816.97553
G1 X78.977 Y137.718 Z45.299 E16818.75237
G1 X77.556 Y137.613 Z45.303 E16820.52973
G1 X76.139 Y137.463 Z45.307 E16822.30661
G1 X74.725 Y137.288 Z45.311 E16824.08398
G1 X73.318 Y137.061 Z45.316 E16825.86094
G1 X71.914 Y136.818 Z45.320 E16827.63831
G1 X70.522 Y136.516 Z45.324 E16829.41539
G1 X69.131 Y136.204 Z45.328 E16831.19276
G1 X67.757 Y135.827 Z45.332 E16832.97000
G1 X66.384 Y135.445 Z45.336 E16834.74730
G1 X65.031 Y134.998 Z45.340 E16836.52466
G1 X63.681 Y134.542 Z45.344 E16838.30179
G1 X62.352 Y134.029 Z45.348 E16840.07916
G1 X61.028 Y133.502 Z45.352 E16841.85615
G1 X59.725 Y132.925 Z45.357 E16843.63352
G1 X58.432 Y132.327 Z45.361 E16845.41042
G1 X57.159 Y131.686 Z45.365 E16847.18779
G1 X55.900 Y131.020 Z45.369 E16848.96464
G1 X54.660 Y130.318 Z45.373 E16850.74200
G1 X53.438 Y129.585 Z45.377 E16852.51883
G1 X52.234 Y128.823 Z45.381 E16854.29620
G1 X51.054 Y128.025 Z45.385 E16856.07305
G1 X49.889 Y127.205 Z45.389 E16857.85041
G1 X48.752 Y126.345 Z45.393 E16859.62732
G1 X47.629 Y125.469 Z45.398 E16861.40468
G1 X46.541 Y124.549 Z45.402 E16863.18168
G1 X45.462 Y123.619 Z45.406 E16864.95905
G1 X44.424 Y122.642 Z45.410 E16866.73618
G1 X43.392 Y121.659 Z45.414 E16868.51354
G1 X42.408 Y120.629 Z45.418 E16870.29084
G1 X41.429 Y119.594 Z45.422 E16872.06808
G1 X40.498 Y118.514 Z45.426 E16873.84545
G1 X39.576 Y117.428 Z45.430 E16875.62253
G1 X38.699 Y116.305 Z45.434 E16877.39989
G1 X37.837 Y115.171 Z45.439 E16879.17686
G1 X37.016 Y114.006 Z45.443 E16880.95422
G1 X36.216 Y112.827 Z45.447 E16882.73110
G1 X35.454 Y111.623 Z45.451 E16884.50847
G1 X34.718 Y110.403 Z45.455 E16886.28531
G1 X34.016 Y109.163 Z45.459 E16888.06267
G1 X33.346 Y107.906 Z45.463 E16889.83950
G1 X32.706 Y106.633 Z45.467 E16891.61687
G1 X32.105 Y105.341 Z45.471 E16893.39373
G1 X31.527 Y104.038 Z45.475 E16895.17110
G1 X30.997 Y102.716 Z45.480 E16896.94803
G1 X30.484 Y101.387 Z45.484 E16898.72539
G1 X30.025 Y100.038 Z45.488 E16900.50243
G1 X29.578 Y98.685 Z45.492 E16902.27980
G1 X29.192 Y97.313 Z45.496 E16904.05698
G1 X28.812 Y95.940 Z45.500 E16905.83435
G1 X28.500 Y94.549 Z45.504 E16907.61171
G1 X28.194 Y93.158 Z45.508 E16909.38889
G1 X27.951 Y91.753 Z45.512 E16911.16626
G1 X27.721 Y90.347 Z45.516 E16912.94330
G1 X27.546 Y88.933 Z45.520 E16914.72066
G1 X27.392 Y87.517 Z45.525 E16916.49759
G1 X27.287 Y86.096 Z45.529 E16918.27496
G1 X27.209 Y84.673 Z45.533 E16920.05182
G1 X27.174 Y83.249 Z45.537 E16921.82919
G1 X27.172 Y81.824 Z45.541 E16923.60602
G1 X27.207 Y80.399 Z45.545 E16925.38338
G1 X27.282 Y78.977 Z45.549 E16927.16022
G1 X27.387 Y77.556 Z45.553 E16928.93759
G1 X27.537 Y76.139 Z45.557 E16930.71447
G1 X27.712 Y74.725 Z45.561 E16932.49183
G1 X27.938 Y73.318 Z45.566 E16934.26880
G1 X28.182 Y71.914 Z45.570 E16936.04616
G1 X28.484 Y70.522 Z45.574 E16937.82325
G1 X28.796 Y69.131 Z45.578 E16939.60061
G1 X29.172 Y67.757 Z45.582 E16941.37785
G1 X29.555 Y66.384 Z45.586 E16943.15515
G1 X30.002 Y65.031 Z45.590 E16944.93252
G1 X30.458 Y63.681 Z45.594 E16946.70965
G1 X30.971 Y62.352 Z45.598 E16948.48701
G1 X31.498 Y61.028 Z45.602 E16950.26401
G1 X32.075 Y59.725 Z45.607 E16952.04137
G1 X32.673 Y58.432 Z45.611 E16953.81828
G1 X33.314 Y57.159 Z45.615 E16955.59564
G1 X33.980 Y55.900 Z45.619 E16957.37249
G1 X34.682 Y54.660 Z45.623 E16959.14986
G1 X35.415 Y53.438 Z45.627 E16960.92669
G1 X36.177 Y52.234 Z45.631 E16962.70405
G1 X36.974 Y51.054 Z45.635 E16964.48090
G1 X37.795 Y49.889 Z45.639 E16966.25826
G1 X38.655 Y48.752 Z45.643 E16968.03517
G1 X39.531 Y47.629 Z45.648 E16969.81254
G1 X40.451 Y46.541 Z45.652 E16971.58954
G1 X41.381 Y45.462 Z45.656 E16973.36690
G1 X42.358 Y44.424 Z45.660 E16975.14403
G1 X43.340 Y43.392 Z45.664 E16976.92140
G1 X44.371 Y42.408 Z45.668 E16978.69870
G1 X45.406 Y41.429 Z45.672 E16980.47594
G1 X46.485 Y40.498 Z45.676 E16982.25330
G1 X47.572 Y39.576 Z45.680 E16984.03038
G1 X48.695 Y38.699 Z45.684 E16985.80775
G1 X49.829 Y37.837 Z45.689 E16987.58471
G1 X50.994 Y37.017 Z45.693 E16989.36208
G1 X52.173 Y36.216 Z45.697 E16991.13896
G1 X53.377 Y35.454 Z45.701 E16992.91632
G1 X54.597 Y34.718 Z45.705 E16994.69316
G1 X55.837 Y34.016 Z45.709 E16996.47053
G1 X57.094 Y33.346 Z45.713 E16998.24736
G1 X58.367 Y32.706 Z45.717 E17000.02472
G1 X59.659 Y32.105 Z45.721 E17001.80159
G1 X60.962 Y31.528 Z45.725 E17003.57895
G1 X62.284 Y30.997 Z45.730 E17005.35588
G1 X63.613 Y30.484 Z45.734 E17007.13325
G1 X64.962 Y30.025 Z45.738 E17008.91029
G1 X66.315 Y29.578 Z45.742 E17010.68765
G1 X67.687 Y29.192 Z45.746 E17012.46484
G1 X69.060 Y28.812 Z45.750 E17014.24220
G1 X70.451 Y28.500 Z45.754 E17016.01957
G1 X71.842 Y28.194 Z45.758 E17017.79675
G1 X73.246 Y27.951 Z45.762 E17019.57411
G1 X74.652 Y27.721 Z45.766 E17021.35115
G1 X76.067 Y27.546 Z45.770 E17023.12852
G1 X77.483 Y27.392 Z45.775 E17024.90545
G1 X78.904 Y27.287 Z45.779 E17026.68281
G1 X80.327 Y27.209 Z45.783 E17028.45968
G1 X81.751 Y27.174 Z45.787 E17030.23704
G1 X83.176 Y27.172 Z45.791 E17032.01387
G1 X84.600 Y27.207 Z45.795 E17033.79124
G1 X86.023 Y27.282 Z45.799 E17035.56808
G1 X87.444 Y27.387 Z45.803 E17037.34544
G1 X88.861 Y27.537 Z45.807 E17039.12232
G1 X90.275 Y27.712 Z45.811 E17040.89969
G1 X91.682 Y27.938 Z45.816 E17042.67665
G1 X93.086 Y28.182 Z45.820 E17044.45402
G1 X94.478 Y28.485 Z45.824 E17046.23107
G1 X95.868 Y28.799 Z45.828 E17048.00842
G1 X97.243 Y29.173 Z45.832 E17049.78563
G1 X98.615 Y29.557 Z45.836 E17051.56287
G1 X99.969 Y30.003 Z45.840 E17053.34023
G1 X101.319 Y30.458 Z45.844 E17055.11734
G1 X102.648 Y30.971 Z45.848 E17056.89470
G1 X103.972 Y31.498 Z45.852 E17058.67170
G1 X105.275 Y32.075 Z45.857 E17060.44907
G1 X106.568 Y32.673 Z45.861 E17062.22597
G1 X107.841 Y33.314 Z45.865 E17064.00333
G1 X109.100 Y33.980 Z45.869 E17065.78018
G1 X110.340 Y34.682 Z45.873 E17067.55755
G1 X111.562 Y35.415 Z45.877 E17069.33438
G1 X112.766 Y36.177 Z45.881 E17071.11174
G1 X113.946 Y36.975 Z45.885 E17072.88859
G1 X115.111 Y37.795 Z45.889 E17074.66596
G1 X116.248 Y38.655 Z45.893 E17076.44286
G1 X117.371 Y39.531 Z45.898 E17078.22023
G1 X118.459 Y40.451 Z45.902 E17079.99723
G1 X119.538 Y41.381 Z45.906 E17081.77459
G1 X120.576 Y42.358 Z45.910 E17083.55172
G1 X121.608 Y43.341 Z45.914 E17085.32909
G1 X122.592 Y44.371 Z45.918 E17087.10639
G1 X123.571 Y45.406 Z45.922 E17088.88363
G1 X124.502 Y46.486 Z45.926 E17090.66099
G1 X125.424 Y47.572 Z45.930 E17092.43808
G1 X126.301 Y48.695 Z45.934 E17094.21544
G1 X127.163 Y49.829 Z45.939 E17095.99240
G1 X127.984 Y50.994 Z45.943 E17097.76977
G1 X128.784 Y52.173 Z45.947 E17099.54665
G1 X129.546 Y53.377 Z45.951 E17101.32401
G1 X130.282 Y54.597 Z45.955 E17103.10085
G1 X130.984 Y55.837 Z45.959 E17104.87822
G1 X131.654 Y57.094 Z45.963 E17106.65505
G1 X132.294 Y58.367 Z45.967 E17108.43241
G1 X132.895 Y59.659 Z45.971 E17110.20928
G1 X133.473 Y60.962 Z45.975 E17111.98664
G1 X134.003 Y62.284 Z45.980 E17113.76357
G1 X134.516 Y63.613 Z45.984 E17115.54094
G1 X134.975 Y64.962 Z45.988 E17117.31798
G1 X135.422 Y66.315 Z45.992 E17119.09534
G1 X135.808 Y67.687 Z45.996 E17120.87253
G1 X136.188 Y69.060 Z46.000 E17122.64989
;LAYER:45
;TYPE:WALL-OUTER
G1 X136.528 Y68.971 Z46.000 E17123.08863
G1 X136.842 Y70.371 Z46.004 E17124.87729
G1 X137.150 Y71.771 Z46.008 E17126.66577
G1 X137.395 Y73.184 Z46.012 E17128.45443
G1 X137.627 Y74.599 Z46.016 E17130.24277
G1 X137.803 Y76.022 Z46.020 E17132.03142
G1 X137.958 Y77.448 Z46.025 E17133.81962
G1 X138.063 Y78.878 Z46.029 E17135.60828
G1 X138.142 Y80.309 Z46.033 E17137.39645
G1 X138.178 Y81.743 Z46.037 E17139.18510
G1 X138.180 Y83.177 Z46.041 E17140.97322
G1 X138.144 Y84.610 Z46.045 E17142.76188
G1 X138.070 Y86.042 Z46.049 E17144.55000
G1 X137.964 Y87.472 Z46.053 E17146.33866
G1 X137.812 Y88.898 Z46.057 E17148.12683
G1 X137.637 Y90.321 Z46.061 E17149.91549
G1 X137.409 Y91.737 Z46.066 E17151.70375
G1 X137.164 Y93.150 Z46.070 E17153.49241
G1 X136.860 Y94.551 Z46.074 E17155.28078
G1 X136.546 Y95.950 Z46.078 E17157.06944
G1 X136.167 Y97.333 Z46.082 E17158.85798
G1 X135.783 Y98.715 Z46.086 E17160.64657
G1 X135.333 Y100.076 Z46.090 E17162.43523
G1 X134.874 Y101.435 Z46.094 E17164.22365
G1 X134.358 Y102.773 Z46.098 E17166.01231
G1 X133.828 Y104.105 Z46.102 E17167.80060
G1 X133.247 Y105.416 Z46.107 E17169.58926
G1 X132.645 Y106.718 Z46.111 E17171.37746
G1 X132.001 Y107.999 Z46.115 E17173.16612
G1 X131.330 Y109.266 Z46.119 E17174.95426
G1 X130.623 Y110.514 Z46.123 E17176.74291
G1 X129.886 Y111.743 Z46.127 E17178.53104
G1 X129.119 Y112.955 Z46.131 E17180.31969
G1 X128.317 Y114.143 Z46.135 E17182.10783
G1 X127.491 Y115.316 Z46.139 E17183.89649
G1 X126.626 Y116.459 Z46.143 E17185.68469
G1 X125.744 Y117.590 Z46.148 E17187.47335
G1 X124.819 Y118.685 Z46.152 E17189.26164
G1 X123.882 Y119.771 Z46.156 E17191.05030
G1 X122.900 Y120.816 Z46.160 E17192.83872
G1 X121.911 Y121.854 Z46.164 E17194.62738
G1 X120.874 Y122.844 Z46.168 E17196.41598
G1 X119.832 Y123.830 Z46.172 E17198.20451
G1 X118.746 Y124.767 Z46.176 E17199.99317
G1 X117.653 Y125.695 Z46.180 E17201.78155
G1 X116.523 Y126.577 Z46.184 E17203.57020
G1 X115.381 Y127.445 Z46.189 E17205.35846
G1 X114.209 Y128.271 Z46.193 E17207.14712
G1 X113.023 Y129.076 Z46.197 E17208.93529
G1 X111.811 Y129.843 Z46.201 E17210.72395
G1 X110.584 Y130.584 Z46.205 E17212.51208
G1 X109.336 Y131.291 Z46.209 E17214.30074
G1 X108.071 Y131.964 Z46.213 E17216.08886
G1 X106.790 Y132.609 Z46.217 E17217.87752
G1 X105.490 Y133.214 Z46.221 E17219.66568
G1 X104.179 Y133.795 Z46.225 E17221.45434
G1 X102.848 Y134.329 Z46.230 E17223.24256
G1 X101.510 Y134.845 Z46.234 E17225.03122
G1 X100.153 Y135.308 Z46.238 E17226.81955
G1 X98.791 Y135.757 Z46.242 E17228.60821
G1 X97.411 Y136.146 Z46.246 E17230.39669
G1 X96.029 Y136.528 Z46.250 E17232.18535
G1 X94.629 Y136.842 Z46.254 E17233.97400
G1 X93.229 Y137.150 Z46.258 E17235.76248
G1 X91.816 Y137.395 Z46.262 E17237.55114
G1 X90.401 Y137.627 Z46.266 E17239.33947
G1 X88.978 Y137.803 Z46.270 E17241.12813
G1 X87.552 Y137.958 Z46.275 E17242.91636
G1 X86.122 Y138.064 Z46.279 E17244.70501
G1 X84.691 Y138.142 Z46.283 E17246.49314
G1 X83.257 Y138.175 Z46.287 E17248.28180
G1 X81.823 Y138.180 Z46.291 E17250.06996
G1 X80.390 Y138.144 Z46.295 E17251.85862
G1 X78.958 Y138.070 Z46.299 E17253.64675
G1 X77.528 Y137.964 Z46.303 E17255.43541
G1 X76.102 Y137.812 Z46.307 E17257.22358
G1 X74.679 Y137.637 Z46.311 E17259.01224
G1 X73.263 Y137.409 Z46.316 E17260.80050
G1 X71.850 Y137.164 Z46.320 E17262.58916
G1 X70.449 Y136.860 Z46.324 E17264.37753
G1 X69.050 Y136.546 Z46.328 E17266.16619
G1 X67.667 Y136.167 Z46.332 E17267.95473
G1 X66.285 Y135.783 Z46.336 E17269.74332
G1 X64.924 Y135.333 Z46.340 E17271.53198
G1 X63.565 Y134.875 Z46.344 E17273.32040
G1 X62.227 Y134.358 Z46.348 E17275.10906
G1 X60.895 Y133.828 Z46.352 E17276.89735
G1 X59.584 Y133.247 Z46.357 E17278.68601
G1 X58.282 Y132.645 Z46.361 E17280.47421
G1 X57.001 Y132.001 Z46.365 E17282.26287
G1 X55.734 Y131.330 Z46.369 E17284.05101
G1 X54.486 Y130.623 Z46.373 E17285.83967
G1 X53.257 Y129.886 Z46.377 E17287.62779
G1 X52.045 Y129.119 Z46.381 E17289.41645
G1 X50.857 Y128.317 Z46.385 E17291.20459
G1 X49.684 Y127.491 Z46.389 E17292.99325
G1 X48.541 Y126.626 Z46.393 E17294.78144
G1 X47.410 Y125.744 Z46.398 E17296.57010
G1 X46.315 Y124.819 Z46.402 E17298.35839
G1 X45.229 Y123.882 Z46.406 E17300.14705
G1 X44.185 Y122.900 Z46.410 E17301.93548
G1 X43.146 Y121.911 Z46.414 E17303.72414
G1 X42.156 Y120.874 Z46.418 E17305.51273
G1 X41.170 Y119.832 Z46.422 E17307.30127
G1 X40.234 Y118.746 Z46.426 E17309.08993
G1 X39.305 Y117.653 Z46.430 E17310.87831
G1 X38.423 Y116.523 Z46.434 E17312.66697
G1 X37.555 Y115.382 Z46.439 E17314.45522
G1 X36.730 Y114.209 Z46.443 E17316.24388
G1 X35.924 Y113.023 Z46.447 E17318.03205
G1 X35.157 Y111.811 Z46.451 E17319.82071
G1 X34.416 Y110.584 Z46.455 E17321.60884
G1 X33.709 Y109.336 Z46.459 E17323.39750
G1 X33.036 Y108.071 Z46.463 E17325.18562
G1 X32.391 Y106.790 Z46.467 E17326.97428
G1 X31.786 Y105.490 Z46.471 E17328.76244
G1 X31.205 Y104.179 Z46.475 E17330.55110
G1 X30.671 Y102.848 Z46.480 E17332.33932
G1 X30.155 Y101.510 Z46.484 E17334.12798
G1 X29.693 Y100.153 Z46.488 E17335.91631
G1 X29.243 Y98.791 Z46.492 E17337.70497
G1 X28.854 Y97.411 Z46.496 E17339.49345
G1 X28.472 Y96.029 Z46.500 E17341.28211
G1 X28.158 Y94.630 Z46.504 E17343.07077
G1 X27.850 Y93.229 Z46.508 E17344.85924
G1 X27.605 Y91.816 Z46.512 E17346.64790
G1 X27.373 Y90.401 Z46.516 E17348.43623
G1 X27.197 Y88.978 Z46.520 E17350.22489
G1 X27.042 Y87.553 Z46.525 E17352.01312
G1 X26.936 Y86.122 Z46.529 E17353.80178
G1 X26.857 Y84.691 Z46.533 E17355.58993
G1 X26.822 Y83.257 Z46.537 E17357.37859
G1 X26.820 Y81.824 Z46.541 E17359.16671
G1 X26.856 Y80.390 Z46.545 E17360.95537
G1 X26.930 Y78.958 Z46.549 E17362.74350
G1 X27.036 Y77.528 Z46.553 E17364.53216
G1 X27.188 Y76.102 Z46.557 E17366.32033
G1 X27.363 Y74.679 Z46.561 E17368.10899
G1 X27.591 Y73.264 Z46.566 E17369.89725
G1 X27.836 Y71.851 Z46.570 E17371.68591
G1 X28.140 Y70.449 Z46.574 E17373.47428
G1 X28.454 Y69.050 Z46.578 E17375.26294
G1 X28.833 Y67.667 Z46.582 E17377.05147
G1 X29.217 Y66.285 Z46.586 E17378.84007
G1 X29.667 Y64.924 Z46.590 E17380.62873
G1 X30.125 Y63.565 Z46.594 E17382.41715
G1 X30.642 Y62.227 Z46.598 E17384.20581
G1 X31.172 Y60.895 Z46.602 E17385.99410
G1 X31.753 Y59.584 Z46.607 E17387.78276
G1 X32.355 Y58.282 Z46.611 E17389.57096
G1 X32.999 Y57.002 Z46.615 E17391.35962
G1 X33.669 Y55.734 Z46.619 E17393.14776
G1 X34.376 Y54.486 Z46.623 E17394.93642
G1 X35.114 Y53.257 Z46.627 E17396.72454
G1 X35.881 Y52.045 Z46.631 E17398.51320
G1 X36.683 Y50.857 Z46.635 E17400.30134
G1 X37.509 Y49.685 Z46.639 E17402.09000
G1 X38.374 Y48.541 Z46.643 E17403.87819
G1 X39.256 Y47.411 Z46.648 E17405.66685
G1 X40.181 Y46.315 Z46.652 E17407.45514
G1 X41.118 Y45.229 Z46.656 E17409.24380
G1 X42.100 Y44.185 Z46.660 E17411.03223
G1 X43.089 Y43.146 Z46.664 E17412.82089
G1 X44.126 Y42.156 Z46.668 E17414.60948
G1 X45.168 Y41.170 Z46.672 E17416.39801
G1 X46.254 Y40.234 Z46.676 E17418.18667
G1 X47.347 Y39.306 Z46.680 E17419.97505
G1 X48.477 Y38.423 Z46.684 E17421.76371
G1 X49.618 Y37.555 Z46.689 E17423.55196
G1 X50.791 Y36.730 Z46.693 E17425.34062
G1 X51.977 Y35.924 Z46.697 E17427.12880
G1 X53.189 Y35.157 Z46.701 E17428.91746
G1 X54.416 Y34.416 Z46.705 E17430.70558
G1 X55.664 Y33.709 Z46.709 E17432.49424
G1 X56.929 Y33.036 Z46.713 E17434.28237
G1 X58.210 Y32.391 Z46.717 E17436.07103
G1 X59.510 Y31.786 Z46.721 E17437.85918
G1 X60.821 Y31.205 Z46.725 E17439.64784
G1 X62.152 Y30.671 Z46.730 E17441.43606
G1 X63.490 Y30.155 Z46.734 E17443.22472
G1 X64.847 Y29.693 Z46.738 E17445.01305
G1 X66.209 Y29.243 Z46.742 E17446.80171
G1 X67.589 Y28.854 Z46.746 E17448.59019
G1 X68.971 Y28.472 Z46.750 E17450.37885
G1 X70.370 Y28.158 Z46.754 E17452.16751
G1 X71.771 Y27.850 Z46.758 E17453.95598
G1 X73.184 Y27.605 Z46.762 E17455.74464
G1 X74.599 Y27.373 Z46.766 E17457.53297
G1 X76.022 Y27.198 Z46.770 E17459.32163
G1 X77.447 Y27.042 Z46.775 E17461.10986
G1 X78.878 Y26.936 Z46.779 E17462.89852
G1 X80.309 Y26.857 Z46.783 E17464.68667
G1 X81.743 Y26.822 Z46.787 E17466.47533
G1 X83.176 Y26.820 Z46.791 E17468.26345
G1 X84.610 Y26.856 Z46.795 E17470.05211
G1 X86.042 Y26.930 Z46.799 E17471.84024
G1 X87.472 Y27.036 Z46.803 E17473.62890
G1 X88.897 Y27.188 Z46.807 E17475.41708
G1 X90.321 Y27.363 Z46.811 E17477.20573
G1 X91.736 Y27.591 Z46.816 E17478.99399
G1 X93.149 Y27.836 Z46.820 E17480.78265
G1 X94.549 Y28.145 Z46.824 E17482.57093
G1 X95.947 Y28.466 Z46.828 E17484.35953
G1 X97.333 Y28.834 Z46.832 E17486.14796
G1 X98.712 Y29.227 Z46.836 E17487.93636
G1 X100.075 Y29.672 Z46.840 E17489.72498
G1 X101.435 Y30.126 Z46.844 E17491.51334
G1 X102.773 Y30.642 Z46.848 E17493.30200
G1 X104.105 Y31.172 Z46.852 E17495.09029
G1 X105.416 Y31.754 Z46.857 E17496.87895
G1 X106.718 Y32.355 Z46.861 E17498.66714
G1 X107.999 Y33.000 Z46.865 E17500.45580
G1 X109.266 Y33.670 Z46.869 E17502.24394
G1 X110.514 Y34.377 Z46.873 E17504.03260
G1 X111.744 Y35.114 Z46.877 E17505.82072
G1 X112.955 Y35.881 Z46.881 E17507.60938
G1 X114.143 Y36.683 Z46.885 E17509.39752
G1 X115.316 Y37.509 Z46.889 E17511.18618
G1 X116.459 Y38.374 Z46.893 E17512.97438
G1 X117.590 Y39.256 Z46.898 E17514.76304
G1 X118.685 Y40.181 Z46.902 E17516.55133
G1 X119.771 Y41.118 Z46.906 E17518.33999
G1 X120.816 Y42.100 Z46.910 E17520.12841
G1 X121.854 Y43.089 Z46.914 E17521.91707
G1 X122.844 Y44.126 Z46.918 E17523.70566
G1 X123.830 Y45.168 Z46.922 E17525.49420
G1 X124.767 Y46.254 Z46.926 E17527.28286
G1 X125.695 Y47.347 Z46.930 E17529.07123
G1 X126.577 Y48.478 Z46.934 E17530.85989
G1 X127.445 Y49.619 Z46.939 E17532.64815
G1 X128.271 Y50.791 Z46.943 E17534.43681
G1 X129.076 Y51.977 Z46.947 E17536.22498
G1 X129.843 Y53.189 Z46.951 E17538.01364
G1 X130.584 Y54.416 Z46.955 E17539.80177
G1 X131.291 Y55.664 Z46.959 E17541.59043
G1 X131.965 Y56.930 Z46.963 E17543.37855
G1 X132.609 Y58.211 Z46.967 E17545.16721
G1 X133.214 Y59.510 Z46.971 E17546.95536
G1 X133.795 Y60.822 Z46.975 E17548.74402
G1 X134.329 Y62.152 Z46.980 E17550.53225
G1 X134.845 Y63.490 Z46.984 E17552.32091
G1 X135.308 Y64.847 Z46.988 E17554.10924
G1 X135.757 Y66.209 Z46.992 E17555.89790
G1 X136.146 Y67.589 Z46.996 E17557.68637
G1 X136.528 Y68.971 Z47.000 E17559.47503
;LAYER:46
;TYPE:WALL-OUTER
G1 X136.850 Y68.889 Z47.000 E17559.88882
G1 X137.166 Y70.296 Z47.004 E17561.68813
G1 X137.475 Y71.705 Z47.008 E17563.48726
G1 X137.722 Y73.126 Z47.012 E17565.28657
G1 X137.955 Y74.550 Z47.016 E17567.08556
G1 X138.132 Y75.982 Z47.020 E17568.88486
G1 X138.288 Y77.415 Z47.025 E17570.68372
G1 X138.394 Y78.854 Z47.029 E17572.48303
G1 X138.473 Y80.294 Z47.033 E17574.28185
G1 X138.509 Y81.736 Z47.037 E17576.08116
G1 X138.511 Y83.178 Z47.041 E17577.87992
G1 X138.476 Y84.621 Z47.045 E17579.67923
G1 X138.401 Y86.061 Z47.049 E17581.47800
G1 X138.294 Y87.500 Z47.053 E17583.27732
G1 X138.142 Y88.934 Z47.057 E17585.07614
G1 X137.965 Y90.365 Z47.061 E17586.87545
G1 X137.736 Y91.789 Z47.066 E17588.67435
G1 X137.490 Y93.211 Z47.070 E17590.47366
G1 X137.184 Y94.620 Z47.074 E17592.27269
G1 X136.868 Y96.028 Z47.078 E17594.07200
G1 X136.488 Y97.419 Z47.082 E17595.87118
G1 X136.101 Y98.809 Z47.086 E17597.67043
G1 X135.648 Y100.179 Z47.090 E17599.46974
G1 X135.187 Y101.546 Z47.094 E17601.26881
G1 X134.668 Y102.892 Z47.098 E17603.06812
G1 X134.134 Y104.232 Z47.102 E17604.86706
G1 X133.550 Y105.550 Z47.107 E17606.66638
G1 X132.945 Y106.860 Z47.111 E17608.46522
G1 X132.296 Y108.148 Z47.115 E17610.26453
G1 X131.622 Y109.423 Z47.119 E17612.06332
G1 X130.911 Y110.679 Z47.123 E17613.86263
G1 X130.170 Y111.916 Z47.127 E17615.66140
G1 X129.398 Y113.134 Z47.131 E17617.46071
G1 X128.591 Y114.330 Z47.135 E17619.25950
G1 X127.760 Y115.509 Z47.139 E17621.05881
G1 X126.891 Y116.660 Z47.143 E17622.85766
G1 X126.003 Y117.797 Z47.148 E17624.65697
G1 X125.073 Y118.899 Z47.152 E17626.45591
G1 X124.130 Y119.991 Z47.156 E17628.25522
G1 X123.142 Y121.042 Z47.160 E17630.05430
G1 X122.147 Y122.087 Z47.164 E17631.85361
G1 X121.104 Y123.083 Z47.168 E17633.65286
G1 X120.056 Y124.074 Z47.172 E17635.45204
G1 X118.964 Y125.017 Z47.176 E17637.25135
G1 X117.864 Y125.950 Z47.180 E17639.05038
G1 X116.727 Y126.838 Z47.184 E17640.84969
G1 X115.579 Y127.711 Z47.189 E17642.64859
G1 X114.400 Y128.542 Z47.193 E17644.44790
G1 X113.207 Y129.352 Z47.197 E17646.24672
G1 X111.988 Y130.124 Z47.201 E17648.04604
G1 X110.753 Y130.869 Z47.205 E17649.84481
G1 X109.498 Y131.580 Z47.209 E17651.64412
G1 X108.225 Y132.258 Z47.213 E17653.44290
G1 X106.936 Y132.907 Z47.217 E17655.24221
G1 X105.629 Y133.515 Z47.221 E17657.04101
G1 X104.310 Y134.100 Z47.225 E17658.84032
G1 X102.972 Y134.637 Z47.230 E17660.63920
G1 X101.626 Y135.156 Z47.234 E17662.43851
G1 X100.260 Y135.621 Z47.238 E17664.23749
G1 X98.890 Y136.074 Z47.242 E17666.03680
G1 X97.502 Y136.465 Z47.246 E17667.83593
G1 X96.112 Y136.849 Z47.250 E17669.63524
G1 X94.704 Y137.166 Z47.254 E17671.43455
G1 X93.295 Y137.475 Z47.258 E17673.23368
G1 X91.874 Y137.722 Z47.262 E17675.03299
G1 X90.450 Y137.955 Z47.266 E17676.83197
G1 X89.019 Y138.132 Z47.270 E17678.63128
G1 X87.585 Y138.288 Z47.275 E17680.43015
G1 X86.146 Y138.394 Z47.279 E17682.22946
G1 X84.706 Y138.474 Z47.283 E17684.02825
G1 X83.264 Y138.508 Z47.287 E17685.82756
G1 X81.822 Y138.511 Z47.291 E17687.62635
G1 X80.380 Y138.476 Z47.295 E17689.42567
G1 X78.939 Y138.401 Z47.299 E17691.22444
G1 X77.501 Y138.295 Z47.303 E17693.02376
G1 X76.067 Y138.142 Z47.307 E17694.82258
G1 X74.635 Y137.966 Z47.311 E17696.62189
G1 X73.211 Y137.736 Z47.316 E17698.42079
G1 X71.789 Y137.490 Z47.320 E17700.22011
G1 X70.380 Y137.184 Z47.324 E17702.01913
G1 X68.972 Y136.868 Z47.328 E17703.81844
G1 X67.581 Y136.488 Z47.332 E17705.61763
G1 X66.191 Y136.101 Z47.336 E17707.41687
G1 X64.821 Y135.648 Z47.340 E17709.21619
G1 X63.454 Y135.187 Z47.344 E17711.01526
G1 X62.109 Y134.668 Z47.348 E17712.81457
G1 X60.769 Y134.135 Z47.352 E17714.61351
G1 X59.450 Y133.550 Z47.357 E17716.41282
G1 X58.140 Y132.945 Z47.361 E17718.21167
G1 X56.852 Y132.297 Z47.365 E17720.01098
G1 X55.577 Y131.622 Z47.369 E17721.80977
G1 X54.322 Y130.911 Z47.373 E17723.60908
G1 X53.085 Y130.170 Z47.377 E17725.40785
G1 X51.866 Y129.398 Z47.381 E17727.20716
G1 X50.670 Y128.591 Z47.385 E17729.00595
G1 X49.491 Y127.761 Z47.389 E17730.80526
G1 X48.341 Y126.891 Z47.393 E17732.60410
G1 X47.203 Y126.003 Z47.398 E17734.40342
G1 X46.101 Y125.073 Z47.402 E17736.20236
G1 X45.009 Y124.131 Z47.406 E17738.00167
G1 X43.958 Y123.142 Z47.410 E17739.80074
G1 X42.913 Y122.148 Z47.414 E17741.60006
G1 X41.918 Y121.104 Z47.418 E17743.39930
G1 X40.926 Y120.056 Z47.422 E17745.19852
G1 X39.983 Y118.964 Z47.426 E17746.99783
G1 X39.050 Y117.865 Z47.430 E17748.79685
G1 X38.162 Y116.727 Z47.434 E17750.59616
G1 X37.289 Y115.579 Z47.439 E17752.39507
G1 X36.458 Y114.400 Z47.443 E17754.19438
G1 X35.648 Y113.207 Z47.447 E17755.99320
G1 X34.876 Y111.988 Z47.451 E17757.79251
G1 X34.131 Y110.753 Z47.455 E17759.59129
G1 X33.420 Y109.498 Z47.459 E17761.39060
G1 X32.742 Y108.225 Z47.463 E17763.18937
G1 X32.094 Y106.937 Z47.467 E17764.98868
G1 X31.485 Y105.629 Z47.471 E17766.78749
G1 X30.900 Y104.310 Z47.475 E17768.58680
G1 X30.363 Y102.972 Z47.480 E17770.38567
G1 X29.844 Y101.626 Z47.484 E17772.18498
G1 X29.379 Y100.260 Z47.488 E17773.98396
G1 X28.926 Y98.891 Z47.492 E17775.78328
G1 X28.535 Y97.502 Z47.496 E17777.58240
G1 X28.151 Y96.112 Z47.500 E17779.38171
G1 X27.834 Y94.704 Z47.504 E17781.18102
G1 X27.525 Y93.295 Z47.508 E17782.98015
G1 X27.278 Y91.874 Z47.512 E17784.77946
G1 X27.045 Y90.451 Z47.516 E17786.57844
G1 X26.868 Y89.019 Z47.520 E17788.37775
G1 X26.712 Y87.585 Z47.525 E17790.17663
G1 X26.606 Y86.146 Z47.529 E17791.97594
G1 X26.526 Y84.706 Z47.533 E17793.77474
G1 X26.491 Y83.264 Z47.537 E17795.57405
G1 X26.489 Y81.822 Z47.541 E17797.37282
G1 X26.524 Y80.380 Z47.545 E17799.17213
G1 X26.599 Y78.940 Z47.549 E17800.97091
G1 X26.705 Y77.501 Z47.553 E17802.77022
G1 X26.858 Y76.067 Z47.557 E17804.56905
G1 X27.034 Y74.635 Z47.561 E17806.36836
G1 X27.264 Y73.211 Z47.566 E17808.16726
G1 X27.510 Y71.790 Z47.570 E17809.96657
G1 X27.816 Y70.380 Z47.574 E17811.76560
G1 X28.132 Y68.972 Z47.578 E17813.56491
G1 X28.512 Y67.581 Z47.582 E17815.36410
G1 X28.899 Y66.191 Z47.586 E17817.16334
G1 X29.352 Y64.822 Z47.590 E17818.96265
G1 X29.813 Y63.455 Z47.594 E17820.76173
G1 X30.332 Y62.109 Z47.598 E17822.56104
G1 X30.865 Y60.769 Z47.602 E17824.35998
G1 X31.450 Y59.450 Z47.607 E17826.15929
G1 X32.055 Y58.141 Z47.611 E17827.95813
G1 X32.703 Y56.852 Z47.615 E17829.75745
G1 X33.377 Y55.577 Z47.619 E17831.55623
G1 X34.088 Y54.322 Z47.623 E17833.35555
G1 X34.830 Y53.085 Z47.627 E17835.15432
G1 X35.602 Y51.866 Z47.631 E17836.95363
G1 X36.409 Y50.671 Z47.635 E17838.75242
G1 X37.239 Y49.491 Z47.639 E17840.55173
G1 X38.109 Y48.341 Z47.643 E17842.35057
G1 X38.997 Y47.204 Z47.648 E17844.14988
G1 X39.927 Y46.101 Z47.652 E17845.94883
G1 X40.869 Y45.009 Z47.656 E17847.74814
G1 X41.858 Y43.958 Z47.660 E17849.54721
G1 X42.852 Y42.914 Z47.664 E17851.34652
G1 X43.896 Y41.917 Z47.668 E17853.14577
G1 X44.943 Y40.926 Z47.672 E17854.94495
G1 X46.036 Y39.984 Z47.676 E17856.74426
G1 X47.135 Y39.050 Z47.680 E17858.54329
G1 X48.273 Y38.162 Z47.684 E17860.34260
G1 X49.420 Y37.289 Z47.689 E17862.14150
G1 X50.600 Y36.458 Z47.693 E17863.94082
G1 X51.793 Y35.648 Z47.697 E17865.73964
G1 X53.012 Y34.876 Z47.701 E17867.53895
G1 X54.246 Y34.131 Z47.705 E17869.33773
G1 X55.502 Y33.420 Z47.709 E17871.13704
G1 X56.775 Y32.742 Z47.713 E17872.93581
G1 X58.063 Y32.094 Z47.717 E17874.73512
G1 X59.371 Y31.485 Z47.721 E17876.53393
G1 X60.690 Y30.901 Z47.725 E17878.33324
G1 X62.028 Y30.363 Z47.730 E17880.13211
G1 X63.374 Y29.844 Z47.734 E17881.93142
G1 X64.739 Y29.379 Z47.738 E17883.73040
G1 X66.109 Y28.926 Z47.742 E17885.52971
G1 X67.498 Y28.535 Z47.746 E17887.32884
G1 X68.888 Y28.151 Z47.750 E17889.12815
G1 X70.296 Y27.835 Z47.754 E17890.92746
G1 X71.704 Y27.525 Z47.758 E17892.72659
G1 X73.126 Y27.278 Z47.762 E17894.52590
G1 X74.549 Y27.045 Z47.766 E17896.32488
G1 X75.981 Y26.868 Z47.770 E17898.12419
G1 X77.415 Y26.712 Z47.775 E17899.92306
G1 X78.853 Y26.606 Z47.779 E17901.72238
G1 X80.293 Y26.526 Z47.783 E17903.52118
G1 X81.736 Y26.491 Z47.787 E17905.32049
G1 X83.178 Y26.489 Z47.791 E17907.11926
G1 X84.620 Y26.524 Z47.795 E17908.91857
G1 X86.060 Y26.599 Z47.799 E17910.71735
G1 X87.499 Y26.705 Z47.803 E17912.51666
G1 X88.933 Y26.858 Z47.807 E17914.31549
G1 X90.365 Y27.034 Z47.811 E17916.11480
G1 X91.789 Y27.264 Z47.816 E17917.91370
G1 X93.210 Y27.510 Z47.820 E17919.71301
G1 X94.618 Y27.823 Z47.824 E17921.51190
G1 X96.023 Y28.149 Z47.828 E17923.31115
G1 X97.419 Y28.515 Z47.832 E17925.11021
G1 X98.805 Y28.913 Z47.836 E17926.90918
G1 X100.177 Y29.358 Z47.840 E17928.70845
G1 X101.546 Y29.813 Z47.844 E17930.50742
G1 X102.892 Y30.332 Z47.848 E17932.30673
G1 X104.232 Y30.866 Z47.852 E17934.10567
G1 X105.551 Y31.450 Z47.857 E17935.90498
G1 X106.860 Y32.055 Z47.861 E17937.70383
G1 X108.149 Y32.704 Z47.865 E17939.50314
G1 X109.423 Y33.378 Z47.869 E17941.30193
G1 X110.679 Y34.089 Z47.873 E17943.10124
G1 X111.916 Y34.830 Z47.877 E17944.90001
G1 X113.134 Y35.602 Z47.881 E17946.69932
G1 X114.330 Y36.409 Z47.885 E17948.49811
G1 X115.509 Y37.240 Z47.889 E17950.29742
G1 X116.660 Y38.109 Z47.893 E17952.09627
G1 X117.797 Y38.997 Z47.898 E17953.89558
G1 X118.899 Y39.927 Z47.902 E17955.69452
G1 X119.991 Y40.870 Z47.906 E17957.49383
G1 X121.041 Y41.859 Z47.910 E17959.29288
G1 X122.085 Y42.855 Z47.914 E17961.09218
G1 X123.083 Y43.896 Z47.918 E17962.89138
G1 X124.073 Y44.946 Z47.922 E17964.69052
G1 X125.016 Y46.037 Z47.926 E17966.48982
G1 X125.951 Y47.136 Z47.930 E17968.28882
G1 X126.838 Y48.273 Z47.934 E17970.08813
G1 X127.711 Y49.421 Z47.939 E17971.88704
G1 X128.542 Y50.600 Z47.943 E17973.68635
G1 X129.352 Y51.793 Z47.947 E17975.48517
G1 X130.124 Y53.012 Z47.951 E17977.28448
G1 X130.869 Y54.247 Z47.955 E17979.08326
G1 X131.580 Y55.502 Z47.959 E17980.88257
G1 X132.258 Y56.775 Z47.963 E17982.68134
G1 X132.907 Y58.064 Z47.967 E17984.48065
G1 X133.515 Y59.371 Z47.971 E17986.27946
G1 X134.100 Y60.690 Z47.975 E17988.07877
G1 X134.637 Y62.029 Z47.980 E17989.87764
G1 X135.156 Y63.375 Z47.984 E17991.67695
G1 X135.621 Y64.740 Z47.988 E17993.47594
G1 X136.074 Y66.110 Z47.992 E17995.27525
G1 X136.465 Y67.498 Z47.996 E17997.07438
G1 X136.850 Y68.889 Z48.000 E17998.87369
;LAYER:47
;TYPE:WALL-OUTER
G1 X137.152 Y68.815 Z48.000 E17999.26227
G1 X137.470 Y70.231 Z48.004 E18001.07159
G1 X137.781 Y71.647 Z48.008 E18002.88072
G1 X138.029 Y73.077 Z48.012 E18004.69003
G1 X138.264 Y74.508 Z48.016 E18006.49902
G1 X138.442 Y75.948 Z48.020 E18008.30833
G1 X138.599 Y77.389 Z48.025 E18010.11718
G1 X138.704 Y78.836 Z48.029 E18011.92649
G1 X138.784 Y80.284 Z48.033 E18013.73532
G1 X138.821 Y81.734 Z48.037 E18015.54464
G1 X138.823 Y83.184 Z48.041 E18017.35339
G1 X138.787 Y84.635 Z48.045 E18019.16271
G1 X138.711 Y86.083 Z48.049 E18020.97149
G1 X138.605 Y87.530 Z48.053 E18022.78080
G1 X138.451 Y88.972 Z48.057 E18024.58963
G1 X138.274 Y90.411 Z48.061 E18026.39894
G1 X138.043 Y91.843 Z48.066 E18028.20785
G1 X137.795 Y93.273 Z48.070 E18030.01717
G1 X137.488 Y94.690 Z48.074 E18031.82620
G1 X137.170 Y96.105 Z48.078 E18033.63552
G1 X136.787 Y97.505 Z48.082 E18035.44471
G1 X136.398 Y98.902 Z48.086 E18037.25395
G1 X135.943 Y100.279 Z48.090 E18039.06327
G1 X135.479 Y101.654 Z48.094 E18040.87234
G1 X134.957 Y103.007 Z48.098 E18042.68166
G1 X134.421 Y104.355 Z48.102 E18044.49060
G1 X133.833 Y105.681 Z48.107 E18046.29991
G1 X133.225 Y106.997 Z48.111 E18048.10876
G1 X132.572 Y108.293 Z48.115 E18049.91807
G1 X131.894 Y109.575 Z48.119 E18051.72686
G1 X131.179 Y110.837 Z48.123 E18053.53618
G1 X130.434 Y112.081 Z48.127 E18055.34495
G1 X129.658 Y113.307 Z48.131 E18057.15426
G1 X128.846 Y114.509 Z48.135 E18058.96305
G1 X128.011 Y115.695 Z48.139 E18060.77237
G1 X127.136 Y116.851 Z48.143 E18062.58122
G1 X126.244 Y117.995 Z48.148 E18064.39054
G1 X125.308 Y119.103 Z48.152 E18066.19948
G1 X124.360 Y120.202 Z48.156 E18068.00880
G1 X123.367 Y121.258 Z48.160 E18069.81788
G1 X122.366 Y122.309 Z48.164 E18071.62720
G1 X121.317 Y123.310 Z48.168 E18073.43645
G1 X120.263 Y124.307 Z48.172 E18075.24564
G1 X119.165 Y125.255 Z48.176 E18077.05495
G1 X118.059 Y126.193 Z48.180 E18078.86398
G1 X116.916 Y127.086 Z48.184 E18080.67329
G1 X115.761 Y127.964 Z48.189 E18082.48219
G1 X114.575 Y128.799 Z48.193 E18084.29151
G1 X113.376 Y129.614 Z48.197 E18086.10033
G1 X112.150 Y130.390 Z48.201 E18087.90965
G1 X110.908 Y131.139 Z48.205 E18089.71843
G1 X109.646 Y131.854 Z48.209 E18091.52774
G1 X108.366 Y132.536 Z48.213 E18093.33652
G1 X107.070 Y133.188 Z48.217 E18095.14583
G1 X105.755 Y133.800 Z48.221 E18096.95464
G1 X104.429 Y134.388 Z48.225 E18098.76395
G1 X103.083 Y134.928 Z48.230 E18100.57283
G1 X101.730 Y135.450 Z48.234 E18102.38215
G1 X100.357 Y135.917 Z48.238 E18104.19114
G1 X98.979 Y136.372 Z48.242 E18106.00045
G1 X97.583 Y136.765 Z48.246 E18107.80959
G1 X96.185 Y137.152 Z48.250 E18109.61890
G1 X94.770 Y137.470 Z48.254 E18111.42821
G1 X93.353 Y137.781 Z48.258 E18113.23734
G1 X91.924 Y138.029 Z48.262 E18115.04665
G1 X90.492 Y138.264 Z48.266 E18116.85563
G1 X89.053 Y138.441 Z48.270 E18118.66495
G1 X87.611 Y138.599 Z48.275 E18120.47382
G1 X86.164 Y138.705 Z48.279 E18122.28314
G1 X84.716 Y138.785 Z48.283 E18124.09193
G1 X83.266 Y138.820 Z48.287 E18125.90125
G1 X81.816 Y138.823 Z48.291 E18127.71003
G1 X80.366 Y138.787 Z48.295 E18129.51934
G1 X78.917 Y138.711 Z48.299 E18131.32812
G1 X77.471 Y138.605 Z48.303 E18133.13744
G1 X76.029 Y138.451 Z48.307 E18134.94627
G1 X74.589 Y138.274 Z48.311 E18136.75558
G1 X73.157 Y138.043 Z48.316 E18138.56449
G1 X71.728 Y137.795 Z48.320 E18140.37381
G1 X70.310 Y137.488 Z48.324 E18142.18284
G1 X68.895 Y137.170 Z48.328 E18143.99216
G1 X67.496 Y136.787 Z48.332 E18145.80135
G1 X66.098 Y136.398 Z48.336 E18147.61059
G1 X64.721 Y135.943 Z48.340 E18149.41991
G1 X63.347 Y135.479 Z48.344 E18151.22898
G1 X61.993 Y134.957 Z48.348 E18153.03830
G1 X60.646 Y134.421 Z48.352 E18154.84724
G1 X59.320 Y133.833 Z48.357 E18156.65655
G1 X58.003 Y133.225 Z48.361 E18158.46540
G1 X56.707 Y132.572 Z48.365 E18160.27471
G1 X55.425 Y131.895 Z48.369 E18162.08350
G1 X54.163 Y131.180 Z48.373 E18163.89282
G1 X52.919 Y130.434 Z48.377 E18165.70159
G1 X51.694 Y129.658 Z48.381 E18167.51091
G1 X50.492 Y128.846 Z48.385 E18169.31970
G1 X49.306 Y128.011 Z48.389 E18171.12901
G1 X48.149 Y127.136 Z48.393 E18172.93786
G1 X47.005 Y126.244 Z48.398 E18174.74718
G1 X45.897 Y125.308 Z48.402 E18176.55613
G1 X44.799 Y124.361 Z48.406 E18178.36544
G1 X43.742 Y123.367 Z48.410 E18180.17452
G1 X42.692 Y122.366 Z48.414 E18181.98384
G1 X41.691 Y121.317 Z48.418 E18183.79309
G1 X40.693 Y120.263 Z48.422 E18185.60232
G1 X39.746 Y119.165 Z48.426 E18187.41164
G1 X38.807 Y118.059 Z48.430 E18189.22066
G1 X37.914 Y116.916 Z48.434 E18191.02998
G1 X37.036 Y115.761 Z48.439 E18192.83888
G1 X36.201 Y114.575 Z48.443 E18194.64819
G1 X35.386 Y113.376 Z48.447 E18196.45702
G1 X34.610 Y112.150 Z48.451 E18198.26633
G1 X33.861 Y110.908 Z48.455 E18200.07511
G1 X33.146 Y109.646 Z48.459 E18201.88443
G1 X32.464 Y108.366 Z48.463 E18203.69320
G1 X31.812 Y107.070 Z48.467 E18205.50252
G1 X31.200 Y105.756 Z48.471 E18207.31132
G1 X30.613 Y104.429 Z48.475 E18209.12064
G1 X30.072 Y103.084 Z48.480 E18210.92952
G1 X29.550 Y101.730 Z48.484 E18212.73883
G1 X29.083 Y100.357 Z48.488 E18214.54782
G1 X28.628 Y98.980 Z48.492 E18216.35714
G1 X28.235 Y97.583 Z48.496 E18218.16627
G1 X27.848 Y96.185 Z48.500 E18219.97558
G1 X27.530 Y94.770 Z48.504 E18221.78490
G1 X27.219 Y93.353 Z48.508 E18223.59402
G1 X26.971 Y91.924 Z48.512 E18225.40334
G1 X26.736 Y90.493 Z48.516 E18227.21232
G1 X26.559 Y89.053 Z48.520 E18229.02163
G1 X26.401 Y87.611 Z48.525 E18230.83050
G1 X26.295 Y86.165 Z48.529 E18232.63982
G1 X26.215 Y84.716 Z48.533 E18234.44862
G1 X26.179 Y83.266 Z48.537 E18236.25794
G1 X26.177 Y81.816 Z48.541 E18238.06671
G1 X26.213 Y80.366 Z48.545 E18239.87603
G1 X26.289 Y78.918 Z48.549 E18241.68481
G1 X26.395 Y77.471 Z48.553 E18243.49412
G1 X26.549 Y76.029 Z48.557 E18245.30295
G1 X26.726 Y74.589 Z48.561 E18247.11227
G1 X26.957 Y73.157 Z48.566 E18248.92118
G1 X27.205 Y71.728 Z48.570 E18250.73049
G1 X27.512 Y70.310 Z48.574 E18252.53952
G1 X27.830 Y68.895 Z48.578 E18254.34884
G1 X28.213 Y67.496 Z48.582 E18256.15803
G1 X28.602 Y66.099 Z48.586 E18257.96728
G1 X29.057 Y64.721 Z48.590 E18259.77659
G1 X29.520 Y63.347 Z48.594 E18261.58567
G1 X30.043 Y61.993 Z48.598 E18263.39498
G1 X30.579 Y60.646 Z48.602 E18265.20392
G1 X31.167 Y59.320 Z48.607 E18267.01324
G1 X31.775 Y58.003 Z48.611 E18268.82208
G1 X32.427 Y56.707 Z48.615 E18270.63140
G1 X33.105 Y55.425 Z48.619 E18272.44019
G1 X33.820 Y54.163 Z48.623 E18274.24950
G1 X34.566 Y52.919 Z48.627 E18276.05827
G1 X35.342 Y51.694 Z48.631 E18277.86759
G1 X36.154 Y50.492 Z48.635 E18279.67638
G1 X36.989 Y49.306 Z48.639 E18281.48570
G1 X37.864 Y48.149 Z48.643 E18283.29455
G1 X38.756 Y47.006 Z48.648 E18285.10386
G1 X39.692 Y45.897 Z48.652 E18286.91281
G1 X40.639 Y44.799 Z48.656 E18288.72212
G1 X41.633 Y43.742 Z48.660 E18290.53121
G1 X42.633 Y42.692 Z48.664 E18292.34052
G1 X43.683 Y41.690 Z48.668 E18294.14978
G1 X44.736 Y40.693 Z48.672 E18295.95896
G1 X45.835 Y39.746 Z48.676 E18297.76828
G1 X46.940 Y38.807 Z48.680 E18299.57730
G1 X48.084 Y37.914 Z48.684 E18301.38662
G1 X49.238 Y37.036 Z48.689 E18303.19552
G1 X50.424 Y36.201 Z48.693 E18305.00484
G1 X51.624 Y35.386 Z48.697 E18306.81366
G1 X52.850 Y34.610 Z48.701 E18308.62297
G1 X54.091 Y33.861 Z48.705 E18310.43175
G1 X55.353 Y33.146 Z48.709 E18312.24107
G1 X56.634 Y32.465 Z48.713 E18314.04984
G1 X57.929 Y31.812 Z48.717 E18315.85916
G1 X59.244 Y31.201 Z48.721 E18317.66796
G1 X60.570 Y30.613 Z48.725 E18319.47728
G1 X61.916 Y30.072 Z48.730 E18321.28616
G1 X63.270 Y29.550 Z48.734 E18323.09547
G1 X64.643 Y29.083 Z48.738 E18324.90446
G1 X66.020 Y28.628 Z48.742 E18326.71378
G1 X67.416 Y28.235 Z48.746 E18328.52291
G1 X68.814 Y27.848 Z48.750 E18330.33222
G1 X70.230 Y27.530 Z48.754 E18332.14154
G1 X71.647 Y27.219 Z48.758 E18333.95066
G1 X73.076 Y26.971 Z48.762 E18335.75998
G1 X74.507 Y26.736 Z48.766 E18337.56896
G1 X75.947 Y26.559 Z48.770 E18339.37827
G1 X77.388 Y26.401 Z48.775 E18341.18715
G1 X78.835 Y26.295 Z48.779 E18342.99646
G1 X80.283 Y26.215 Z48.783 E18344.80526
G1 X81.733 Y26.179 Z48.787 E18346.61458
G1 X83.184 Y26.177 Z48.791 E18348.42335
G1 X84.634 Y26.213 Z48.795 E18350.23267
G1 X86.082 Y26.289 Z48.799 E18352.04145
G1 X87.529 Y26.395 Z48.803 E18353.85076
G1 X88.971 Y26.549 Z48.807 E18355.65959
G1 X90.411 Y26.726 Z48.811 E18357.46891
G1 X91.842 Y26.957 Z48.816 E18359.27782
G1 X93.272 Y27.205 Z48.820 E18361.08713
G1 X94.688 Y27.517 Z48.824 E18362.89607
G1 X96.102 Y27.841 Z48.828 E18364.70533
G1 X97.504 Y28.214 Z48.832 E18366.51442
G1 X98.899 Y28.611 Z48.836 E18368.32347
G1 X100.278 Y29.061 Z48.840 E18370.13274
G1 X101.653 Y29.521 Z48.844 E18371.94175
G1 X103.007 Y30.043 Z48.848 E18373.75106
G1 X104.354 Y30.579 Z48.852 E18375.56000
G1 X105.680 Y31.167 Z48.857 E18377.36932
G1 X106.997 Y31.775 Z48.861 E18379.17816
G1 X108.293 Y32.428 Z48.865 E18380.98748
G1 X109.575 Y33.105 Z48.869 E18382.79627
G1 X110.837 Y33.820 Z48.873 E18384.60558
G1 X112.081 Y34.566 Z48.877 E18386.41435
G1 X113.306 Y35.342 Z48.881 E18388.22367
G1 X114.508 Y36.154 Z48.885 E18390.03246
G1 X115.694 Y36.989 Z48.889 E18391.84178
G1 X116.851 Y37.864 Z48.893 E18393.65063
G1 X117.995 Y38.756 Z48.898 E18395.45994
G1 X119.103 Y39.692 Z48.902 E18397.26889
G1 X120.201 Y40.639 Z48.906 E18399.07820
G1 X121.254 Y41.637 Z48.910 E18400.88720
G1 X122.300 Y42.642 Z48.914 E18402.69647
G1 X123.310 Y43.683 Z48.918 E18404.50557
G1 X124.300 Y44.744 Z48.922 E18406.31462
G1 X125.251 Y45.838 Z48.926 E18408.12390
G1 X126.194 Y46.941 Z48.930 E18409.93284
G1 X127.086 Y48.085 Z48.934 E18411.74215
G1 X127.964 Y49.239 Z48.939 E18413.55106
G1 X128.799 Y50.425 Z48.943 E18415.36037
G1 X129.614 Y51.625 Z48.947 E18417.16920
G1 X130.390 Y52.850 Z48.951 E18418.97851
G1 X131.139 Y54.092 Z48.955 E18420.78729
G1 X131.854 Y55.354 Z48.959 E18422.59661
G1 X132.536 Y56.634 Z48.963 E18424.40538
G1 X133.188 Y57.930 Z48.967 E18426.21469
G1 X133.800 Y59.245 Z48.971 E18428.02350
G1 X134.388 Y60.571 Z48.975 E18429.83282
G1 X134.928 Y61.917 Z48.980 E18431.64170
G1 X135.450 Y63.270 Z48.984 E18433.45101
G1 X135.917 Y64.643 Z48.988 E18435.26000
G1 X136.372 Y66.021 Z48.992 E18437.06931
G1 X136.766 Y67.417 Z48.996 E18438.87845
G1 X137.152 Y68.815 Z49.000 E18440.68777
;LAYER:48
;TYPE:WALL-OUTER
G1 X137.435 Y68.747 Z49.000 E18441.05090
G1 X137.755 Y70.169 Z49.004 E18442.86956
G1 X138.067 Y71.593 Z49.008 E18444.68804
G1 X138.316 Y73.030 Z49.012 E18446.50671
G1 X138.553 Y74.469 Z49.016 E18448.32504
G1 X138.731 Y75.916 Z49.020 E18450.14369
G1 X138.889 Y77.365 Z49.025 E18451.96189
G1 X138.995 Y78.819 Z49.029 E18453.78055
G1 X139.075 Y80.275 Z49.033 E18455.59874
G1 X139.112 Y81.733 Z49.037 E18457.41740
G1 X139.114 Y83.190 Z49.041 E18459.23550
G1 X139.078 Y84.648 Z49.045 E18461.05416
G1 X139.002 Y86.104 Z49.049 E18462.87229
G1 X138.894 Y87.558 Z49.053 E18464.69096
G1 X138.740 Y89.007 Z49.057 E18466.50913
G1 X138.562 Y90.455 Z49.061 E18468.32779
G1 X138.330 Y91.894 Z49.066 E18470.14605
G1 X138.080 Y93.330 Z49.070 E18471.96472
G1 X137.772 Y94.755 Z49.074 E18473.78310
G1 X137.452 Y96.178 Z49.078 E18475.60177
G1 X137.067 Y97.584 Z49.082 E18477.42031
G1 X136.676 Y98.989 Z49.086 E18479.23890
G1 X136.218 Y100.373 Z49.090 E18481.05757
G1 X135.752 Y101.755 Z49.094 E18482.87599
G1 X135.228 Y103.115 Z49.098 E18484.69465
G1 X134.688 Y104.470 Z49.102 E18486.51294
G1 X134.097 Y105.803 Z49.107 E18488.33160
G1 X133.486 Y107.126 Z49.111 E18490.14979
G1 X132.830 Y108.428 Z49.115 E18491.96846
G1 X132.149 Y109.717 Z49.119 E18493.78659
G1 X131.430 Y110.986 Z49.123 E18495.60526
G1 X130.680 Y112.236 Z49.127 E18497.42338
G1 X129.900 Y113.468 Z49.131 E18499.24204
G1 X129.084 Y114.676 Z49.135 E18501.06018
G1 X128.245 Y115.868 Z49.139 E18502.87885
G1 X127.365 Y117.031 Z49.143 E18504.69705
G1 X126.468 Y118.180 Z49.148 E18506.51571
G1 X125.528 Y119.294 Z49.152 E18508.33401
G1 X124.575 Y120.398 Z49.156 E18510.15267
G1 X123.576 Y121.460 Z49.160 E18511.97111
G1 X122.571 Y122.516 Z49.164 E18513.78977
G1 X121.516 Y123.523 Z49.168 E18515.60838
G1 X120.457 Y124.525 Z49.172 E18517.42691
G1 X119.353 Y125.477 Z49.176 E18519.24557
G1 X118.241 Y126.421 Z49.180 E18521.06394
G1 X117.092 Y127.318 Z49.184 E18522.88261
G1 X115.931 Y128.200 Z49.189 E18524.70086
G1 X114.739 Y129.040 Z49.193 E18526.51952
G1 X113.533 Y129.859 Z49.197 E18528.33769
G1 X112.301 Y130.639 Z49.201 E18530.15636
G1 X111.053 Y131.392 Z49.205 E18531.97448
G1 X109.784 Y132.110 Z49.209 E18533.79315
G1 X108.498 Y132.795 Z49.213 E18535.61127
G1 X107.195 Y133.451 Z49.217 E18537.42993
G1 X105.873 Y134.066 Z49.221 E18539.24809
G1 X104.540 Y134.657 Z49.225 E18541.06675
G1 X103.188 Y135.200 Z49.230 E18542.88498
G1 X101.827 Y135.724 Z49.234 E18544.70365
G1 X100.447 Y136.194 Z49.238 E18546.52198
G1 X99.062 Y136.652 Z49.242 E18548.34065
G1 X97.659 Y137.047 Z49.246 E18550.15914
G1 X96.254 Y137.435 Z49.250 E18551.97779
G1 X94.831 Y137.755 Z49.254 E18553.79646
G1 X93.407 Y138.067 Z49.258 E18555.61493
G1 X91.970 Y138.316 Z49.262 E18557.43359
G1 X90.531 Y138.552 Z49.266 E18559.25192
G1 X89.084 Y138.731 Z49.270 E18561.07059
G1 X87.635 Y138.889 Z49.275 E18562.88880
G1 X86.181 Y138.996 Z49.279 E18564.70747
G1 X84.725 Y139.076 Z49.283 E18566.52562
G1 X83.268 Y139.112 Z49.287 E18568.34428
G1 X81.810 Y139.114 Z49.291 E18570.16240
G1 X80.352 Y139.078 Z49.295 E18571.98107
G1 X78.897 Y139.002 Z49.299 E18573.79920
G1 X77.442 Y138.894 Z49.303 E18575.61786
G1 X75.993 Y138.740 Z49.307 E18577.43604
G1 X74.546 Y138.562 Z49.311 E18579.25470
G1 X73.106 Y138.330 Z49.316 E18581.07296
G1 X71.670 Y138.080 Z49.320 E18582.89163
G1 X70.245 Y137.772 Z49.324 E18584.71001
G1 X68.822 Y137.452 Z49.328 E18586.52868
G1 X67.416 Y137.067 Z49.332 E18588.34722
G1 X66.011 Y136.676 Z49.336 E18590.16581
G1 X64.627 Y136.219 Z49.340 E18591.98448
G1 X63.245 Y135.752 Z49.344 E18593.80289
G1 X61.885 Y135.228 Z49.348 E18595.62156
G1 X60.531 Y134.688 Z49.352 E18597.43985
G1 X59.198 Y134.097 Z49.357 E18599.25851
G1 X57.874 Y133.486 Z49.361 E18601.07670
G1 X56.572 Y132.830 Z49.365 E18602.89537
G1 X55.283 Y132.149 Z49.369 E18604.71350
G1 X54.015 Y131.430 Z49.373 E18606.53217
G1 X52.764 Y130.680 Z49.377 E18608.35029
G1 X51.533 Y129.900 Z49.381 E18610.16895
G1 X50.324 Y129.084 Z49.385 E18611.98709
G1 X49.132 Y128.245 Z49.389 E18613.80576
G1 X47.970 Y127.365 Z49.393 E18615.62395
G1 X46.820 Y126.468 Z49.398 E18617.44262
G1 X45.706 Y125.528 Z49.402 E18619.26092
G1 X44.602 Y124.575 Z49.406 E18621.07958
G1 X43.540 Y123.576 Z49.410 E18622.89801
G1 X42.484 Y122.571 Z49.414 E18624.71668
G1 X41.478 Y121.516 Z49.418 E18626.53529
G1 X40.476 Y120.457 Z49.422 E18628.35384
G1 X39.524 Y119.352 Z49.426 E18630.17249
G1 X38.581 Y118.240 Z49.430 E18631.99087
G1 X37.683 Y117.091 Z49.434 E18633.80948
G1 X36.802 Y115.930 Z49.439 E18635.62773
G1 X35.961 Y114.739 Z49.443 E18637.44638
G1 X35.141 Y113.533 Z49.447 E18639.26452
G1 X34.361 Y112.301 Z49.451 E18641.08319
G1 X33.608 Y111.053 Z49.455 E18642.90131
G1 X32.890 Y109.784 Z49.459 E18644.71998
G1 X32.205 Y108.498 Z49.463 E18646.53810
G1 X31.549 Y107.195 Z49.467 E18648.35676
G1 X30.934 Y105.874 Z49.471 E18650.17492
G1 X30.343 Y104.541 Z49.475 E18651.99358
G1 X29.800 Y103.188 Z49.480 E18653.81181
G1 X29.276 Y101.827 Z49.484 E18655.63048
G1 X28.806 Y100.447 Z49.488 E18657.44881
G1 X28.349 Y99.063 Z49.492 E18659.26748
G1 X27.954 Y97.659 Z49.496 E18661.08597
G1 X27.565 Y96.254 Z49.500 E18662.90462
G1 X27.245 Y94.831 Z49.504 E18664.72329
G1 X26.933 Y93.407 Z49.508 E18666.54176
G1 X26.684 Y91.970 Z49.512 E18668.36042
G1 X26.448 Y90.532 Z49.516 E18670.17875
G1 X26.269 Y89.084 Z49.520 E18671.99741
G1 X26.111 Y87.635 Z49.525 E18673.81563
G1 X26.004 Y86.181 Z49.529 E18675.63430
G1 X25.924 Y84.726 Z49.533 E18677.45245
G1 X25.888 Y83.268 Z49.537 E18679.27111
G1 X25.886 Y81.810 Z49.541 E18681.08923
G1 X25.922 Y80.352 Z49.545 E18682.90790
G1 X25.998 Y78.897 Z49.549 E18684.72603
G1 X26.106 Y77.443 Z49.553 E18686.54469
G1 X26.260 Y75.993 Z49.557 E18688.36287
G1 X26.438 Y74.546 Z49.561 E18690.18153
G1 X26.670 Y73.107 Z49.566 E18691.99979
G1 X26.920 Y71.670 Z49.570 E18693.81846
G1 X27.228 Y70.245 Z49.574 E18695.63684
G1 X27.548 Y68.822 Z49.578 E18697.45550
G1 X27.933 Y67.416 Z49.582 E18699.27405
G1 X28.324 Y66.012 Z49.586 E18701.09264
G1 X28.781 Y64.627 Z49.590 E18702.91131
G1 X29.248 Y63.246 Z49.594 E18704.72972
G1 X29.772 Y61.885 Z49.598 E18706.54839
G1 X30.312 Y60.531 Z49.602 E18708.36667
G1 X30.903 Y59.198 Z49.607 E18710.18534
G1 X31.514 Y57.874 Z49.611 E18712.00353
G1 X32.170 Y56.572 Z49.615 E18713.82220
G1 X32.851 Y55.283 Z49.619 E18715.64033
G1 X33.570 Y54.015 Z49.623 E18717.45900
G1 X34.320 Y52.765 Z49.627 E18719.27711
G1 X35.100 Y51.533 Z49.631 E18721.09578
G1 X35.915 Y50.325 Z49.635 E18722.91392
G1 X36.755 Y49.132 Z49.639 E18724.73258
G1 X37.634 Y47.970 Z49.643 E18726.55078
G1 X38.532 Y46.820 Z49.648 E18728.36945
G1 X39.472 Y45.706 Z49.652 E18730.18774
G1 X40.425 Y44.602 Z49.656 E18732.00641
G1 X41.424 Y43.540 Z49.660 E18733.82484
G1 X42.429 Y42.484 Z49.664 E18735.64351
G1 X43.484 Y41.478 Z49.668 E18737.46212
G1 X44.543 Y40.476 Z49.672 E18739.28065
G1 X45.647 Y39.523 Z49.676 E18741.09931
G1 X46.758 Y38.580 Z49.680 E18742.91768
G1 X47.908 Y37.683 Z49.684 E18744.73635
G1 X49.068 Y36.800 Z49.689 E18746.55460
G1 X50.260 Y35.961 Z49.693 E18748.37326
G1 X51.466 Y35.142 Z49.697 E18750.19143
G1 X52.698 Y34.362 Z49.701 E18752.01010
G1 X53.947 Y33.609 Z49.705 E18753.82822
G1 X55.215 Y32.890 Z49.709 E18755.64689
G1 X56.502 Y32.205 Z49.713 E18757.46501
G1 X57.804 Y31.549 Z49.717 E18759.28367
G1 X59.126 Y30.934 Z49.721 E18761.10183
G1 X60.459 Y30.344 Z49.725 E18762.92049
G1 X61.812 Y29.801 Z49.730 E18764.73872
G1 X63.172 Y29.276 Z49.734 E18766.55738
G1 X64.553 Y28.806 Z49.738 E18768.37572
G1 X65.937 Y28.349 Z49.742 E18770.19439
G1 X67.341 Y27.954 Z49.746 E18772.01287
G1 X68.746 Y27.565 Z49.750 E18773.83153
G1 X70.169 Y27.246 Z49.754 E18775.65019
G1 X71.593 Y26.933 Z49.758 E18777.46867
G1 X73.029 Y26.684 Z49.762 E18779.28733
G1 X74.468 Y26.448 Z49.766 E18781.10566
G1 X75.915 Y26.269 Z49.770 E18782.92432
G1 X77.364 Y26.111 Z49.775 E18784.74254
G1 X78.819 Y26.004 Z49.779 E18786.56121
G1 X80.274 Y25.924 Z49.783 E18788.37936
G1 X81.732 Y25.888 Z49.787 E18790.19802
G1 X83.190 Y25.886 Z49.791 E18792.01614
G1 X84.647 Y25.922 Z49.795 E18793.83481
G1 X86.103 Y25.998 Z49.799 E18795.65293
G1 X87.557 Y26.106 Z49.803 E18797.47160
G1 X89.007 Y26.260 Z49.807 E18799.28977
G1 X90.454 Y26.438 Z49.811 E18801.10844
G1 X91.893 Y26.670 Z49.816 E18802.92670
G1 X93.330 Y26.919 Z49.820 E18804.74536
G1 X94.754 Y27.230 Z49.824 E18806.56372
G1 X96.177 Y27.551 Z49.828 E18808.38237
G1 X97.584 Y27.933 Z49.832 E18810.20088
G1 X98.988 Y28.326 Z49.836 E18812.01942
G1 X100.373 Y28.782 Z49.840 E18813.83807
G1 X101.754 Y29.248 Z49.844 E18815.65647
G1 X103.115 Y29.772 Z49.848 E18817.47513
G1 X104.469 Y30.312 Z49.852 E18819.29342
G1 X105.802 Y30.903 Z49.857 E18821.11209
G1 X107.125 Y31.514 Z49.861 E18822.93028
G1 X108.428 Y32.170 Z49.865 E18824.74894
G1 X109.716 Y32.851 Z49.869 E18826.56708
G1 X110.985 Y33.570 Z49.873 E18828.38574
G1 X112.235 Y34.320 Z49.877 E18830.20386
G1 X113.467 Y35.100 Z49.881 E18832.02253
G1 X114.675 Y35.915 Z49.885 E18833.84066
G1 X115.868 Y36.755 Z49.889 E18835.65933
G1 X117.030 Y37.634 Z49.893 E18837.47753
G1 X118.180 Y38.531 Z49.898 E18839.29619
G1 X119.294 Y39.472 Z49.902 E18841.11449
G1 X120.398 Y40.424 Z49.906 E18842.93315
G1 X121.454 Y41.429 Z49.910 E18844.75147
G1 X122.503 Y42.442 Z49.914 E18846.57007
G1 X123.522 Y43.484 Z49.918 E18848.38850
G1 X124.513 Y44.554 Z49.922 E18850.20686
G1 X125.472 Y45.652 Z49.926 E18852.02547
G1 X126.421 Y46.759 Z49.930 E18853.84372
G1 X127.318 Y47.909 Z49.934 E18855.66239
G1 X128.200 Y49.069 Z49.939 E18857.48064
G1 X129.040 Y50.261 Z49.943 E18859.29930
G1 X129.859 Y51.467 Z49.947 E18861.11747
G1 X130.639 Y52.699 Z49.951 E18862.93614
G1 X131.392 Y53.947 Z49.955 E18864.75426
G1 X132.110 Y55.216 Z49.959 E18866.57293
G1 X132.795 Y56.503 Z49.963 E18868.39105
G1 X133.451 Y57.805 Z49.967 E18870.20971
G1 X134.066 Y59.127 Z49.971 E18872.02787
G1 X134.657 Y60.460 Z49.975 E18873.84653
G1 X135.200 Y61.813 Z49.980 E18875.66476
G1 X135.724 Y63.173 Z49.984 E18877.48342
G1 X136.194 Y64.553 Z49.988 E18879.30176
G1 X136.652 Y65.938 Z49.992 E18881.12043
G1 X137.047 Y67.341 Z49.996 E18882.93892
G1 X137.435 Y68.747 Z50.000 E18884.75758
;LAYER:49
;TYPE:WALL-OUTER
G1 X137.697 Y68.678 Z50.000 E18885.09494
G1 X138.018 Y70.107 Z50.004 E18886.92229
G1 X138.332 Y71.538 Z50.008 E18888.74945
G1 X138.582 Y72.981 Z50.012 E18890.57680
G1 X138.820 Y74.427 Z50.016 E18892.40382
G1 X138.999 Y75.881 Z50.020 E18894.23116
G1 X139.158 Y77.337 Z50.025 E18896.05805
G1 X139.264 Y78.798 Z50.029 E18897.88539
G1 X139.345 Y80.261 Z50.033 E18899.71226
G1 X139.382 Y81.725 Z50.037 E18901.53961
G1 X139.384 Y83.190 Z50.041 E18903.36639
G1 X139.348 Y84.655 Z50.045 E18905.19374
G1 X139.272 Y86.117 Z50.049 E18907.02055
G1 X139.164 Y87.579 Z50.053 E18908.84790
G1 X139.009 Y89.035 Z50.057 E18910.67476
G1 X138.830 Y90.489 Z50.061 E18912.50211
G1 X138.597 Y91.935 Z50.066 E18914.32905
G1 X138.346 Y93.379 Z50.070 E18916.15640
G1 X138.036 Y94.810 Z50.074 E18917.98347
G1 X137.715 Y96.240 Z50.078 E18919.81082
G1 X137.329 Y97.653 Z50.082 E18921.63805
G1 X136.936 Y99.064 Z50.086 E18923.46532
G1 X136.476 Y100.455 Z50.090 E18925.29268
G1 X136.008 Y101.844 Z50.094 E18927.11978
G1 X135.481 Y103.210 Z50.098 E18928.94713
G1 X134.939 Y104.571 Z50.102 E18930.77410
G1 X134.345 Y105.911 Z50.107 E18932.60145
G1 X133.731 Y107.240 Z50.111 E18934.42833
G1 X133.072 Y108.549 Z50.115 E18936.25568
G1 X132.387 Y109.844 Z50.119 E18938.08250
G1 X131.665 Y111.119 Z50.123 E18939.90985
G1 X130.912 Y112.375 Z50.127 E18941.73665
G1 X130.128 Y113.613 Z50.131 E18943.56400
G1 X129.309 Y114.827 Z50.135 E18945.39082
G1 X128.465 Y116.025 Z50.139 E18947.21817
G1 X127.582 Y117.193 Z50.143 E18949.04506
G1 X126.680 Y118.348 Z50.148 E18950.87241
G1 X125.735 Y119.467 Z50.152 E18952.69938
G1 X124.778 Y120.576 Z50.156 E18954.52674
G1 X123.775 Y121.643 Z50.160 E18956.35385
G1 X122.764 Y122.705 Z50.164 E18958.18120
G1 X121.705 Y123.716 Z50.168 E18960.00849
G1 X120.641 Y124.723 Z50.172 E18961.83571
G1 X119.531 Y125.680 Z50.176 E18963.66306
G1 X118.415 Y126.628 Z50.180 E18965.49012
G1 X117.260 Y127.530 Z50.184 E18967.31747
G1 X116.094 Y128.416 Z50.189 E18969.14440
G1 X114.896 Y129.260 Z50.193 E18970.97175
G1 X113.684 Y130.083 Z50.197 E18972.79861
G1 X112.447 Y130.867 Z50.201 E18974.62596
G1 X111.192 Y131.623 Z50.205 E18976.45277
G1 X109.918 Y132.346 Z50.209 E18978.28012
G1 X108.625 Y133.034 Z50.213 E18980.10692
G1 X107.316 Y133.693 Z50.217 E18981.93427
G1 X105.988 Y134.311 Z50.221 E18983.76111
G1 X104.649 Y134.904 Z50.225 E18985.58846
G1 X103.290 Y135.450 Z50.230 E18987.41537
G1 X101.923 Y135.977 Z50.234 E18989.24272
G1 X100.536 Y136.449 Z50.238 E18991.06974
G1 X99.145 Y136.909 Z50.242 E18992.89709
G1 X97.735 Y137.306 Z50.246 E18994.72426
G1 X96.323 Y137.697 Z50.250 E18996.55160
G1 X94.893 Y138.018 Z50.254 E18998.37895
G1 X93.462 Y138.332 Z50.258 E19000.20611
G1 X92.019 Y138.582 Z50.262 E19002.03346
G1 X90.573 Y138.819 Z50.266 E19003.86048
G1 X89.119 Y138.999 Z50.270 E19005.68783
G1 X87.663 Y139.158 Z50.275 E19007.51473
G1 X86.202 Y139.266 Z50.279 E19009.34208
G1 X84.740 Y139.346 Z50.283 E19011.16891
G1 X83.275 Y139.382 Z50.287 E19012.99627
G1 X81.810 Y139.384 Z50.291 E19014.82307
G1 X80.346 Y139.348 Z50.295 E19016.65042
G1 X78.883 Y139.272 Z50.299 E19018.47723
G1 X77.422 Y139.164 Z50.303 E19020.30458
G1 X75.965 Y139.009 Z50.307 E19022.13144
G1 X74.511 Y138.830 Z50.311 E19023.95879
G1 X73.065 Y138.597 Z50.316 E19025.78573
G1 X71.622 Y138.347 Z50.320 E19027.61308
G1 X70.190 Y138.036 Z50.324 E19029.44015
G1 X68.760 Y137.715 Z50.328 E19031.26750
G1 X67.347 Y137.329 Z50.332 E19033.09472
G1 X65.936 Y136.936 Z50.336 E19034.92200
G1 X64.545 Y136.476 Z50.340 E19036.74935
G1 X63.157 Y136.008 Z50.344 E19038.57646
G1 X61.790 Y135.481 Z50.348 E19040.40381
G1 X60.429 Y134.939 Z50.352 E19042.23078
G1 X59.090 Y134.345 Z50.357 E19044.05813
G1 X57.760 Y133.731 Z50.361 E19045.88501
G1 X56.451 Y133.072 Z50.365 E19047.71236
G1 X55.156 Y132.387 Z50.369 E19049.53918
G1 X53.882 Y131.665 Z50.373 E19051.36653
G1 X52.625 Y130.912 Z50.377 E19053.19333
G1 X51.388 Y130.128 Z50.381 E19055.02068
G1 X50.174 Y129.309 Z50.385 E19056.84750
G1 X48.976 Y128.465 Z50.389 E19058.67485
G1 X47.807 Y127.582 Z50.393 E19060.50173
G1 X46.652 Y126.681 Z50.398 E19062.32909
G1 X45.533 Y125.736 Z50.402 E19064.15606
G1 X44.424 Y124.779 Z50.406 E19065.98342
G1 X43.357 Y123.775 Z50.410 E19067.81053
G1 X42.296 Y122.765 Z50.414 E19069.63788
G1 X41.284 Y121.705 Z50.418 E19071.46517
G1 X40.277 Y120.641 Z50.422 E19073.29237
G1 X39.325 Y119.527 Z50.426 E19075.11968
G1 X38.379 Y118.409 Z50.430 E19076.94679
G1 X37.472 Y117.258 Z50.434 E19078.77392
G1 X36.592 Y116.088 Z50.439 E19080.60089
G1 X35.743 Y114.893 Z50.443 E19082.42819
G1 X34.917 Y113.684 Z50.447 E19084.25493
G1 X34.133 Y112.446 Z50.451 E19086.08228
G1 X33.376 Y111.192 Z50.455 E19087.90909
G1 X32.654 Y109.917 Z50.459 E19089.73644
G1 X31.966 Y108.625 Z50.463 E19091.56324
G1 X31.307 Y107.316 Z50.467 E19093.39060
G1 X30.689 Y105.988 Z50.471 E19095.21743
G1 X30.096 Y104.649 Z50.475 E19097.04478
G1 X29.550 Y103.289 Z50.480 E19098.87169
G1 X29.023 Y101.922 Z50.484 E19100.69904
G1 X28.550 Y100.536 Z50.488 E19102.52606
G1 X28.091 Y99.145 Z50.492 E19104.35341
G1 X27.694 Y97.734 Z50.496 E19106.18058
G1 X27.303 Y96.322 Z50.500 E19108.00793
G1 X26.982 Y94.893 Z50.504 E19109.83528
G1 X26.668 Y93.462 Z50.508 E19111.66244
G1 X26.418 Y92.019 Z50.512 E19113.48979
G1 X26.181 Y90.573 Z50.516 E19115.31680
G1 X26.001 Y89.119 Z50.520 E19117.14415
G1 X25.842 Y87.663 Z50.525 E19118.97105
G1 X25.734 Y86.202 Z50.529 E19120.79841
G1 X25.654 Y84.739 Z50.533 E19122.62524
G1 X25.618 Y83.275 Z50.537 E19124.45259
G1 X25.616 Y81.810 Z50.541 E19126.27939
G1 X25.652 Y80.345 Z50.545 E19128.10674
G1 X25.728 Y78.883 Z50.549 E19129.93355
G1 X25.836 Y77.421 Z50.553 E19131.76090
G1 X25.991 Y75.965 Z50.557 E19133.58776
G1 X26.170 Y74.511 Z50.561 E19135.41511
G1 X26.403 Y73.065 Z50.566 E19137.24205
G1 X26.654 Y71.621 Z50.570 E19139.06941
G1 X26.964 Y70.190 Z50.574 E19140.89647
G1 X27.285 Y68.760 Z50.578 E19142.72382
G1 X27.671 Y67.347 Z50.582 E19144.55105
G1 X28.064 Y65.936 Z50.586 E19146.37833
G1 X28.524 Y64.545 Z50.590 E19148.20568
G1 X28.992 Y63.156 Z50.594 E19150.03278
G1 X29.519 Y61.790 Z50.598 E19151.86014
G1 X30.061 Y60.429 Z50.602 E19153.68711
G1 X30.655 Y59.089 Z50.607 E19155.51446
G1 X31.269 Y57.760 Z50.611 E19157.34133
G1 X31.928 Y56.451 Z50.615 E19159.16868
G1 X32.613 Y55.156 Z50.619 E19160.99550
G1 X33.335 Y53.881 Z50.623 E19162.82285
G1 X34.088 Y52.625 Z50.627 E19164.64966
G1 X34.872 Y51.387 Z50.631 E19166.47701
G1 X35.691 Y50.173 Z50.635 E19168.30383
G1 X36.535 Y48.976 Z50.639 E19170.13118
G1 X37.418 Y47.807 Z50.643 E19171.95806
G1 X38.320 Y46.652 Z50.648 E19173.78541
G1 X39.265 Y45.533 Z50.652 E19175.61239
G1 X40.222 Y44.424 Z50.656 E19177.43974
G1 X41.225 Y43.357 Z50.660 E19179.26686
G1 X42.235 Y42.295 Z50.664 E19181.09421
G1 X43.295 Y41.284 Z50.668 E19182.92150
G1 X44.359 Y40.277 Z50.672 E19184.74871
G1 X45.469 Y39.320 Z50.676 E19186.57606
G1 X46.585 Y38.372 Z50.680 E19188.40312
G1 X47.740 Y37.470 Z50.684 E19190.23047
G1 X48.906 Y36.584 Z50.689 E19192.05741
G1 X50.104 Y35.740 Z50.693 E19193.88476
G1 X51.316 Y34.917 Z50.697 E19195.71161
G1 X52.553 Y34.133 Z50.701 E19197.53896
G1 X53.808 Y33.377 Z50.705 E19199.36577
G1 X55.082 Y32.654 Z50.709 E19201.19312
G1 X56.375 Y31.966 Z50.713 E19203.01992
G1 X57.684 Y31.307 Z50.717 E19204.84728
G1 X59.012 Y30.689 Z50.721 E19206.67411
G1 X60.351 Y30.096 Z50.725 E19208.50146
G1 X61.710 Y29.550 Z50.730 E19210.32837
G1 X63.077 Y29.023 Z50.734 E19212.15572
G1 X64.464 Y28.551 Z50.738 E19213.98274
G1 X65.855 Y28.091 Z50.742 E19215.81009
G1 X67.265 Y27.694 Z50.746 E19217.63726
G1 X68.677 Y27.303 Z50.750 E19219.46461
G1 X70.107 Y26.982 Z50.754 E19221.29196
G1 X71.538 Y26.668 Z50.758 E19223.11912
G1 X72.981 Y26.418 Z50.762 E19224.94647
G1 X74.427 Y26.181 Z50.766 E19226.77348
G1 X75.881 Y26.001 Z50.770 E19228.60083
G1 X77.337 Y25.842 Z50.775 E19230.42774
G1 X78.798 Y25.734 Z50.779 E19232.25509
G1 X80.260 Y25.654 Z50.783 E19234.08192
G1 X81.725 Y25.618 Z50.787 E19235.90927
G1 X83.190 Y25.616 Z50.791 E19237.73607
G1 X84.654 Y25.652 Z50.795 E19239.56342
G1 X86.117 Y25.728 Z50.799 E19241.39023
G1 X87.578 Y25.836 Z50.803 E19243.21759
G1 X89.035 Y25.991 Z50.807 E19245.04444
G1 X90.489 Y26.170 Z50.811 E19246.87179
G1 X91.935 Y26.403 Z50.816 E19248.69873
G1 X93.378 Y26.653 Z50.820 E19250.52609
G1 X94.810 Y26.964 Z50.824 E19252.35315
G1 X96.240 Y27.285 Z50.828 E19254.18050
G1 X97.653 Y27.671 Z50.832 E19256.00773
G1 X99.064 Y28.064 Z50.836 E19257.83501
G1 X100.455 Y28.524 Z50.840 E19259.66236
G1 X101.843 Y28.992 Z50.844 E19261.48946
G1 X103.210 Y29.519 Z50.848 E19263.31682
G1 X104.571 Y30.061 Z50.852 E19265.14379
G1 X105.910 Y30.655 Z50.857 E19266.97114
G1 X107.240 Y31.269 Z50.861 E19268.79801
G1 X108.549 Y31.928 Z50.865 E19270.62537
G1 X109.844 Y32.613 Z50.869 E19272.45218
G1 X111.118 Y33.335 Z50.873 E19274.27954
G1 X112.375 Y34.088 Z50.877 E19276.10634
G1 X113.612 Y34.872 Z50.881 E19277.93369
G1 X114.826 Y35.691 Z50.885 E19279.76051
G1 X116.024 Y36.535 Z50.889 E19281.58786
G1 X117.193 Y37.418 Z50.893 E19283.41474
G1 X118.348 Y38.319 Z50.898 E19285.24209
G1 X119.467 Y39.264 Z50.902 E19287.06907
G1 X120.576 Y40.221 Z50.906 E19288.89642
G1 X121.639 Y41.229 Z50.910 E19290.72345
G1 X122.696 Y42.244 Z50.914 E19292.55075
G1 X123.716 Y43.295 Z50.918 E19294.37789
G1 X124.715 Y44.366 Z50.922 E19296.20497
G1 X125.677 Y45.472 Z50.926 E19298.03228
G1 X126.628 Y46.586 Z50.930 E19299.85926
G1 X127.530 Y47.741 Z50.934 E19301.68661
G1 X128.416 Y48.906 Z50.939 E19303.51354
G1 X129.260 Y50.104 Z50.943 E19305.34089
G1 X130.083 Y51.316 Z50.947 E19307.16775
G1 X130.867 Y52.554 Z50.951 E19308.99510
G1 X131.624 Y53.808 Z50.955 E19310.82191
G1 X132.346 Y55.083 Z50.959 E19312.64926
G1 X133.034 Y56.375 Z50.963 E19314.47606
G1 X133.693 Y57.684 Z50.967 E19316.30341
G1 X134.311 Y59.012 Z50.971 E19318.13025
G1 X134.904 Y60.351 Z50.975 E19319.95760
G1 X135.450 Y61.711 Z50.980 E19321.78451
G1 X135.977 Y63.078 Z50.984 E19323.61186
G1 X136.450 Y64.464 Z50.988 E19325.43888
G1 X136.909 Y65.855 Z50.992 E19327.26623
G1 X137.306 Y67.266 Z50.996 E19329.09340
G1 X137.697 Y68.678 Z51.000 E19330.92075
;LAYER:50
;TYPE:WALL-OUTER
G1 X137.937 Y68.611 Z51.000 E19331.23206
G1 X138.260 Y70.047 Z51.004 E19333.06743
G1 X138.576 Y71.484 Z51.008 E19334.90260
G1 X138.827 Y72.934 Z51.012 E19336.73797
G1 X139.066 Y74.386 Z51.016 E19338.57301
G1 X139.246 Y75.846 Z51.020 E19340.40836
G1 X139.406 Y77.309 Z51.025 E19342.24326
G1 X139.513 Y78.776 Z51.029 E19344.07862
G1 X139.594 Y80.245 Z51.033 E19345.91350
G1 X139.631 Y81.716 Z51.037 E19347.74886
G1 X139.634 Y83.187 Z51.041 E19349.58365
G1 X139.598 Y84.658 Z51.045 E19351.41902
G1 X139.521 Y86.128 Z51.049 E19353.25384
G1 X139.413 Y87.595 Z51.053 E19355.08920
G1 X139.258 Y89.058 Z51.057 E19356.92407
G1 X139.078 Y90.518 Z51.061 E19358.75943
G1 X138.844 Y91.971 Z51.066 E19360.59439
G1 X138.592 Y93.421 Z51.070 E19362.42975
G1 X138.281 Y94.859 Z51.074 E19364.26483
G1 X137.959 Y96.295 Z51.078 E19366.10019
G1 X137.571 Y97.714 Z51.082 E19367.93543
G1 X137.176 Y99.131 Z51.086 E19369.77073
G1 X136.715 Y100.529 Z51.090 E19371.60609
G1 X136.245 Y101.923 Z51.094 E19373.44121
G1 X135.715 Y103.296 Z51.098 E19375.27658
G1 X135.171 Y104.663 Z51.102 E19377.11157
G1 X134.575 Y106.008 Z51.107 E19378.94693
G1 X133.958 Y107.344 Z51.111 E19380.78182
G1 X133.296 Y108.658 Z51.115 E19382.61719
G1 X132.609 Y109.959 Z51.119 E19384.45202
G1 X131.884 Y111.239 Z51.123 E19386.28738
G1 X131.127 Y112.501 Z51.127 E19388.12220
G1 X130.340 Y113.744 Z51.131 E19389.95756
G1 X129.517 Y114.964 Z51.135 E19391.79239
G1 X128.670 Y116.167 Z51.139 E19393.62776
G1 X127.783 Y117.340 Z51.143 E19395.46265
G1 X126.878 Y118.501 Z51.148 E19397.29801
G1 X125.929 Y119.625 Z51.152 E19399.13300
G1 X124.968 Y120.739 Z51.156 E19400.96837
G1 X123.960 Y121.811 Z51.160 E19402.80349
G1 X122.945 Y122.877 Z51.164 E19404.63886
G1 X121.881 Y123.893 Z51.168 E19406.47416
G1 X120.812 Y124.904 Z51.172 E19408.30939
G1 X119.698 Y125.866 Z51.176 E19410.14476
G1 X118.577 Y126.818 Z51.180 E19411.97983
G1 X117.417 Y127.723 Z51.184 E19413.81520
G1 X116.246 Y128.614 Z51.189 E19415.65015
G1 X115.043 Y129.462 Z51.193 E19417.48551
G1 X113.826 Y130.288 Z51.197 E19419.32038
G1 X112.583 Y131.076 Z51.201 E19421.15574
G1 X111.323 Y131.836 Z51.205 E19422.99056
G1 X110.043 Y132.561 Z51.209 E19424.82593
G1 X108.745 Y133.253 Z51.213 E19426.66074
G1 X107.430 Y133.915 Z51.217 E19428.49611
G1 X106.096 Y134.535 Z51.221 E19430.33096
G1 X104.751 Y135.132 Z51.225 E19432.16632
G1 X103.386 Y135.680 Z51.230 E19434.00124
G1 X102.013 Y136.210 Z51.234 E19435.83661
G1 X100.621 Y136.684 Z51.238 E19437.67164
G1 X99.223 Y137.146 Z51.242 E19439.50700
G1 X97.807 Y137.545 Z51.246 E19441.34218
G1 X96.389 Y137.937 Z51.250 E19443.17754
G1 X94.953 Y138.260 Z51.254 E19445.01291
G1 X93.516 Y138.576 Z51.258 E19446.84808
G1 X92.066 Y138.827 Z51.262 E19448.68345
G1 X90.614 Y139.066 Z51.266 E19450.51848
G1 X89.154 Y139.246 Z51.270 E19452.35384
G1 X87.691 Y139.406 Z51.275 E19454.18876
G1 X86.224 Y139.514 Z51.279 E19456.02413
G1 X84.755 Y139.595 Z51.283 E19457.85897
G1 X83.284 Y139.632 Z51.287 E19459.69434
G1 X81.813 Y139.634 Z51.291 E19461.52915
G1 X80.342 Y139.598 Z51.295 E19463.36452
G1 X78.873 Y139.521 Z51.299 E19465.19934
G1 X77.405 Y139.413 Z51.303 E19467.03470
G1 X75.942 Y139.258 Z51.307 E19468.86957
G1 X74.482 Y139.078 Z51.311 E19470.70494
G1 X73.029 Y138.844 Z51.316 E19472.53989
G1 X71.579 Y138.592 Z51.320 E19474.37525
G1 X70.141 Y138.281 Z51.324 E19476.21033
G1 X68.706 Y137.959 Z51.328 E19478.04569
G1 X67.286 Y137.571 Z51.332 E19479.88093
G1 X65.869 Y137.176 Z51.336 E19481.71623
G1 X64.471 Y136.715 Z51.340 E19483.55159
G1 X63.077 Y136.245 Z51.344 E19485.38672
G1 X61.704 Y135.715 Z51.348 E19487.22208
G1 X60.337 Y135.171 Z51.352 E19489.05707
G1 X58.992 Y134.575 Z51.357 E19490.89243
G1 X57.656 Y133.958 Z51.361 E19492.72732
G1 X56.342 Y133.296 Z51.365 E19494.56269
G1 X55.041 Y132.609 Z51.369 E19496.39752
G1 X53.761 Y131.884 Z51.373 E19498.23288
G1 X52.499 Y131.128 Z51.377 E19500.06770
G1 X51.256 Y130.340 Z51.381 E19501.90306
G1 X50.037 Y129.517 Z51.385 E19503.73790
G1 X48.833 Y128.670 Z51.389 E19505.57326
G1 X47.660 Y127.783 Z51.393 E19507.40815
G1 X46.500 Y126.878 Z51.398 E19509.24352
G1 X45.375 Y125.929 Z51.402 E19511.07850
G1 X44.261 Y124.968 Z51.406 E19512.91387
G1 X43.189 Y123.960 Z51.410 E19514.74899
G1 X42.123 Y122.945 Z51.414 E19516.58436
G1 X41.107 Y121.881 Z51.418 E19518.41966
G1 X40.096 Y120.812 Z51.422 E19520.25486
G1 X39.142 Y119.692 Z51.426 E19522.09016
G1 X38.193 Y118.567 Z51.430 E19523.92533
G1 X37.279 Y117.414 Z51.434 E19525.76038
G1 X36.397 Y116.237 Z51.439 E19527.59540
G1 X35.543 Y115.039 Z51.443 E19529.43070
G1 X34.711 Y113.825 Z51.447 E19531.26540
G1 X33.924 Y112.582 Z51.451 E19533.10077
G1 X33.164 Y111.323 Z51.455 E19534.93559
G1 X32.438 Y110.042 Z51.459 E19536.77095
G1 X31.747 Y108.744 Z51.463 E19538.60577
G1 X31.085 Y107.430 Z51.467 E19540.44113
G1 X30.464 Y106.096 Z51.471 E19542.27598
G1 X29.868 Y104.751 Z51.475 E19544.11135
G1 X29.320 Y103.386 Z51.480 E19545.94626
G1 X28.790 Y102.013 Z51.484 E19547.78163
G1 X28.316 Y100.620 Z51.488 E19549.61666
G1 X27.854 Y99.223 Z51.492 E19551.45203
G1 X27.455 Y97.806 Z51.496 E19553.28720
G1 X27.062 Y96.388 Z51.500 E19555.12257
G1 X26.740 Y94.953 Z51.504 E19556.95793
G1 X26.424 Y93.515 Z51.508 E19558.79311
G1 X26.173 Y92.066 Z51.512 E19560.62847
G1 X25.934 Y90.614 Z51.516 E19562.46350
G1 X25.754 Y89.153 Z51.520 E19564.29887
G1 X25.594 Y87.691 Z51.525 E19566.13378
G1 X25.486 Y86.223 Z51.529 E19567.96915
G1 X25.405 Y84.754 Z51.533 E19569.80400
G1 X25.368 Y83.283 Z51.537 E19571.63936
G1 X25.366 Y81.812 Z51.541 E19573.47418
G1 X25.402 Y80.341 Z51.545 E19575.30954
G1 X25.479 Y78.872 Z51.549 E19577.14436
G1 X25.587 Y77.405 Z51.553 E19578.97973
G1 X25.742 Y75.942 Z51.557 E19580.81460
G1 X25.922 Y74.481 Z51.561 E19582.64996
G1 X26.156 Y73.029 Z51.566 E19584.48491
G1 X26.408 Y71.579 Z51.570 E19586.32028
G1 X26.719 Y70.141 Z51.574 E19588.15535
G1 X27.041 Y68.705 Z51.578 E19589.99072
G1 X27.429 Y67.286 Z51.582 E19591.82596
G1 X27.824 Y65.868 Z51.586 E19593.66125
G1 X28.286 Y64.471 Z51.590 E19595.49662
G1 X28.756 Y63.077 Z51.594 E19597.33174
G1 X29.285 Y61.704 Z51.598 E19599.16711
G1 X29.829 Y60.337 Z51.602 E19601.00209
G1 X30.426 Y58.992 Z51.607 E19602.83746
G1 X31.042 Y57.656 Z51.611 E19604.67235
G1 X31.704 Y56.341 Z51.615 E19606.50771
G1 X32.391 Y55.041 Z51.619 E19608.34254
G1 X33.116 Y53.761 Z51.623 E19610.17791
G1 X33.873 Y52.499 Z51.627 E19612.01272
G1 X34.660 Y51.255 Z51.631 E19613.84809
G1 X35.483 Y50.036 Z51.635 E19615.68292
G1 X36.330 Y48.833 Z51.639 E19617.51828
G1 X37.217 Y47.659 Z51.643 E19619.35318
G1 X38.123 Y46.499 Z51.648 E19621.18854
G1 X39.071 Y45.375 Z51.652 E19623.02353
G1 X40.033 Y44.261 Z51.656 E19624.85889
G1 X41.041 Y43.189 Z51.660 E19626.69402
G1 X42.055 Y42.123 Z51.664 E19628.52939
G1 X43.119 Y41.107 Z51.668 E19630.36469
G1 X44.188 Y40.095 Z51.672 E19632.19992
G1 X45.302 Y39.134 Z51.676 E19634.03528
G1 X46.424 Y38.182 Z51.680 E19635.87036
G1 X47.584 Y37.276 Z51.684 E19637.70572
G1 X48.754 Y36.385 Z51.689 E19639.54067
G1 X49.958 Y35.538 Z51.693 E19641.37604
G1 X51.174 Y34.711 Z51.697 E19643.21090
G1 X52.418 Y33.924 Z51.701 E19645.04627
G1 X53.677 Y33.164 Z51.705 E19646.88109
G1 X54.957 Y32.438 Z51.709 E19648.71646
G1 X56.256 Y31.747 Z51.713 E19650.55127
G1 X57.570 Y31.085 Z51.717 E19652.38664
G1 X58.904 Y30.464 Z51.721 E19654.22148
G1 X60.249 Y29.868 Z51.725 E19656.05685
G1 X61.614 Y29.320 Z51.730 E19657.89177
G1 X62.987 Y28.790 Z51.734 E19659.72713
G1 X64.380 Y28.316 Z51.738 E19661.56216
G1 X65.777 Y27.854 Z51.742 E19663.39753
G1 X67.193 Y27.455 Z51.746 E19665.23271
G1 X68.611 Y27.063 Z51.750 E19667.06807
G1 X70.047 Y26.740 Z51.754 E19668.90344
G1 X71.484 Y26.424 Z51.758 E19670.73861
G1 X72.934 Y26.173 Z51.762 E19672.57398
G1 X74.386 Y25.934 Z51.766 E19674.40900
G1 X75.846 Y25.754 Z51.770 E19676.24437
G1 X77.309 Y25.594 Z51.775 E19678.07929
G1 X78.776 Y25.486 Z51.779 E19679.91465
G1 X80.245 Y25.405 Z51.783 E19681.74950
G1 X81.716 Y25.368 Z51.787 E19683.58486
G1 X83.187 Y25.366 Z51.791 E19685.41968
G1 X84.659 Y25.402 Z51.795 E19687.25504
G1 X86.128 Y25.479 Z51.799 E19689.08987
G1 X87.595 Y25.587 Z51.803 E19690.92523
G1 X89.058 Y25.742 Z51.807 E19692.76010
G1 X90.519 Y25.922 Z51.811 E19694.59546
G1 X91.971 Y26.156 Z51.816 E19696.43042
G1 X93.421 Y26.408 Z51.820 E19698.26578
G1 X94.859 Y26.719 Z51.824 E19700.10086
G1 X96.295 Y27.041 Z51.828 E19701.93622
G1 X97.714 Y27.429 Z51.832 E19703.77146
G1 X99.132 Y27.824 Z51.836 E19705.60676
G1 X100.529 Y28.285 Z51.840 E19707.44212
G1 X101.923 Y28.756 Z51.844 E19709.27724
G1 X103.296 Y29.285 Z51.848 E19711.11261
G1 X104.663 Y29.829 Z51.852 E19712.94759
G1 X106.008 Y30.425 Z51.857 E19714.78296
G1 X107.344 Y31.042 Z51.861 E19716.61785
G1 X108.658 Y31.704 Z51.865 E19718.45321
G1 X109.959 Y32.391 Z51.869 E19720.28805
G1 X111.239 Y33.116 Z51.873 E19722.12341
G1 X112.501 Y33.873 Z51.877 E19723.95822
G1 X113.744 Y34.660 Z51.881 E19725.79359
G1 X114.964 Y35.483 Z51.885 E19727.62842
G1 X116.167 Y36.330 Z51.889 E19729.46379
G1 X117.340 Y37.217 Z51.893 E19731.29868
G1 X118.501 Y38.122 Z51.898 E19733.13404
G1 X119.625 Y39.071 Z51.902 E19734.96903
G1 X120.739 Y40.032 Z51.906 E19736.80440
G1 X121.810 Y41.041 Z51.910 E19738.63950
G1 X122.875 Y42.057 Z51.914 E19740.47485
G1 X123.893 Y43.119 Z51.918 E19742.31010
G1 X124.903 Y44.190 Z51.922 E19744.14529
G1 X125.865 Y45.303 Z51.926 E19745.98065
G1 X126.818 Y46.424 Z51.930 E19747.81570
G1 X127.724 Y47.584 Z51.934 E19749.65106
G1 X128.614 Y48.754 Z51.939 E19751.48601
G1 X129.462 Y49.957 Z51.943 E19753.32138
G1 X130.289 Y51.174 Z51.947 E19755.15624
G1 X131.076 Y52.417 Z51.951 E19756.99161
G1 X131.836 Y53.677 Z51.955 E19758.82643
G1 X132.561 Y54.957 Z51.959 E19760.66179
G1 X133.253 Y56.256 Z51.963 E19762.49661
G1 X133.915 Y57.570 Z51.967 E19764.33197
G1 X134.535 Y58.904 Z51.971 E19766.16682
G1 X135.132 Y60.249 Z51.975 E19768.00219
G1 X135.680 Y61.614 Z51.980 E19769.83711
G1 X136.210 Y62.987 Z51.984 E19771.67247
G1 X136.684 Y64.380 Z51.988 E19773.50750
G1 X137.146 Y65.777 Z51.992 E19775.34287
G1 X137.545 Y67.193 Z51.996 E19777.17805
G1 X137.937 Y68.611 Z52.000 E19779.01341
;LAYER:51
;TYPE:WALL-OUTER
G1 X138.159 Y68.556 Z52.000 E19779.29831
G1 X138.483 Y69.997 Z52.004 E19781.14101
G1 X138.800 Y71.440 Z52.008 E19782.98352
G1 X139.052 Y72.896 Z52.012 E19784.82622
G1 X139.292 Y74.353 Z52.016 E19786.66860
G1 X139.473 Y75.820 Z52.020 E19788.51129
G1 X139.633 Y77.288 Z52.025 E19790.35352
G1 X139.741 Y78.761 Z52.029 E19792.19622
G1 X139.822 Y80.236 Z52.033 E19794.03843
G1 X139.859 Y81.713 Z52.037 E19795.88113
G1 X139.862 Y83.190 Z52.041 E19797.72326
G1 X139.826 Y84.667 Z52.045 E19799.56596
G1 X139.749 Y86.142 Z52.049 E19801.40812
G1 X139.640 Y87.615 Z52.053 E19803.25082
G1 X139.485 Y89.084 Z52.057 E19805.09302
G1 X139.304 Y90.551 Z52.061 E19806.93572
G1 X139.069 Y92.009 Z52.066 E19808.77801
G1 X138.817 Y93.465 Z52.070 E19810.62072
G1 X138.504 Y94.908 Z52.074 E19812.46313
G1 X138.180 Y96.350 Z52.078 E19814.30583
G1 X137.791 Y97.775 Z52.082 E19816.14840
G1 X137.395 Y99.198 Z52.086 E19817.99104
G1 X136.931 Y100.601 Z52.090 E19819.83374
G1 X136.459 Y102.001 Z52.094 E19821.67620
G1 X135.928 Y103.379 Z52.098 E19823.51890
G1 X135.381 Y104.751 Z52.102 E19825.36123
G1 X134.783 Y106.102 Z52.107 E19827.20393
G1 X134.164 Y107.443 Z52.111 E19829.04615
G1 X133.499 Y108.763 Z52.115 E19830.88886
G1 X132.809 Y110.069 Z52.119 E19832.73102
G1 X132.081 Y111.354 Z52.123 E19834.57373
G1 X131.322 Y112.621 Z52.127 E19836.41588
G1 X130.531 Y113.869 Z52.131 E19838.25858
G1 X129.705 Y115.093 Z52.135 E19840.10075
G1 X128.855 Y116.301 Z52.139 E19841.94345
G1 X127.964 Y117.480 Z52.143 E19843.78568
G1 X127.055 Y118.644 Z52.148 E19845.62838
G1 X126.102 Y119.773 Z52.152 E19847.47070
G1 X125.137 Y120.892 Z52.156 E19849.31341
G1 X124.125 Y121.968 Z52.160 E19851.15587
G1 X123.107 Y123.038 Z52.164 E19852.99857
G1 X122.038 Y124.059 Z52.168 E19854.84121
G1 X120.965 Y125.074 Z52.172 E19856.68378
G1 X119.847 Y126.039 Z52.176 E19858.52648
G1 X118.721 Y126.995 Z52.180 E19860.36889
G1 X117.556 Y127.904 Z52.184 E19862.21160
G1 X116.381 Y128.799 Z52.189 E19864.05388
G1 X115.173 Y129.649 Z52.193 E19865.89658
G1 X113.951 Y130.479 Z52.197 E19867.73879
G1 X112.703 Y131.270 Z52.201 E19869.58149
G1 X111.438 Y132.033 Z52.205 E19871.42365
G1 X110.153 Y132.761 Z52.209 E19873.26635
G1 X108.849 Y133.456 Z52.213 E19875.10850
G1 X107.530 Y134.120 Z52.217 E19876.95120
G1 X106.191 Y134.743 Z52.221 E19878.79338
G1 X104.840 Y135.342 Z52.225 E19880.63609
G1 X103.469 Y135.893 Z52.230 E19882.47834
G1 X102.091 Y136.425 Z52.234 E19884.32105
G1 X100.693 Y136.901 Z52.238 E19886.16341
G1 X99.290 Y137.364 Z52.242 E19888.00611
G1 X97.868 Y137.765 Z52.246 E19889.84863
G1 X96.444 Y138.159 Z52.250 E19891.69133
G1 X95.003 Y138.483 Z52.254 E19893.53403
G1 X93.560 Y138.800 Z52.258 E19895.37655
G1 X92.104 Y139.053 Z52.262 E19897.21925
G1 X90.647 Y139.292 Z52.266 E19899.06161
G1 X89.180 Y139.473 Z52.270 E19900.90432
G1 X87.712 Y139.633 Z52.275 E19902.74657
G1 X86.239 Y139.742 Z52.279 E19904.58927
G1 X84.764 Y139.824 Z52.283 E19906.43145
G1 X83.287 Y139.860 Z52.287 E19908.27416
G1 X81.810 Y139.862 Z52.291 E19910.11631
G1 X80.333 Y139.826 Z52.295 E19911.95901
G1 X78.858 Y139.749 Z52.299 E19913.80117
G1 X77.385 Y139.640 Z52.303 E19915.64387
G1 X75.916 Y139.484 Z52.307 E19917.48607
G1 X74.450 Y139.304 Z52.311 E19919.32878
G1 X72.991 Y139.069 Z52.316 E19921.17106
G1 X71.536 Y138.817 Z52.320 E19923.01377
G1 X70.092 Y138.504 Z52.324 E19924.85618
G1 X68.650 Y138.180 Z52.328 E19926.69888
G1 X67.225 Y137.791 Z52.332 E19928.54146
G1 X65.802 Y137.395 Z52.336 E19930.38409
G1 X64.399 Y136.931 Z52.340 E19932.22679
G1 X62.999 Y136.459 Z52.344 E19934.06925
G1 X61.621 Y135.928 Z52.348 E19935.91195
G1 X60.249 Y135.381 Z52.352 E19937.75428
G1 X58.898 Y134.783 Z52.357 E19939.59698
G1 X57.557 Y134.164 Z52.361 E19941.43921
G1 X56.237 Y133.499 Z52.365 E19943.28191
G1 X54.932 Y132.809 Z52.369 E19945.12408
G1 X53.646 Y132.081 Z52.373 E19946.96678
G1 X52.379 Y131.322 Z52.377 E19948.80893
G1 X51.131 Y130.531 Z52.381 E19950.65163
G1 X49.907 Y129.705 Z52.385 E19952.49380
G1 X48.699 Y128.855 Z52.389 E19954.33650
G1 X47.520 Y127.964 Z52.393 E19956.17873
G1 X46.356 Y127.055 Z52.398 E19958.02143
G1 X45.227 Y126.102 Z52.402 E19959.86376
G1 X44.108 Y125.137 Z52.406 E19961.70646
G1 X43.032 Y124.125 Z52.410 E19963.54892
G1 X41.962 Y123.107 Z52.414 E19965.39162
G1 X40.942 Y122.038 Z52.418 E19967.23426
G1 X39.926 Y120.965 Z52.422 E19969.07681
G1 X38.966 Y119.843 Z52.426 E19970.91946
G1 X38.012 Y118.715 Z52.430 E19972.76193
G1 X37.097 Y117.555 Z52.434 E19974.60441
G1 X36.209 Y116.375 Z52.439 E19976.44673
G1 X35.353 Y115.170 Z52.443 E19978.28939
G1 X34.520 Y113.951 Z52.447 E19980.13147
G1 X33.730 Y112.703 Z52.451 E19981.97418
G1 X32.967 Y111.438 Z52.455 E19983.81633
G1 X32.238 Y110.153 Z52.459 E19985.65904
G1 X31.544 Y108.849 Z52.463 E19987.50119
G1 X30.880 Y107.529 Z52.467 E19989.34389
G1 X30.256 Y106.190 Z52.471 E19991.18607
G1 X29.658 Y104.840 Z52.475 E19993.02877
G1 X29.107 Y103.469 Z52.480 E19994.87103
G1 X28.575 Y102.091 Z52.484 E19996.71373
G1 X28.099 Y100.692 Z52.488 E19998.55610
G1 X27.636 Y99.290 Z52.492 E20000.39880
G1 X27.235 Y97.868 Z52.496 E20002.24132
G1 X26.841 Y96.444 Z52.500 E20004.08402
G1 X26.517 Y95.002 Z52.504 E20005.92672
G1 X26.200 Y93.560 Z52.508 E20007.76923
G1 X25.947 Y92.104 Z52.512 E20009.61194
G1 X25.708 Y90.646 Z52.516 E20011.45430
G1 X25.527 Y89.180 Z52.520 E20013.29700
G1 X25.367 Y87.712 Z52.525 E20015.13926
G1 X25.258 Y86.238 Z52.529 E20016.98196
G1 X25.176 Y84.764 Z52.533 E20018.82414
G1 X25.140 Y83.287 Z52.537 E20020.66684
G1 X25.138 Y81.810 Z52.541 E20022.50899
G1 X25.174 Y80.333 Z52.545 E20024.35169
G1 X25.251 Y78.858 Z52.549 E20026.19385
G1 X25.360 Y77.384 Z52.553 E20028.03655
G1 X25.516 Y75.916 Z52.557 E20029.87876
G1 X25.696 Y74.449 Z52.561 E20031.72146
G1 X25.931 Y72.991 Z52.566 E20033.56375
G1 X26.183 Y71.535 Z52.570 E20035.40645
G1 X26.496 Y70.092 Z52.574 E20037.24886
G1 X26.820 Y68.650 Z52.578 E20039.09157
G1 X27.209 Y67.225 Z52.582 E20040.93414
G1 X27.605 Y65.802 Z52.586 E20042.77677
G1 X28.069 Y64.399 Z52.590 E20044.61948
G1 X28.541 Y62.999 Z52.594 E20046.46194
G1 X29.072 Y61.621 Z52.598 E20048.30464
G1 X29.619 Y60.248 Z52.602 E20050.14696
G1 X30.217 Y58.898 Z52.607 E20051.98967
G1 X30.837 Y57.557 Z52.611 E20053.83189
G1 X31.501 Y56.237 Z52.615 E20055.67459
G1 X32.191 Y54.931 Z52.619 E20057.51676
G1 X32.919 Y53.646 Z52.623 E20059.35946
G1 X33.678 Y52.379 Z52.627 E20061.20161
G1 X34.469 Y51.131 Z52.631 E20063.04431
G1 X35.295 Y49.906 Z52.635 E20064.88648
G1 X36.146 Y48.698 Z52.639 E20066.72919
G1 X37.036 Y47.520 Z52.643 E20068.57141
G1 X37.945 Y46.355 Z52.648 E20070.41412
G1 X38.898 Y45.227 Z52.652 E20072.25644
G1 X39.863 Y44.108 Z52.656 E20074.09914
G1 X40.875 Y43.032 Z52.660 E20075.94160
G1 X41.893 Y41.962 Z52.664 E20077.78431
G1 X42.962 Y40.941 Z52.668 E20079.62695
G1 X44.035 Y39.926 Z52.672 E20081.46952
G1 X45.154 Y38.961 Z52.676 E20083.31222
G1 X46.279 Y38.005 Z52.680 E20085.15463
G1 X47.444 Y37.096 Z52.684 E20086.99733
G1 X48.620 Y36.201 Z52.689 E20088.83962
G1 X49.827 Y35.350 Z52.693 E20090.68232
G1 X51.049 Y34.520 Z52.697 E20092.52452
G1 X52.297 Y33.730 Z52.701 E20094.36722
G1 X53.562 Y32.967 Z52.705 E20096.20938
G1 X54.847 Y32.238 Z52.709 E20098.05208
G1 X56.151 Y31.544 Z52.713 E20099.89423
G1 X57.471 Y30.880 Z52.717 E20101.73694
G1 X58.810 Y30.256 Z52.721 E20103.57912
G1 X60.160 Y29.658 Z52.725 E20105.42182
G1 X61.531 Y29.107 Z52.730 E20107.26408
G1 X62.909 Y28.575 Z52.734 E20109.10678
G1 X64.307 Y28.099 Z52.738 E20110.94915
G1 X65.710 Y27.636 Z52.742 E20112.79185
G1 X67.132 Y27.235 Z52.746 E20114.63437
G1 X68.556 Y26.841 Z52.750 E20116.47707
G1 X69.997 Y26.517 Z52.754 E20118.31977
G1 X71.440 Y26.200 Z52.758 E20120.16228
G1 X72.896 Y25.947 Z52.762 E20122.00499
G1 X74.354 Y25.708 Z52.766 E20123.84735
G1 X75.820 Y25.527 Z52.770 E20125.69005
G1 X77.288 Y25.367 Z52.775 E20127.53231
G1 X78.762 Y25.258 Z52.779 E20129.37501
G1 X80.236 Y25.176 Z52.783 E20131.21719
G1 X81.713 Y25.140 Z52.787 E20133.05989
G1 X83.190 Y25.138 Z52.791 E20134.90204
G1 X84.667 Y25.174 Z52.795 E20136.74475
G1 X86.142 Y25.251 Z52.799 E20138.58690
G1 X87.616 Y25.360 Z52.803 E20140.42961
G1 X89.084 Y25.516 Z52.807 E20142.27181
G1 X90.551 Y25.696 Z52.811 E20144.11451
G1 X92.009 Y25.931 Z52.816 E20145.95680
G1 X93.465 Y26.183 Z52.820 E20147.79950
G1 X94.908 Y26.496 Z52.824 E20149.64192
G1 X96.350 Y26.820 Z52.828 E20151.48462
G1 X97.775 Y27.209 Z52.832 E20153.32719
G1 X99.198 Y27.605 Z52.836 E20155.16983
G1 X100.601 Y28.069 Z52.840 E20157.01253
G1 X102.001 Y28.541 Z52.844 E20158.85499
G1 X103.379 Y29.072 Z52.848 E20160.69769
G1 X104.752 Y29.619 Z52.852 E20162.54001
G1 X106.102 Y30.217 Z52.857 E20164.38272
G1 X107.443 Y30.836 Z52.861 E20166.22494
G1 X108.763 Y31.501 Z52.865 E20168.06765
G1 X110.069 Y32.191 Z52.869 E20169.90981
G1 X111.354 Y32.919 Z52.873 E20171.75252
G1 X112.621 Y33.678 Z52.877 E20173.59466
G1 X113.869 Y34.469 Z52.881 E20175.43737
G1 X115.094 Y35.295 Z52.885 E20177.27953
G1 X116.302 Y36.145 Z52.889 E20179.12224
G1 X117.480 Y37.036 Z52.893 E20180.96446
G1 X118.645 Y37.945 Z52.898 E20182.80717
G1 X119.773 Y38.898 Z52.902 E20184.64949
G1 X120.892 Y39.863 Z52.906 E20186.49220
G1 X121.968 Y40.875 Z52.910 E20188.33466
G1 X123.038 Y41.893 Z52.914 E20190.17736
G1 X124.059 Y42.962 Z52.918 E20192.02000
G1 X125.074 Y44.035 Z52.922 E20193.86257
G1 X126.039 Y45.153 Z52.926 E20195.70527
G1 X126.995 Y46.279 Z52.930 E20197.54768
G1 X127.904 Y47.444 Z52.934 E20199.39038
G1 X128.799 Y48.619 Z52.939 E20201.23267
G1 X129.650 Y49.827 Z52.943 E20203.07537
G1 X130.480 Y51.049 Z52.947 E20204.91758
G1 X131.270 Y52.297 Z52.951 E20206.76028
G1 X132.033 Y53.562 Z52.955 E20208.60243
G1 X132.762 Y54.847 Z52.959 E20210.44514
G1 X133.456 Y56.151 Z52.963 E20212.28729
G1 X134.120 Y57.470 Z52.967 E20214.12999
G1 X134.743 Y58.809 Z52.971 E20215.97217
G1 X135.342 Y60.160 Z52.975 E20217.81488
G1 X135.893 Y61.531 Z52.980 E20219.65713
G1 X136.425 Y62.909 Z52.984 E20221.49983
G1 X136.901 Y64.307 Z52.988 E20223.34220
G1 X137.364 Y65.710 Z52.992 E20225.18490
G1 X137.765 Y67.132 Z52.996 E20227.02742
G1 X138.159 Y68.556 Z53.000 E20228.87012
;LAYER:52
;TYPE:WALL-OUTER
G1 X138.361 Y68.511 Z53.000 E20229.12857
G1 X138.686 Y69.958 Z53.004 E20230.97793
G1 X139.004 Y71.406 Z53.008 E20232.82708
G1 X139.258 Y72.867 Z53.012 E20234.67644
G1 X139.498 Y74.330 Z53.016 E20236.52546
G1 X139.679 Y75.801 Z53.020 E20238.37481
G1 X139.840 Y77.275 Z53.025 E20240.22369
G1 X139.948 Y78.754 Z53.029 E20242.07304
G1 X140.029 Y80.234 Z53.033 E20243.92190
G1 X140.067 Y81.716 Z53.037 E20245.77126
G1 X140.069 Y83.198 Z53.041 E20247.62004
G1 X140.033 Y84.681 Z53.045 E20249.46940
G1 X139.955 Y86.161 Z53.049 E20251.31821
G1 X139.846 Y87.640 Z53.053 E20253.16756
G1 X139.689 Y89.114 Z53.057 E20255.01642
G1 X139.508 Y90.585 Z53.061 E20256.86578
G1 X139.272 Y92.049 Z53.066 E20258.71472
G1 X139.019 Y93.510 Z53.070 E20260.56408
G1 X138.705 Y94.959 Z53.074 E20262.41314
G1 X138.380 Y96.405 Z53.078 E20264.26250
G1 X137.989 Y97.835 Z53.082 E20266.11173
G1 X137.591 Y99.264 Z53.086 E20267.96102
G1 X137.126 Y100.672 Z53.090 E20269.81037
G1 X136.652 Y102.076 Z53.094 E20271.65948
G1 X136.118 Y103.460 Z53.098 E20273.50884
G1 X135.570 Y104.837 Z53.102 E20275.35781
G1 X134.969 Y106.193 Z53.107 E20277.20717
G1 X134.347 Y107.538 Z53.111 E20279.05605
G1 X133.681 Y108.863 Z53.115 E20280.90540
G1 X132.988 Y110.173 Z53.119 E20282.75422
G1 X132.257 Y111.463 Z53.123 E20284.60358
G1 X131.495 Y112.735 Z53.127 E20286.45238
G1 X130.702 Y113.987 Z53.131 E20288.30174
G1 X129.872 Y115.216 Z53.135 E20290.15056
G1 X129.019 Y116.428 Z53.139 E20291.99991
G1 X128.124 Y117.611 Z53.143 E20293.84879
G1 X127.212 Y118.779 Z53.148 E20295.69815
G1 X126.256 Y119.912 Z53.152 E20297.54713
G1 X125.287 Y121.035 Z53.156 E20299.39649
G1 X124.272 Y122.115 Z53.160 E20301.24561
G1 X123.249 Y123.189 Z53.164 E20303.09496
G1 X122.177 Y124.213 Z53.168 E20304.94426
G1 X121.100 Y125.231 Z53.172 E20306.79348
G1 X119.977 Y126.200 Z53.176 E20308.64284
G1 X118.847 Y127.160 Z53.180 E20310.49190
G1 X117.678 Y128.072 Z53.184 E20312.34125
G1 X116.498 Y128.969 Z53.189 E20314.19019
G1 X115.286 Y129.823 Z53.193 E20316.03955
G1 X114.060 Y130.656 Z53.197 E20317.88840
G1 X112.807 Y131.449 Z53.201 E20319.73776
G1 X111.538 Y132.215 Z53.205 E20321.58657
G1 X110.248 Y132.946 Z53.209 E20323.43592
G1 X108.939 Y133.642 Z53.213 E20325.28473
G1 X107.615 Y134.309 Z53.217 E20327.13408
G1 X106.271 Y134.934 Z53.221 E20328.98292
G1 X104.915 Y135.535 Z53.225 E20330.83228
G1 X103.540 Y136.088 Z53.230 E20332.68119
G1 X102.156 Y136.621 Z53.234 E20334.53054
G1 X100.753 Y137.099 Z53.238 E20336.37956
G1 X99.345 Y137.564 Z53.242 E20338.22892
G1 X97.918 Y137.966 Z53.246 E20340.07810
G1 X96.489 Y138.361 Z53.250 E20341.92745
G1 X95.042 Y138.686 Z53.254 E20343.77680
G1 X93.594 Y139.004 Z53.258 E20345.62596
G1 X92.133 Y139.258 Z53.262 E20347.47532
G1 X90.670 Y139.497 Z53.266 E20349.32433
G1 X89.199 Y139.679 Z53.270 E20351.17369
G1 X87.725 Y139.840 Z53.275 E20353.02260
G1 X86.246 Y139.949 Z53.279 E20354.87195
G1 X84.766 Y140.031 Z53.283 E20356.72079
G1 X83.284 Y140.067 Z53.287 E20358.57014
G1 X81.802 Y140.069 Z53.291 E20360.41895
G1 X80.319 Y140.033 Z53.295 E20362.26830
G1 X78.839 Y139.955 Z53.299 E20364.11711
G1 X77.360 Y139.846 Z53.303 E20365.96647
G1 X75.886 Y139.689 Z53.307 E20367.81533
G1 X74.415 Y139.508 Z53.311 E20369.66468
G1 X72.951 Y139.272 Z53.316 E20371.51363
G1 X71.490 Y139.019 Z53.320 E20373.36298
G1 X70.041 Y138.705 Z53.324 E20375.21205
G1 X68.595 Y138.380 Z53.328 E20377.06141
G1 X67.165 Y137.989 Z53.332 E20378.91064
G1 X65.736 Y137.591 Z53.336 E20380.75992
G1 X64.328 Y137.126 Z53.340 E20382.60928
G1 X62.924 Y136.652 Z53.344 E20384.45839
G1 X61.540 Y136.118 Z53.348 E20386.30775
G1 X60.163 Y135.570 Z53.352 E20388.15672
G1 X58.807 Y134.969 Z53.357 E20390.00608
G1 X57.462 Y134.348 Z53.361 E20391.85495
G1 X56.137 Y133.681 Z53.365 E20393.70431
G1 X54.827 Y132.988 Z53.369 E20395.55313
G1 X53.537 Y132.257 Z53.373 E20397.40248
G1 X52.265 Y131.495 Z53.377 E20399.25129
G1 X51.013 Y130.702 Z53.381 E20401.10064
G1 X49.784 Y129.872 Z53.385 E20402.94946
G1 X48.572 Y129.019 Z53.389 E20404.79882
G1 X47.390 Y128.124 Z53.393 E20406.64770
G1 X46.221 Y127.212 Z53.398 E20408.49706
G1 X45.088 Y126.256 Z53.402 E20410.34604
G1 X43.965 Y125.287 Z53.406 E20412.19540
G1 X42.885 Y124.272 Z53.410 E20414.04451
G1 X41.811 Y123.249 Z53.414 E20415.89387
G1 X40.787 Y122.177 Z53.418 E20417.74317
G1 X39.769 Y121.100 Z53.422 E20419.59238
G1 X38.801 Y119.976 Z53.426 E20421.44172
G1 X37.842 Y118.845 Z53.430 E20423.29080
G1 X36.929 Y117.678 Z53.434 E20425.14009
G1 X36.033 Y116.497 Z53.439 E20426.98903
G1 X35.178 Y115.285 Z53.443 E20428.83838
G1 X34.344 Y114.060 Z53.447 E20430.68720
G1 X33.551 Y112.807 Z53.451 E20432.53656
G1 X32.785 Y111.538 Z53.455 E20434.38536
G1 X32.054 Y110.248 Z53.459 E20436.23472
G1 X31.358 Y108.939 Z53.463 E20438.08352
G1 X30.691 Y107.615 Z53.467 E20439.93288
G1 X30.066 Y106.271 Z53.471 E20441.78172
G1 X29.465 Y104.915 Z53.475 E20443.63108
G1 X28.912 Y103.540 Z53.480 E20445.47999
G1 X28.379 Y102.156 Z53.484 E20447.32934
G1 X27.901 Y100.753 Z53.488 E20449.17836
G1 X27.436 Y99.345 Z53.492 E20451.02772
G1 X27.034 Y97.918 Z53.496 E20452.87689
G1 X26.639 Y96.489 Z53.500 E20454.72624
G1 X26.314 Y95.042 Z53.504 E20456.57560
G1 X25.996 Y93.594 Z53.508 E20458.42476
G1 X25.742 Y92.133 Z53.512 E20460.27412
G1 X25.503 Y90.670 Z53.516 E20462.12313
G1 X25.321 Y89.199 Z53.520 E20463.97249
G1 X25.161 Y87.725 Z53.525 E20465.82139
G1 X25.051 Y86.246 Z53.529 E20467.67075
G1 X24.969 Y84.766 Z53.533 E20469.51957
G1 X24.933 Y83.284 Z53.537 E20471.36893
G1 X24.931 Y81.802 Z53.541 E20473.21773
G1 X24.967 Y80.319 Z53.545 E20475.06709
G1 X25.045 Y78.839 Z53.549 E20476.91590
G1 X25.154 Y77.360 Z53.553 E20478.76525
G1 X25.311 Y75.886 Z53.557 E20480.61411
G1 X25.492 Y74.415 Z53.561 E20482.46347
G1 X25.728 Y72.951 Z53.566 E20484.31241
G1 X25.981 Y71.490 Z53.570 E20486.16177
G1 X26.295 Y70.041 Z53.574 E20488.01084
G1 X26.620 Y68.595 Z53.578 E20489.86019
G1 X27.011 Y67.164 Z53.582 E20491.70943
G1 X27.409 Y65.736 Z53.586 E20493.55871
G1 X27.874 Y64.328 Z53.590 E20495.40807
G1 X28.348 Y62.923 Z53.594 E20497.25718
G1 X28.882 Y61.540 Z53.598 E20499.10653
G1 X29.430 Y60.163 Z53.602 E20500.95550
G1 X30.031 Y58.807 Z53.607 E20502.80486
G1 X30.653 Y57.462 Z53.611 E20504.65374
G1 X31.319 Y56.137 Z53.615 E20506.50309
G1 X32.012 Y54.827 Z53.619 E20508.35191
G1 X32.743 Y53.537 Z53.623 E20510.20127
G1 X33.505 Y52.265 Z53.627 E20512.05007
G1 X34.298 Y51.013 Z53.631 E20513.89943
G1 X35.128 Y49.784 Z53.635 E20515.74825
G1 X35.981 Y48.572 Z53.639 E20517.59761
G1 X36.876 Y47.389 Z53.643 E20519.44649
G1 X37.788 Y46.220 Z53.648 E20521.29584
G1 X38.744 Y45.088 Z53.652 E20523.14482
G1 X39.713 Y43.965 Z53.656 E20524.99418
G1 X40.728 Y42.885 Z53.660 E20526.84330
G1 X41.751 Y41.811 Z53.664 E20528.69266
G1 X42.823 Y40.787 Z53.668 E20530.54195
G1 X43.900 Y39.769 Z53.672 E20532.39117
G1 X45.023 Y38.800 Z53.676 E20534.24053
G1 X46.153 Y37.840 Z53.680 E20536.08959
G1 X47.322 Y36.928 Z53.684 E20537.93895
G1 X48.502 Y36.031 Z53.689 E20539.78788
G1 X49.714 Y35.177 Z53.693 E20541.63724
G1 X50.940 Y34.344 Z53.697 E20543.48609
G1 X52.193 Y33.551 Z53.701 E20545.33545
G1 X53.462 Y32.785 Z53.705 E20547.18426
G1 X54.752 Y32.054 Z53.709 E20549.03361
G1 X56.061 Y31.358 Z53.713 E20550.88242
G1 X57.385 Y30.691 Z53.717 E20552.73177
G1 X58.729 Y30.066 Z53.721 E20554.58061
G1 X60.085 Y29.465 Z53.725 E20556.42997
G1 X61.460 Y28.912 Z53.730 E20558.27888
G1 X62.844 Y28.379 Z53.734 E20560.12824
G1 X64.247 Y27.901 Z53.738 E20561.97726
G1 X65.655 Y27.436 Z53.742 E20563.82661
G1 X67.082 Y27.034 Z53.746 E20565.67579
G1 X68.511 Y26.639 Z53.750 E20567.52514
G1 X69.958 Y26.314 Z53.754 E20569.37450
G1 X71.406 Y25.996 Z53.758 E20571.22366
G1 X72.867 Y25.742 Z53.762 E20573.07301
G1 X74.330 Y25.503 Z53.766 E20574.92203
G1 X75.801 Y25.321 Z53.770 E20576.77138
G1 X77.275 Y25.160 Z53.775 E20578.62029
G1 X78.754 Y25.051 Z53.779 E20580.46965
G1 X80.234 Y24.969 Z53.783 E20582.31848
G1 X81.716 Y24.933 Z53.787 E20584.16784
G1 X83.198 Y24.931 Z53.791 E20586.01664
G1 X84.681 Y24.967 Z53.795 E20587.86600
G1 X86.161 Y25.045 Z53.799 E20589.71480
G1 X87.640 Y25.154 Z53.803 E20591.56416
G1 X89.114 Y25.311 Z53.807 E20593.41302
G1 X90.585 Y25.492 Z53.811 E20595.26238
G1 X92.049 Y25.728 Z53.816 E20597.11132
G1 X93.510 Y25.981 Z53.820 E20598.96068
G1 X94.959 Y26.295 Z53.824 E20600.80974
G1 X96.405 Y26.620 Z53.828 E20602.65910
G1 X97.835 Y27.011 Z53.832 E20604.50833
G1 X99.264 Y27.409 Z53.836 E20606.35762
G1 X100.672 Y27.874 Z53.840 E20608.20697
G1 X102.076 Y28.348 Z53.844 E20610.05608
G1 X103.460 Y28.882 Z53.848 E20611.90544
G1 X104.837 Y29.430 Z53.852 E20613.75441
G1 X106.193 Y30.031 Z53.857 E20615.60377
G1 X107.538 Y30.653 Z53.861 E20617.45265
G1 X108.863 Y31.319 Z53.865 E20619.30200
G1 X110.173 Y32.012 Z53.869 E20621.15082
G1 X111.463 Y32.743 Z53.873 E20623.00018
G1 X112.735 Y33.505 Z53.877 E20624.84898
G1 X113.987 Y34.298 Z53.881 E20626.69834
G1 X115.216 Y35.128 Z53.885 E20628.54716
G1 X116.428 Y35.981 Z53.889 E20630.39651
G1 X117.611 Y36.876 Z53.893 E20632.24539
G1 X118.779 Y37.788 Z53.898 E20634.09475
G1 X119.912 Y38.744 Z53.902 E20635.94373
G1 X121.035 Y39.713 Z53.906 E20637.79309
G1 X122.115 Y40.728 Z53.910 E20639.64221
G1 X123.189 Y41.751 Z53.914 E20641.49156
G1 X124.213 Y42.823 Z53.918 E20643.34086
G1 X125.231 Y43.900 Z53.922 E20645.19008
G1 X126.200 Y45.023 Z53.926 E20647.03944
G1 X127.160 Y46.153 Z53.930 E20648.88850
G1 X128.072 Y47.322 Z53.934 E20650.73785
G1 X128.969 Y48.502 Z53.939 E20652.58679
G1 X129.823 Y49.714 Z53.943 E20654.43615
G1 X130.656 Y50.940 Z53.947 E20656.28500
G1 X131.449 Y52.193 Z53.951 E20658.13436
G1 X132.215 Y53.462 Z53.955 E20659.98317
G1 X132.946 Y54.752 Z53.959 E20661.83253
G1 X133.642 Y56.061 Z53.963 E20663.68133
G1 X134.309 Y57.385 Z53.967 E20665.53069
G1 X134.934 Y58.729 Z53.971 E20667.37952
G1 X135.535 Y60.085 Z53.975 E20669.22888
G1 X136.088 Y61.460 Z53.980 E20671.07779
G1 X136.621 Y62.844 Z53.984 E20672.92714
G1 X137.099 Y64.247 Z53.988 E20674.77616
G1 X137.564 Y65.655 Z53.992 E20676.62552
G1 X137.966 Y67.082 Z53.996 E20678.47468
G1 X138.361 Y68.511 Z54.000 E20680.32404
;LAYER:53
;TYPE:WALL-OUTER
G1 X138.542 Y68.469 Z54.000 E20680.55585
G1 X138.868 Y69.921 Z54.004 E20682.41117
G1 X139.187 Y71.373 Z54.008 E20684.26629
G1 X139.441 Y72.839 Z54.012 E20686.12162
G1 X139.682 Y74.307 Z54.016 E20687.97661
G1 X139.864 Y75.783 Z54.020 E20689.83192
G1 X140.025 Y77.261 Z54.025 E20691.68677
G1 X140.134 Y78.745 Z54.029 E20693.54209
G1 X140.214 Y80.230 Z54.033 E20695.39692
G1 X140.252 Y81.717 Z54.037 E20697.25224
G1 X140.255 Y83.204 Z54.041 E20699.10698
G1 X140.218 Y84.691 Z54.045 E20700.96230
G1 X140.140 Y86.176 Z54.049 E20702.81708
G1 X140.031 Y87.660 Z54.053 E20704.67240
G1 X139.874 Y89.138 Z54.057 E20706.52723
G1 X139.692 Y90.615 Z54.061 E20708.38255
G1 X139.455 Y92.083 Z54.066 E20710.23746
G1 X139.201 Y93.549 Z54.070 E20712.09279
G1 X138.886 Y95.002 Z54.074 E20713.94782
G1 X138.560 Y96.454 Z54.078 E20715.80315
G1 X138.167 Y97.888 Z54.082 E20717.65835
G1 X137.768 Y99.321 Z54.086 E20719.51360
G1 X137.301 Y100.734 Z54.090 E20721.36893
G1 X136.826 Y102.143 Z54.094 E20723.22400
G1 X136.290 Y103.531 Z54.098 E20725.07932
G1 X135.740 Y104.912 Z54.102 E20726.93426
G1 X135.137 Y106.272 Z54.107 E20728.78959
G1 X134.513 Y107.622 Z54.111 E20730.64443
G1 X133.844 Y108.951 Z54.115 E20732.49975
G1 X133.149 Y110.265 Z54.119 E20734.35454
G1 X132.416 Y111.560 Z54.123 E20736.20986
G1 X131.651 Y112.835 Z54.127 E20738.06463
G1 X130.855 Y114.092 Z54.131 E20739.91995
G1 X130.023 Y115.324 Z54.135 E20741.77474
G1 X129.167 Y116.540 Z54.139 E20743.63007
G1 X128.270 Y117.727 Z54.143 E20745.48492
G1 X127.354 Y118.899 Z54.148 E20747.34024
G1 X126.395 Y120.036 Z54.152 E20749.19519
G1 X125.423 Y121.162 Z54.156 E20751.05052
G1 X124.404 Y122.245 Z54.160 E20752.90560
G1 X123.378 Y123.322 Z54.164 E20754.76093
G1 X122.302 Y124.350 Z54.168 E20756.61620
G1 X121.222 Y125.372 Z54.172 E20758.47138
G1 X120.095 Y126.343 Z54.176 E20760.32671
G1 X118.962 Y127.306 Z54.180 E20762.18173
G1 X117.789 Y128.221 Z54.184 E20764.03706
G1 X116.605 Y129.121 Z54.189 E20765.89196
G1 X115.389 Y129.978 Z54.193 E20767.74728
G1 X114.159 Y130.813 Z54.197 E20769.60210
G1 X112.902 Y131.609 Z54.201 E20771.45742
G1 X111.628 Y132.377 Z54.205 E20773.31220
G1 X110.334 Y133.110 Z54.209 E20775.16752
G1 X109.021 Y133.809 Z54.213 E20777.02229
G1 X107.693 Y134.478 Z54.217 E20778.87762
G1 X106.344 Y135.105 Z54.221 E20780.73242
G1 X104.985 Y135.708 Z54.225 E20782.58775
G1 X103.604 Y136.262 Z54.230 E20784.44262
G1 X102.217 Y136.797 Z54.234 E20786.29795
G1 X100.809 Y137.276 Z54.238 E20788.15294
G1 X99.396 Y137.743 Z54.242 E20790.00827
G1 X97.964 Y138.146 Z54.246 E20791.86341
G1 X96.531 Y138.542 Z54.250 E20793.71872
G1 X95.079 Y138.868 Z54.254 E20795.57405
G1 X93.626 Y139.187 Z54.258 E20797.42918
G1 X92.161 Y139.441 Z54.262 E20799.28450
G1 X90.693 Y139.682 Z54.266 E20801.13948
G1 X89.217 Y139.864 Z54.270 E20802.99480
G1 X87.738 Y140.025 Z54.275 E20804.84967
G1 X86.255 Y140.135 Z54.279 E20806.70500
G1 X84.770 Y140.216 Z54.283 E20808.55980
G1 X83.283 Y140.253 Z54.287 E20810.41512
G1 X81.796 Y140.255 Z54.291 E20812.26989
G1 X80.309 Y140.218 Z54.295 E20814.12522
G1 X78.824 Y140.140 Z54.299 E20815.97999
G1 X77.340 Y140.031 Z54.303 E20817.83532
G1 X75.862 Y139.874 Z54.307 E20819.69014
G1 X74.385 Y139.692 Z54.311 E20821.54547
G1 X72.917 Y139.455 Z54.316 E20823.40038
G1 X71.451 Y139.201 Z54.320 E20825.25570
G1 X69.998 Y138.886 Z54.324 E20827.11074
G1 X68.546 Y138.560 Z54.328 E20828.96607
G1 X67.112 Y138.167 Z54.332 E20830.82127
G1 X65.679 Y137.768 Z54.336 E20832.67652
G1 X64.266 Y137.301 Z54.340 E20834.53184
G1 X62.857 Y136.826 Z54.344 E20836.38691
G1 X61.469 Y136.290 Z54.348 E20838.24224
G1 X60.088 Y135.740 Z54.352 E20840.09718
G1 X58.728 Y135.137 Z54.357 E20841.95250
G1 X57.378 Y134.513 Z54.361 E20843.80734
G1 X56.049 Y133.844 Z54.365 E20845.66267
G1 X54.735 Y133.149 Z54.369 E20847.51745
G1 X53.440 Y132.416 Z54.373 E20849.37278
G1 X52.165 Y131.651 Z54.377 E20851.22754
G1 X50.908 Y130.855 Z54.381 E20853.08287
G1 X49.676 Y130.023 Z54.385 E20854.93766
G1 X48.460 Y129.167 Z54.389 E20856.79298
G1 X47.273 Y128.270 Z54.393 E20858.64783
G1 X46.101 Y127.354 Z54.398 E20860.50316
G1 X44.964 Y126.395 Z54.402 E20862.35811
G1 X43.838 Y125.423 Z54.406 E20864.21343
G1 X42.755 Y124.404 Z54.410 E20866.06852
G1 X41.678 Y123.378 Z54.414 E20867.92384
G1 X40.650 Y122.302 Z54.418 E20869.77911
G1 X39.628 Y121.222 Z54.422 E20871.63430
G1 X38.657 Y120.095 Z54.426 E20873.48962
G1 X37.694 Y118.962 Z54.430 E20875.34465
G1 X36.779 Y117.789 Z54.434 E20877.19997
G1 X35.879 Y116.605 Z54.439 E20879.05487
G1 X35.022 Y115.389 Z54.443 E20880.91020
G1 X34.187 Y114.159 Z54.447 E20882.76501
G1 X33.391 Y112.902 Z54.451 E20884.62034
G1 X32.623 Y111.629 Z54.455 E20886.47511
G1 X31.890 Y110.334 Z54.459 E20888.33044
G1 X31.191 Y109.022 Z54.463 E20890.18521
G1 X30.522 Y107.693 Z54.467 E20892.04053
G1 X29.895 Y106.344 Z54.471 E20893.89534
G1 X29.292 Y104.985 Z54.475 E20895.75066
G1 X28.738 Y103.604 Z54.480 E20897.60554
G1 X28.203 Y102.217 Z54.484 E20899.46087
G1 X27.724 Y100.809 Z54.488 E20901.31586
G1 X27.257 Y99.396 Z54.492 E20903.17118
G1 X26.854 Y97.964 Z54.496 E20905.02633
G1 X26.458 Y96.531 Z54.500 E20906.88164
G1 X26.132 Y95.079 Z54.504 E20908.73696
G1 X25.813 Y93.627 Z54.508 E20910.59209
G1 X25.559 Y92.161 Z54.512 E20912.44742
G1 X25.318 Y90.693 Z54.516 E20914.30240
G1 X25.136 Y89.217 Z54.520 E20916.15772
G1 X24.976 Y87.738 Z54.525 E20918.01258
G1 X24.866 Y86.255 Z54.529 E20919.86791
G1 X24.784 Y84.770 Z54.533 E20921.72269
G1 X24.747 Y83.283 Z54.537 E20923.57802
G1 X24.745 Y81.796 Z54.541 E20925.43279
G1 X24.782 Y80.309 Z54.545 E20927.28811
G1 X24.860 Y78.824 Z54.549 E20929.14289
G1 X24.969 Y77.340 Z54.553 E20930.99821
G1 X25.126 Y75.862 Z54.557 E20932.85304
G1 X25.308 Y74.385 Z54.561 E20934.70836
G1 X25.545 Y72.917 Z54.566 E20936.56327
G1 X25.799 Y71.451 Z54.570 E20938.41860
G1 X26.114 Y69.998 Z54.574 E20940.27364
G1 X26.440 Y68.546 Z54.578 E20942.12896
G1 X26.833 Y67.112 Z54.582 E20943.98416
G1 X27.232 Y65.679 Z54.586 E20945.83941
G1 X27.699 Y64.266 Z54.590 E20947.69474
G1 X28.174 Y62.857 Z54.594 E20949.54981
G1 X28.710 Y61.469 Z54.598 E20951.40514
G1 X29.260 Y60.088 Z54.602 E20953.26007
G1 X29.863 Y58.728 Z54.607 E20955.11540
G1 X30.487 Y57.378 Z54.611 E20956.97024
G1 X31.156 Y56.049 Z54.615 E20958.82556
G1 X31.851 Y54.735 Z54.619 E20960.68035
G1 X32.584 Y53.440 Z54.623 E20962.53567
G1 X33.349 Y52.165 Z54.627 E20964.39044
G1 X34.145 Y50.908 Z54.631 E20966.24576
G1 X34.977 Y49.676 Z54.635 E20968.10055
G1 X35.833 Y48.460 Z54.639 E20969.95588
G1 X36.730 Y47.273 Z54.643 E20971.81073
G1 X37.646 Y46.101 Z54.648 E20973.66605
G1 X38.605 Y44.964 Z54.652 E20975.52100
G1 X39.577 Y43.838 Z54.656 E20977.37633
G1 X40.596 Y42.755 Z54.660 E20979.23141
G1 X41.622 Y41.678 Z54.664 E20981.08674
G1 X42.698 Y40.650 Z54.668 E20982.94201
G1 X43.778 Y39.628 Z54.672 E20984.79719
G1 X44.905 Y38.657 Z54.676 E20986.65252
G1 X46.038 Y37.694 Z54.680 E20988.50754
G1 X47.211 Y36.779 Z54.684 E20990.36287
G1 X48.395 Y35.879 Z54.689 E20992.21777
G1 X49.611 Y35.022 Z54.693 E20994.07309
G1 X50.841 Y34.187 Z54.697 E20995.92791
G1 X52.098 Y33.391 Z54.701 E20997.78324
G1 X53.372 Y32.623 Z54.705 E20999.63801
G1 X54.666 Y31.890 Z54.709 E21001.49333
G1 X55.979 Y31.191 Z54.713 E21003.34810
G1 X57.307 Y30.522 Z54.717 E21005.20343
G1 X58.656 Y29.895 Z54.721 E21007.05823
G1 X60.015 Y29.292 Z54.725 E21008.91356
G1 X61.396 Y28.738 Z54.730 E21010.76844
G1 X62.783 Y28.203 Z54.734 E21012.62376
G1 X64.191 Y27.724 Z54.738 E21014.47875
G1 X65.604 Y27.257 Z54.742 E21016.33408
G1 X67.036 Y26.854 Z54.746 E21018.18922
G1 X68.469 Y26.458 Z54.750 E21020.04454
G1 X69.921 Y26.132 Z54.754 E21021.89986
G1 X71.373 Y25.813 Z54.758 E21023.75499
G1 X72.839 Y25.559 Z54.762 E21025.61031
G1 X74.307 Y25.318 Z54.766 E21027.46529
G1 X75.783 Y25.136 Z54.770 E21029.32062
G1 X77.262 Y24.975 Z54.775 E21031.17548
G1 X78.745 Y24.865 Z54.779 E21033.03081
G1 X80.230 Y24.784 Z54.783 E21034.88561
G1 X81.717 Y24.747 Z54.787 E21036.74093
G1 X83.204 Y24.745 Z54.791 E21038.59570
G1 X84.691 Y24.782 Z54.795 E21040.45103
G1 X86.176 Y24.860 Z54.799 E21042.30580
G1 X87.660 Y24.969 Z54.803 E21044.16113
G1 X89.138 Y25.126 Z54.807 E21046.01595
G1 X90.615 Y25.308 Z54.811 E21047.87128
G1 X92.083 Y25.545 Z54.816 E21049.72619
G1 X93.549 Y25.799 Z54.820 E21051.58151
G1 X95.002 Y26.114 Z54.824 E21053.43655
G1 X96.454 Y26.440 Z54.828 E21055.29188
G1 X97.888 Y26.833 Z54.832 E21057.14708
G1 X99.321 Y27.232 Z54.836 E21059.00233
G1 X100.734 Y27.699 Z54.840 E21060.85765
G1 X102.143 Y28.174 Z54.844 E21062.71273
G1 X103.531 Y28.710 Z54.848 E21064.56805
G1 X104.912 Y29.260 Z54.852 E21066.42299
G1 X106.272 Y29.863 Z54.857 E21068.27831
G1 X107.622 Y30.487 Z54.861 E21070.13316
G1 X108.951 Y31.156 Z54.865 E21071.98848
G1 X110.265 Y31.851 Z54.869 E21073.84326
G1 X111.560 Y32.584 Z54.873 E21075.69859
G1 X112.835 Y33.349 Z54.877 E21077.55336
G1 X114.092 Y34.145 Z54.881 E21079.40868
G1 X115.324 Y34.977 Z54.885 E21081.26347
G1 X116.540 Y35.833 Z54.889 E21083.11879
G1 X117.727 Y36.730 Z54.893 E21084.97364
G1 X118.899 Y37.646 Z54.898 E21086.82897
G1 X120.036 Y38.605 Z54.902 E21088.68392
G1 X121.162 Y39.577 Z54.906 E21090.53924
G1 X122.245 Y40.596 Z54.910 E21092.39433
G1 X123.322 Y41.622 Z54.914 E21094.24966
G1 X124.350 Y42.698 Z54.918 E21096.10492
G1 X125.372 Y43.778 Z54.922 E21097.96011
G1 X126.343 Y44.905 Z54.926 E21099.81543
G1 X127.306 Y46.038 Z54.930 E21101.67046
G1 X128.221 Y47.211 Z54.934 E21103.52578
G1 X129.121 Y48.395 Z54.939 E21105.38069
G1 X129.978 Y49.611 Z54.943 E21107.23601
G1 X130.813 Y50.841 Z54.947 E21109.09083
G1 X131.609 Y52.098 Z54.951 E21110.94616
G1 X132.377 Y53.371 Z54.955 E21112.80093
G1 X133.110 Y54.666 Z54.959 E21114.65626
G1 X133.809 Y55.978 Z54.963 E21116.51103
G1 X134.478 Y57.307 Z54.967 E21118.36635
G1 X135.105 Y58.656 Z54.971 E21120.22115
G1 X135.708 Y60.015 Z54.975 E21122.07648
G1 X136.262 Y61.396 Z54.980 E21123.93135
G1 X136.797 Y62.783 Z54.984 E21125.78668
G1 X137.276 Y64.191 Z54.988 E21127.64166
G1 X137.743 Y65.604 Z54.992 E21129.49699
G1 X138.146 Y67.036 Z54.996 E21131.35212
G1 X138.542 Y68.469 Z55.000 E21133.20745
;LAYER:54
;TYPE:WALL-OUTER
G1 X138.701 Y68.427 Z55.000 E21133.41262
G1 X139.028 Y69.883 Z55.004 E21135.27322
G1 X139.348 Y71.340 Z55.008 E21137.13363
G1 X139.603 Y72.809 Z55.012 E21138.99424
G1 X139.845 Y74.281 Z55.016 E21140.85450
G1 X140.027 Y75.762 Z55.020 E21142.71510
G1 X140.188 Y77.244 Z55.025 E21144.57522
G1 X140.297 Y78.732 Z55.029 E21146.43580
G1 X140.374 Y80.221 Z55.033 E21148.29597
G1 X140.414 Y81.713 Z55.037 E21150.15650
G1 X140.417 Y83.204 Z55.041 E21152.01651
G1 X140.382 Y84.695 Z55.045 E21153.87710
G1 X140.305 Y86.185 Z55.049 E21155.73712
G1 X140.195 Y87.672 Z55.053 E21157.59773
G1 X140.037 Y89.155 Z55.057 E21159.45783
G1 X139.855 Y90.636 Z55.061 E21161.31844
G1 X139.617 Y92.108 Z55.066 E21163.17863
G1 X139.362 Y93.578 Z55.070 E21165.03924
G1 X139.047 Y95.036 Z55.074 E21166.89955
G1 X138.720 Y96.491 Z55.078 E21168.76016
G1 X138.326 Y97.930 Z55.082 E21170.62064
G1 X137.926 Y99.367 Z55.086 E21172.48117
G1 X137.458 Y100.783 Z55.090 E21174.34178
G1 X136.981 Y102.197 Z55.094 E21176.20213
G1 X136.444 Y103.589 Z55.098 E21178.06274
G1 X135.892 Y104.974 Z55.102 E21179.92296
G1 X135.288 Y106.338 Z55.107 E21181.78357
G1 X134.662 Y107.692 Z55.111 E21183.64369
G1 X133.992 Y109.024 Z55.115 E21185.50429
G1 X133.294 Y110.343 Z55.119 E21187.36436
G1 X132.559 Y111.641 Z55.123 E21189.22496
G1 X131.792 Y112.920 Z55.127 E21191.08501
G1 X130.994 Y114.180 Z55.131 E21192.94562
G1 X130.160 Y115.416 Z55.135 E21194.80568
G1 X129.301 Y116.636 Z55.139 E21196.66629
G1 X128.401 Y117.825 Z55.143 E21198.52642
G1 X127.483 Y119.001 Z55.148 E21200.38702
G1 X126.521 Y120.141 Z55.152 E21202.24725
G1 X125.547 Y121.270 Z55.156 E21204.10786
G1 X124.525 Y122.357 Z55.160 E21205.96823
G1 X123.496 Y123.437 Z55.164 E21207.82883
G1 X122.417 Y124.467 Z55.168 E21209.68938
G1 X121.334 Y125.492 Z55.172 E21211.54985
G1 X120.204 Y126.467 Z55.176 E21213.41045
G1 X119.067 Y127.432 Z55.180 E21215.27076
G1 X117.891 Y128.350 Z55.184 E21217.13136
G1 X116.704 Y129.253 Z55.189 E21218.99155
G1 X115.484 Y130.112 Z55.193 E21220.85215
G1 X114.251 Y130.949 Z55.197 E21222.71225
G1 X112.990 Y131.748 Z55.201 E21224.57286
G1 X111.713 Y132.518 Z55.205 E21226.43291
G1 X110.415 Y133.253 Z55.209 E21228.29352
G1 X109.099 Y133.954 Z55.213 E21230.15357
G1 X107.766 Y134.625 Z55.217 E21232.01417
G1 X106.414 Y135.254 Z55.221 E21233.87426
G1 X105.051 Y135.858 Z55.225 E21235.73486
G1 X103.667 Y136.414 Z55.230 E21237.59502
G1 X102.275 Y136.951 Z55.234 E21239.45563
G1 X100.863 Y137.432 Z55.238 E21241.31590
G1 X99.446 Y137.900 Z55.242 E21243.17650
G1 X98.011 Y138.304 Z55.246 E21245.03692
G1 X96.573 Y138.701 Z55.250 E21246.89752
G1 X95.117 Y139.028 Z55.254 E21248.75813
G1 X93.660 Y139.348 Z55.258 E21250.61854
G1 X92.191 Y139.603 Z55.262 E21252.47915
G1 X90.719 Y139.844 Z55.266 E21254.33941
G1 X89.238 Y140.027 Z55.270 E21256.20001
G1 X87.756 Y140.189 Z55.275 E21258.06016
G1 X86.268 Y140.299 Z55.279 E21259.92077
G1 X84.779 Y140.381 Z55.283 E21261.78085
G1 X83.287 Y140.417 Z55.287 E21263.64145
G1 X81.796 Y140.419 Z55.291 E21265.50150
G1 X80.305 Y140.383 Z55.295 E21267.36211
G1 X78.816 Y140.305 Z55.299 E21269.22216
G1 X77.328 Y140.195 Z55.303 E21271.08277
G1 X75.845 Y140.037 Z55.307 E21272.94287
G1 X74.364 Y139.855 Z55.311 E21274.80348
G1 X72.892 Y139.617 Z55.316 E21276.66367
G1 X71.422 Y139.362 Z55.320 E21278.52428
G1 X69.964 Y139.047 Z55.324 E21280.38459
G1 X68.509 Y138.720 Z55.328 E21282.24520
G1 X67.070 Y138.326 Z55.332 E21284.10568
G1 X65.633 Y137.926 Z55.336 E21285.96621
G1 X64.217 Y137.458 Z55.340 E21287.82682
G1 X62.803 Y136.981 Z55.344 E21289.68717
G1 X61.411 Y136.444 Z55.348 E21291.54778
G1 X60.026 Y135.892 Z55.352 E21293.40800
G1 X58.662 Y135.288 Z55.357 E21295.26861
G1 X57.308 Y134.662 Z55.361 E21297.12873
G1 X55.976 Y133.992 Z55.365 E21298.98934
G1 X54.657 Y133.294 Z55.369 E21300.84940
G1 X53.359 Y132.559 Z55.373 E21302.71001
G1 X52.080 Y131.792 Z55.377 E21304.57005
G1 X50.820 Y130.994 Z55.381 E21306.43066
G1 X49.584 Y130.160 Z55.385 E21308.29073
G1 X48.364 Y129.301 Z55.389 E21310.15133
G1 X47.175 Y128.401 Z55.393 E21312.01146
G1 X45.999 Y127.483 Z55.398 E21313.87207
G1 X44.859 Y126.521 Z55.402 E21315.73229
G1 X43.730 Y125.547 Z55.406 E21317.59290
G1 X42.643 Y124.525 Z55.410 E21319.45327
G1 X41.563 Y123.496 Z55.414 E21321.31387
G1 X40.533 Y122.417 Z55.418 E21323.17442
G1 X39.508 Y121.334 Z55.422 E21325.03489
G1 X38.533 Y120.204 Z55.426 E21326.89549
G1 X37.568 Y119.067 Z55.430 E21328.75580
G1 X36.650 Y117.891 Z55.434 E21330.61641
G1 X35.747 Y116.704 Z55.439 E21332.47659
G1 X34.888 Y115.484 Z55.443 E21334.33720
G1 X34.051 Y114.251 Z55.447 E21336.19729
G1 X33.252 Y112.990 Z55.451 E21338.05790
G1 X32.482 Y111.713 Z55.455 E21339.91795
G1 X31.747 Y110.415 Z55.459 E21341.77856
G1 X31.046 Y109.099 Z55.463 E21343.63861
G1 X30.375 Y107.767 Z55.467 E21345.49922
G1 X29.746 Y106.414 Z55.471 E21347.35930
G1 X29.142 Y105.051 Z55.475 E21349.21991
G1 X28.586 Y103.667 Z55.480 E21351.08006
G1 X28.049 Y102.275 Z55.484 E21352.94067
G1 X27.568 Y100.863 Z55.488 E21354.80094
G1 X27.100 Y99.446 Z55.492 E21356.66154
G1 X26.696 Y98.011 Z55.496 E21358.52197
G1 X26.299 Y96.573 Z55.500 E21360.38256
G1 X25.972 Y95.117 Z55.504 E21362.24317
G1 X25.652 Y93.660 Z55.508 E21364.10358
G1 X25.397 Y92.191 Z55.512 E21365.96419
G1 X25.156 Y90.719 Z55.516 E21367.82445
G1 X24.973 Y89.238 Z55.520 E21369.68505
G1 X24.812 Y87.756 Z55.525 E21371.54520
G1 X24.702 Y86.268 Z55.529 E21373.40581
G1 X24.619 Y84.779 Z55.533 E21375.26588
G1 X24.583 Y83.287 Z55.537 E21377.12648
G1 X24.581 Y81.796 Z55.541 E21378.98653
G1 X24.617 Y80.305 Z55.545 E21380.84714
G1 X24.695 Y78.816 Z55.549 E21382.70719
G1 X24.805 Y77.328 Z55.553 E21384.56780
G1 X24.963 Y75.845 Z55.557 E21386.42790
G1 X25.145 Y74.364 Z55.561 E21388.28851
G1 X25.383 Y72.892 Z55.566 E21390.14870
G1 X25.638 Y71.422 Z55.570 E21392.00931
G1 X25.953 Y69.964 Z55.574 E21393.86962
G1 X26.280 Y68.509 Z55.578 E21395.73023
G1 X26.674 Y67.070 Z55.582 E21397.59071
G1 X27.074 Y65.633 Z55.586 E21399.45124
G1 X27.542 Y64.217 Z55.590 E21401.31185
G1 X28.019 Y62.803 Z55.594 E21403.17220
G1 X28.556 Y61.412 Z55.598 E21405.03281
G1 X29.108 Y60.026 Z55.602 E21406.89303
G1 X29.712 Y58.662 Z55.607 E21408.75364
G1 X30.338 Y57.308 Z55.611 E21410.61376
G1 X31.008 Y55.976 Z55.615 E21412.47436
G1 X31.706 Y54.657 Z55.619 E21414.33443
G1 X32.441 Y53.359 Z55.623 E21416.19503
G1 X33.208 Y52.080 Z55.627 E21418.05508
G1 X34.006 Y50.820 Z55.631 E21419.91569
G1 X34.840 Y49.584 Z55.635 E21421.77575
G1 X35.699 Y48.364 Z55.639 E21423.63636
G1 X36.599 Y47.175 Z55.643 E21425.49649
G1 X37.517 Y45.999 Z55.648 E21427.35709
G1 X38.479 Y44.859 Z55.652 E21429.21732
G1 X39.453 Y43.730 Z55.656 E21431.07793
G1 X40.475 Y42.643 Z55.660 E21432.93829
G1 X41.504 Y41.563 Z55.664 E21434.79890
G1 X42.583 Y40.533 Z55.668 E21436.65945
G1 X43.666 Y39.508 Z55.672 E21438.51992
G1 X44.796 Y38.533 Z55.676 E21440.38052
G1 X45.933 Y37.568 Z55.680 E21442.24083
G1 X47.109 Y36.650 Z55.684 E21444.10143
G1 X48.296 Y35.747 Z55.689 E21445.96162
G1 X49.516 Y34.888 Z55.693 E21447.82222
G1 X50.749 Y34.051 Z55.697 E21449.68232
G1 X52.010 Y33.252 Z55.701 E21451.54293
G1 X53.287 Y32.482 Z55.705 E21453.40298
G1 X54.585 Y31.747 Z55.709 E21455.26359
G1 X55.901 Y31.046 Z55.713 E21457.12364
G1 X57.233 Y30.375 Z55.717 E21458.98424
G1 X58.586 Y29.746 Z55.721 E21460.84433
G1 X59.949 Y29.142 Z55.725 E21462.70493
G1 X61.333 Y28.586 Z55.730 E21464.56509
G1 X62.725 Y28.049 Z55.734 E21466.42570
G1 X64.137 Y27.568 Z55.738 E21468.28597
G1 X65.554 Y27.100 Z55.742 E21470.14657
G1 X66.989 Y26.696 Z55.746 E21472.00699
G1 X68.427 Y26.299 Z55.750 E21473.86759
G1 X69.883 Y25.972 Z55.754 E21475.72820
G1 X71.340 Y25.652 Z55.758 E21477.58861
G1 X72.809 Y25.397 Z55.762 E21479.44922
G1 X74.281 Y25.156 Z55.766 E21481.30948
G1 X75.762 Y24.973 Z55.770 E21483.17008
G1 X77.244 Y24.811 Z55.775 E21485.03023
G1 X78.732 Y24.701 Z55.779 E21486.89084
G1 X80.221 Y24.619 Z55.783 E21488.75092
G1 X81.712 Y24.583 Z55.787 E21490.61153
G1 X83.204 Y24.581 Z55.791 E21492.47157
G1 X84.695 Y24.617 Z55.795 E21494.33218
G1 X86.184 Y24.695 Z55.799 E21496.19224
G1 X87.672 Y24.805 Z55.803 E21498.05284
G1 X89.155 Y24.963 Z55.807 E21499.91294
G1 X90.636 Y25.145 Z55.811 E21501.77355
G1 X92.108 Y25.383 Z55.816 E21503.63374
G1 X93.578 Y25.638 Z55.820 E21505.49435
G1 X95.036 Y25.953 Z55.824 E21507.35466
G1 X96.491 Y26.280 Z55.828 E21509.21527
G1 X97.930 Y26.674 Z55.832 E21511.07575
G1 X99.367 Y27.074 Z55.836 E21512.93628
G1 X100.783 Y27.542 Z55.840 E21514.79689
G1 X102.197 Y28.019 Z55.844 E21516.65725
G1 X103.588 Y28.556 Z55.848 E21518.51785
G1 X104.974 Y29.108 Z55.852 E21520.37807
G1 X106.338 Y29.712 Z55.857 E21522.23868
G1 X107.692 Y30.338 Z55.861 E21524.09880
G1 X109.024 Y31.008 Z55.865 E21525.95941
G1 X110.343 Y31.705 Z55.869 E21527.81947
G1 X111.640 Y32.441 Z55.873 E21529.68008
G1 X112.919 Y33.208 Z55.877 E21531.54012
G1 X114.180 Y34.006 Z55.881 E21533.40073
G1 X115.416 Y34.840 Z55.885 E21535.26080
G1 X116.635 Y35.699 Z55.889 E21537.12140
G1 X117.825 Y36.599 Z55.893 E21538.98153
G1 X119.001 Y37.517 Z55.898 E21540.84214
G1 X120.141 Y38.479 Z55.902 E21542.70236
G1 X121.270 Y39.453 Z55.906 E21544.56297
G1 X122.357 Y40.475 Z55.910 E21546.42334
G1 X123.437 Y41.504 Z55.914 E21548.28394
G1 X124.467 Y42.583 Z55.918 E21550.14449
G1 X125.492 Y43.666 Z55.922 E21552.00496
G1 X126.467 Y44.796 Z55.926 E21553.86556
G1 X127.432 Y45.933 Z55.930 E21555.72587
G1 X128.350 Y47.109 Z55.934 E21557.58648
G1 X129.253 Y48.296 Z55.939 E21559.44666
G1 X130.111 Y49.516 Z55.943 E21561.30727
G1 X130.949 Y50.749 Z55.947 E21563.16737
G1 X131.747 Y52.010 Z55.951 E21565.02798
G1 X132.518 Y53.287 Z55.955 E21566.88803
G1 X133.253 Y54.585 Z55.959 E21568.74864
G1 X133.954 Y55.901 Z55.963 E21570.60868
G1 X134.625 Y57.233 Z55.967 E21572.46929
G1 X135.254 Y58.586 Z55.971 E21574.32937
G1 X135.858 Y59.949 Z55.975 E21576.18998
G1 X136.414 Y61.333 Z55.980 E21578.05013
G1 X136.951 Y62.725 Z55.984 E21579.91074
G1 X137.432 Y64.137 Z55.988 E21581.77100
G1 X137.899 Y65.554 Z55.992 E21583.63161
G1 X138.304 Y66.989 Z55.996 E21585.49203
G1 X138.701 Y68.427 Z56.000 E21587.35263
;LAYER:55
;TYPE:WALL-OUTER
G1 X138.839 Y68.389 Z56.000 E21587.53109
G1 X139.167 Y69.848 Z56.004 E21589.39629
G1 X139.488 Y71.309 Z56.008 E21591.26129
G1 X139.743 Y72.782 Z56.012 E21593.12649
G1 X139.986 Y74.257 Z56.016 E21594.99135
G1 X140.169 Y75.742 Z56.020 E21596.85654
G1 X140.330 Y77.228 Z56.025 E21598.72120
G1 X140.435 Y78.720 Z56.029 E21600.58634
G1 X140.511 Y80.213 Z56.033 E21602.45120
G1 X140.553 Y81.707 Z56.037 E21604.31613
G1 X140.554 Y83.202 Z56.041 E21606.18079
G1 X140.523 Y84.698 Z56.045 E21608.04594
G1 X140.448 Y86.191 Z56.049 E21609.91047
G1 X140.338 Y87.682 Z56.053 E21611.77567
G1 X140.180 Y89.169 Z56.057 E21613.64036
G1 X139.997 Y90.653 Z56.061 E21615.50556
G1 X139.759 Y92.129 Z56.066 E21617.37034
G1 X139.503 Y93.602 Z56.070 E21619.23553
G1 X139.187 Y95.064 Z56.074 E21621.10044
G1 X138.859 Y96.523 Z56.078 E21622.96564
G1 X138.465 Y97.965 Z56.082 E21624.83070
G1 X138.064 Y99.406 Z56.086 E21626.69583
G1 X137.594 Y100.826 Z56.090 E21628.56103
G1 X137.117 Y102.243 Z56.094 E21630.42598
G1 X136.578 Y103.638 Z56.098 E21632.29118
G1 X136.025 Y105.027 Z56.102 E21634.15599
G1 X135.419 Y106.394 Z56.107 E21636.02119
G1 X134.792 Y107.751 Z56.111 E21637.88590
G1 X134.120 Y109.087 Z56.115 E21639.75110
G1 X133.421 Y110.409 Z56.119 E21641.61576
G1 X132.684 Y111.710 Z56.123 E21643.48096
G1 X131.916 Y112.992 Z56.127 E21645.34559
G1 X131.116 Y114.256 Z56.131 E21647.21079
G1 X130.279 Y115.495 Z56.135 E21649.07545
G1 X129.418 Y116.717 Z56.139 E21650.94064
G1 X128.516 Y117.910 Z56.143 E21652.80536
G1 X127.596 Y119.089 Z56.148 E21654.67056
G1 X126.632 Y120.231 Z56.152 E21656.53537
G1 X125.655 Y121.364 Z56.156 E21658.40057
G1 X124.631 Y122.453 Z56.160 E21660.26553
G1 X123.600 Y123.536 Z56.164 E21662.13073
G1 X122.518 Y124.569 Z56.168 E21663.99586
G1 X121.432 Y125.596 Z56.172 E21665.86092
G1 X120.299 Y126.573 Z56.176 E21667.72612
G1 X119.160 Y127.541 Z56.180 E21669.59102
G1 X117.981 Y128.461 Z56.184 E21671.45622
G1 X116.791 Y129.366 Z56.189 E21673.32099
G1 X115.568 Y130.227 Z56.193 E21675.18619
G1 X114.332 Y131.067 Z56.197 E21677.05088
G1 X113.068 Y131.867 Z56.201 E21678.91608
G1 X111.788 Y132.640 Z56.205 E21680.78072
G1 X110.487 Y133.377 Z56.209 E21682.64592
G1 X109.167 Y134.080 Z56.213 E21684.51056
G1 X107.832 Y134.752 Z56.217 E21686.37576
G1 X106.476 Y135.383 Z56.221 E21688.24043
G1 X105.109 Y135.989 Z56.225 E21690.10563
G1 X103.722 Y136.546 Z56.230 E21691.97037
G1 X102.326 Y137.084 Z56.234 E21693.83557
G1 X100.911 Y137.566 Z56.238 E21695.70043
G1 X99.491 Y138.035 Z56.242 E21697.56563
G1 X98.052 Y138.441 Z56.246 E21699.43064
G1 X96.611 Y138.839 Z56.250 E21701.29583
G1 X95.151 Y139.167 Z56.254 E21703.16103
G1 X93.691 Y139.488 Z56.258 E21705.02604
G1 X92.218 Y139.744 Z56.262 E21706.89123
G1 X90.742 Y139.986 Z56.266 E21708.75609
G1 X89.258 Y140.169 Z56.270 E21710.62129
G1 X87.772 Y140.331 Z56.275 E21712.48603
G1 X86.280 Y140.441 Z56.279 E21714.35123
G1 X84.788 Y140.524 Z56.283 E21716.21590
G1 X83.293 Y140.560 Z56.287 E21718.08110
G1 X81.798 Y140.562 Z56.291 E21719.94573
G1 X80.303 Y140.526 Z56.295 E21721.81093
G1 X78.810 Y140.448 Z56.299 E21723.67558
G1 X77.318 Y140.338 Z56.303 E21725.54078
G1 X75.832 Y140.180 Z56.307 E21727.40547
G1 X74.347 Y139.997 Z56.311 E21729.27067
G1 X72.871 Y139.759 Z56.316 E21731.13544
G1 X71.398 Y139.503 Z56.320 E21733.00064
G1 X69.936 Y139.187 Z56.324 E21734.86555
G1 X68.477 Y138.859 Z56.328 E21736.73074
G1 X67.035 Y138.465 Z56.332 E21738.59581
G1 X65.594 Y138.064 Z56.336 E21740.46094
G1 X64.174 Y137.595 Z56.340 E21742.32614
G1 X62.758 Y137.117 Z56.344 E21744.19109
G1 X61.362 Y136.578 Z56.348 E21746.05629
G1 X59.973 Y136.025 Z56.352 E21747.92110
G1 X58.606 Y135.419 Z56.357 E21749.78630
G1 X57.249 Y134.793 Z56.361 E21751.65101
G1 X55.913 Y134.120 Z56.365 E21753.51621
G1 X54.591 Y133.421 Z56.369 E21755.38087
G1 X53.290 Y132.684 Z56.373 E21757.24606
G1 X52.008 Y131.916 Z56.377 E21759.11070
G1 X50.745 Y131.116 Z56.381 E21760.97590
G1 X49.505 Y130.279 Z56.385 E21762.84056
G1 X48.283 Y129.418 Z56.389 E21764.70575
G1 X47.090 Y128.517 Z56.393 E21766.57047
G1 X45.911 Y127.596 Z56.398 E21768.43567
G1 X44.769 Y126.632 Z56.402 E21770.30048
G1 X43.636 Y125.655 Z56.406 E21772.16568
G1 X42.547 Y124.631 Z56.410 E21774.03064
G1 X41.464 Y123.600 Z56.414 E21775.89583
G1 X40.431 Y122.518 Z56.418 E21777.76097
G1 X39.404 Y121.432 Z56.422 E21779.62603
G1 X38.427 Y120.300 Z56.426 E21781.49123
G1 X37.459 Y119.160 Z56.430 E21783.35613
G1 X36.539 Y117.981 Z56.434 E21785.22133
G1 X35.634 Y116.791 Z56.439 E21787.08610
G1 X34.773 Y115.568 Z56.443 E21788.95130
G1 X33.933 Y114.332 Z56.447 E21790.81599
G1 X33.133 Y113.068 Z56.451 E21792.68119
G1 X32.360 Y111.788 Z56.455 E21794.54583
G1 X31.623 Y110.487 Z56.459 E21796.41103
G1 X30.920 Y109.168 Z56.463 E21798.27567
G1 X30.248 Y107.832 Z56.467 E21800.14087
G1 X29.617 Y106.476 Z56.471 E21802.00554
G1 X29.011 Y105.109 Z56.475 E21803.87074
G1 X28.454 Y103.722 Z56.480 E21805.73548
G1 X27.916 Y102.327 Z56.484 E21807.60068
G1 X27.434 Y100.911 Z56.488 E21809.46554
G1 X26.965 Y99.491 Z56.492 E21811.33074
G1 X26.559 Y98.052 Z56.496 E21813.19574
G1 X26.161 Y96.611 Z56.500 E21815.06094
G1 X25.833 Y95.152 Z56.504 E21816.92614
G1 X25.512 Y93.691 Z56.508 E21818.79114
G1 X25.256 Y92.218 Z56.512 E21820.65634
G1 X25.014 Y90.742 Z56.516 E21822.52120
G1 X24.831 Y89.258 Z56.520 E21824.38639
G1 X24.669 Y87.772 Z56.525 E21826.25114
G1 X24.559 Y86.280 Z56.529 E21828.11633
G1 X24.476 Y84.788 Z56.533 E21829.98100
G1 X24.440 Y83.293 Z56.537 E21831.84620
G1 X24.438 Y81.798 Z56.541 E21833.71084
G1 X24.474 Y80.303 Z56.545 E21835.57604
G1 X24.552 Y78.810 Z56.549 E21837.44068
G1 X24.662 Y77.318 Z56.553 E21839.30588
G1 X24.820 Y75.832 Z56.557 E21841.17057
G1 X25.003 Y74.348 Z56.561 E21843.03577
G1 X25.241 Y72.871 Z56.566 E21844.90055
G1 X25.497 Y71.398 Z56.570 E21846.76575
G1 X25.813 Y69.937 Z56.574 E21848.63065
G1 X26.141 Y68.478 Z56.578 E21850.49585
G1 X26.535 Y67.035 Z56.582 E21852.36091
G1 X26.936 Y65.595 Z56.586 E21854.22604
G1 X27.405 Y64.175 Z56.590 E21856.09124
G1 X27.883 Y62.758 Z56.594 E21857.95619
G1 X28.421 Y61.363 Z56.598 E21859.82139
G1 X28.975 Y59.973 Z56.602 E21861.68620
G1 X29.581 Y58.606 Z56.607 E21863.55140
G1 X30.207 Y57.249 Z56.611 E21865.41612
G1 X30.880 Y55.913 Z56.615 E21867.28132
G1 X31.578 Y54.592 Z56.619 E21869.14597
G1 X32.316 Y53.290 Z56.623 E21871.01117
G1 X33.084 Y52.008 Z56.627 E21872.87581
G1 X33.884 Y50.745 Z56.631 E21874.74100
G1 X34.721 Y49.506 Z56.635 E21876.60566
G1 X35.582 Y48.283 Z56.639 E21878.47086
G1 X36.483 Y47.090 Z56.643 E21880.33557
G1 X37.403 Y45.911 Z56.648 E21882.20077
G1 X38.368 Y44.769 Z56.652 E21884.06559
G1 X39.345 Y43.637 Z56.656 E21885.93079
G1 X40.369 Y42.547 Z56.660 E21887.79574
G1 X41.400 Y41.464 Z56.664 E21889.66094
G1 X42.482 Y40.432 Z56.668 E21891.52607
G1 X43.568 Y39.404 Z56.672 E21893.39113
G1 X44.700 Y38.427 Z56.676 E21895.25633
G1 X45.840 Y37.459 Z56.680 E21897.12123
G1 X47.019 Y36.539 Z56.684 E21898.98643
G1 X48.209 Y35.634 Z56.689 E21900.85121
G1 X49.431 Y34.773 Z56.693 E21902.71641
G1 X50.668 Y33.933 Z56.697 E21904.58110
G1 X51.932 Y33.133 Z56.701 E21906.44629
G1 X53.212 Y32.360 Z56.705 E21908.31094
G1 X54.513 Y31.623 Z56.709 E21910.17614
G1 X55.832 Y30.920 Z56.713 E21912.04078
G1 X57.168 Y30.248 Z56.717 E21913.90597
G1 X58.523 Y29.617 Z56.721 E21915.77065
G1 X59.891 Y29.011 Z56.725 E21917.63584
G1 X61.278 Y28.454 Z56.730 E21919.50059
G1 X62.673 Y27.916 Z56.734 E21921.36579
G1 X64.089 Y27.434 Z56.738 E21923.23064
G1 X65.509 Y26.965 Z56.742 E21925.09584
G1 X66.948 Y26.559 Z56.746 E21926.96085
G1 X68.389 Y26.161 Z56.750 E21928.82605
G1 X69.848 Y25.833 Z56.754 E21930.69124
G1 X71.309 Y25.512 Z56.758 E21932.55625
G1 X72.782 Y25.256 Z56.762 E21934.42145
G1 X74.258 Y25.014 Z56.766 E21936.28630
G1 X75.742 Y24.831 Z56.770 E21938.15150
G1 X77.228 Y24.669 Z56.775 E21940.01624
G1 X78.719 Y24.559 Z56.779 E21941.88144
G1 X80.212 Y24.477 Z56.783 E21943.74611
G1 X81.707 Y24.440 Z56.787 E21945.61131
G1 X83.202 Y24.438 Z56.791 E21947.47595
G1 X84.697 Y24.474 Z56.795 E21949.34115
G1 X86.190 Y24.552 Z56.799 E21951.20579
G1 X87.681 Y24.662 Z56.803 E21953.07099
G1 X89.168 Y24.820 Z56.807 E21954.93568
G1 X90.652 Y25.003 Z56.811 E21956.80088
G1 X92.128 Y25.241 Z56.816 E21958.66566
G1 X93.602 Y25.497 Z56.820 E21960.53086
G1 X95.063 Y25.813 Z56.824 E21962.39576
G1 X96.522 Y26.141 Z56.828 E21964.26096
G1 X97.965 Y26.535 Z56.832 E21966.12603
G1 X99.405 Y26.936 Z56.836 E21967.99115
G1 X100.825 Y27.405 Z56.840 E21969.85635
G1 X102.242 Y27.883 Z56.844 E21971.72130
G1 X103.637 Y28.421 Z56.848 E21973.58650
G1 X105.026 Y28.974 Z56.852 E21975.45131
G1 X106.394 Y29.580 Z56.857 E21977.31651
G1 X107.751 Y30.207 Z56.861 E21979.18123
G1 X109.087 Y30.880 Z56.865 E21981.04643
G1 X110.408 Y31.578 Z56.869 E21982.91108
G1 X111.709 Y32.315 Z56.873 E21984.77628
G1 X112.992 Y33.084 Z56.877 E21986.64092
G1 X114.255 Y33.884 Z56.881 E21988.50611
G1 X115.494 Y34.721 Z56.885 E21990.37077
G1 X116.717 Y35.582 Z56.889 E21992.23597
G1 X117.910 Y36.483 Z56.893 E21994.10068
G1 X119.088 Y37.403 Z56.898 E21995.96588
G1 X120.231 Y38.368 Z56.902 E21997.83070
G1 X121.363 Y39.345 Z56.906 E21999.69590
G1 X122.453 Y40.369 Z56.910 E22001.56085
G1 X123.536 Y41.400 Z56.914 E22003.42605
G1 X124.568 Y42.482 Z56.918 E22005.29118
G1 X125.596 Y43.568 Z56.922 E22007.15624
G1 X126.573 Y44.700 Z56.926 E22009.02144
G1 X127.541 Y45.840 Z56.930 E22010.88634
G1 X128.461 Y47.019 Z56.934 E22012.75154
G1 X129.366 Y48.209 Z56.939 E22014.61632
G1 X130.227 Y49.431 Z56.943 E22016.48151
G1 X131.067 Y50.668 Z56.947 E22018.34621
G1 X131.867 Y51.931 Z56.951 E22020.21140
G1 X132.640 Y53.211 Z56.955 E22022.07605
G1 X133.377 Y54.513 Z56.959 E22023.94125
G1 X134.079 Y55.832 Z56.963 E22025.80589
G1 X134.752 Y57.168 Z56.967 E22027.67108
G1 X135.383 Y58.523 Z56.971 E22029.53576
G1 X135.989 Y59.890 Z56.975 E22031.40095
G1 X136.546 Y61.278 Z56.980 E22033.26570
G1 X137.084 Y62.673 Z56.984 E22035.13090
G1 X137.566 Y64.088 Z56.988 E22036.99575
G1 X138.035 Y65.508 Z56.992 E22038.86095
G1 X138.441 Y66.948 Z56.996 E22040.72596
G1 X138.839 Y68.389 Z57.000 E22042.59115
;LAYER:56
;TYPE:WALL-OUTER
G1 X138.957 Y68.357 Z57.000 E22042.74273
G1 X139.285 Y69.819 Z57.004 E22044.61183
G1 X139.607 Y71.283 Z57.008 E22046.48074
G1 X139.863 Y72.759 Z57.012 E22048.34984
G1 X140.106 Y74.238 Z57.016 E22050.21860
G1 X140.289 Y75.725 Z57.020 E22052.08769
G1 X140.450 Y77.215 Z57.025 E22053.95621
G1 X140.553 Y78.710 Z57.029 E22055.82524
G1 X140.632 Y80.206 Z57.033 E22057.69404
G1 X140.672 Y81.704 Z57.037 E22059.56274
G1 X140.671 Y83.202 Z57.041 E22061.43139
G1 X140.643 Y84.700 Z57.045 E22063.30043
G1 X140.569 Y86.196 Z57.049 E22065.16881
G1 X140.459 Y87.691 Z57.053 E22067.03791
G1 X140.301 Y89.180 Z57.057 E22068.90650
G1 X140.117 Y90.668 Z57.061 E22070.77560
G1 X139.879 Y92.147 Z57.066 E22072.64428
G1 X139.623 Y93.623 Z57.070 E22074.51337
G1 X139.306 Y95.088 Z57.074 E22076.38218
G1 X138.978 Y96.550 Z57.078 E22078.25128
G1 X138.582 Y97.995 Z57.082 E22080.12024
G1 X138.180 Y99.439 Z57.086 E22081.98928
G1 X137.710 Y100.862 Z57.090 E22083.85837
G1 X137.232 Y102.282 Z57.094 E22085.72723
G1 X136.692 Y103.680 Z57.098 E22087.59633
G1 X136.138 Y105.072 Z57.102 E22089.46504
G1 X135.531 Y106.442 Z57.107 E22091.33414
G1 X134.903 Y107.802 Z57.111 E22093.20275
G1 X134.229 Y109.141 Z57.115 E22095.07185
G1 X133.529 Y110.465 Z57.119 E22096.94041
G1 X132.790 Y111.769 Z57.123 E22098.80951
G1 X132.020 Y113.054 Z57.127 E22100.67804
G1 X131.218 Y114.320 Z57.131 E22102.54714
G1 X130.380 Y115.562 Z57.135 E22104.41570
G1 X129.518 Y116.787 Z57.139 E22106.28480
G1 X128.614 Y117.982 Z57.143 E22108.15341
G1 X127.692 Y119.164 Z57.148 E22110.02251
G1 X126.726 Y120.309 Z57.152 E22111.89123
G1 X125.747 Y121.443 Z57.156 E22113.76032
G1 X124.720 Y122.535 Z57.160 E22115.62918
G1 X123.687 Y123.620 Z57.164 E22117.49828
G1 X122.603 Y124.655 Z57.168 E22119.36731
G1 X121.515 Y125.685 Z57.172 E22121.23627
G1 X120.380 Y126.664 Z57.176 E22123.10537
G1 X119.238 Y127.634 Z57.180 E22124.97418
G1 X118.057 Y128.556 Z57.184 E22126.84327
G1 X116.864 Y129.463 Z57.189 E22128.71195
G1 X115.639 Y130.326 Z57.193 E22130.58105
G1 X114.400 Y131.168 Z57.197 E22132.44964
G1 X113.134 Y131.970 Z57.201 E22134.31874
G1 X111.851 Y132.744 Z57.205 E22136.18728
G1 X110.547 Y133.482 Z57.209 E22138.05638
G1 X109.225 Y134.187 Z57.213 E22139.92492
G1 X107.887 Y134.860 Z57.217 E22141.79402
G1 X106.528 Y135.493 Z57.221 E22143.66259
G1 X105.158 Y136.100 Z57.225 E22145.53169
G1 X103.768 Y136.658 Z57.230 E22147.40033
G1 X102.370 Y137.198 Z57.234 E22149.26943
G1 X100.952 Y137.681 Z57.238 E22151.13819
G1 X99.529 Y138.151 Z57.242 E22153.00729
G1 X98.087 Y138.557 Z57.246 E22154.87619
G1 X96.642 Y138.957 Z57.250 E22156.74529
G1 X95.180 Y139.285 Z57.254 E22158.61439
G1 X93.717 Y139.607 Z57.258 E22160.48330
G1 X92.240 Y139.863 Z57.262 E22162.35240
G1 X90.762 Y140.106 Z57.266 E22164.22115
G1 X89.274 Y140.289 Z57.270 E22166.09025
G1 X87.785 Y140.452 Z57.275 E22167.95890
G1 X86.290 Y140.562 Z57.279 E22169.82800
G1 X84.795 Y140.645 Z57.283 E22171.69657
G1 X83.296 Y140.682 Z57.287 E22173.56567
G1 X81.798 Y140.684 Z57.291 E22175.43420
G1 X80.300 Y140.647 Z57.295 E22177.30330
G1 X78.804 Y140.569 Z57.299 E22179.17185
G1 X77.310 Y140.459 Z57.303 E22181.04095
G1 X75.820 Y140.301 Z57.307 E22182.90954
G1 X74.333 Y140.117 Z57.311 E22184.77864
G1 X72.853 Y139.879 Z57.316 E22186.64731
G1 X71.377 Y139.623 Z57.320 E22188.51641
G1 X69.912 Y139.306 Z57.324 E22190.38521
G1 X68.450 Y138.978 Z57.328 E22192.25431
G1 X67.005 Y138.582 Z57.332 E22194.12328
G1 X65.561 Y138.181 Z57.336 E22195.99231
G1 X64.138 Y137.710 Z57.340 E22197.86141
G1 X62.718 Y137.232 Z57.344 E22199.73026
G1 X61.320 Y136.692 Z57.348 E22201.59936
G1 X59.928 Y136.138 Z57.352 E22203.46808
G1 X58.558 Y135.531 Z57.357 E22205.33717
G1 X57.198 Y134.903 Z57.361 E22207.20579
G1 X55.859 Y134.229 Z57.365 E22209.07489
G1 X54.535 Y133.529 Z57.369 E22210.94344
G1 X53.231 Y132.790 Z57.373 E22212.81254
G1 X51.946 Y132.020 Z57.377 E22214.68108
G1 X50.680 Y131.219 Z57.381 E22216.55018
G1 X49.438 Y130.381 Z57.385 E22218.41873
G1 X48.213 Y129.518 Z57.389 E22220.28783
G1 X47.018 Y128.614 Z57.393 E22222.15645
G1 X45.837 Y127.692 Z57.398 E22224.02555
G1 X44.692 Y126.726 Z57.402 E22225.89426
G1 X43.557 Y125.747 Z57.406 E22227.76336
G1 X42.465 Y124.721 Z57.410 E22229.63221
G1 X41.380 Y123.687 Z57.414 E22231.50131
G1 X40.345 Y122.604 Z57.418 E22233.37034
G1 X39.315 Y121.515 Z57.422 E22235.23931
G1 X38.336 Y120.380 Z57.426 E22237.10841
G1 X37.366 Y119.238 Z57.430 E22238.97721
G1 X36.444 Y118.057 Z57.434 E22240.84631
G1 X35.537 Y116.865 Z57.439 E22242.71499
G1 X34.674 Y115.639 Z57.443 E22244.58409
G1 X33.832 Y114.400 Z57.447 E22246.45268
G1 X33.031 Y113.134 Z57.451 E22248.32178
G1 X32.256 Y111.852 Z57.455 E22250.19033
G1 X31.518 Y110.548 Z57.459 E22252.05942
G1 X30.813 Y109.225 Z57.463 E22253.92796
G1 X30.140 Y107.887 Z57.467 E22255.79706
G1 X29.507 Y106.529 Z57.471 E22257.66563
G1 X28.900 Y105.159 Z57.475 E22259.53473
G1 X28.342 Y103.768 Z57.480 E22261.40337
G1 X27.803 Y102.370 Z57.484 E22263.27247
G1 X27.319 Y100.952 Z57.488 E22265.14122
G1 X26.849 Y99.529 Z57.492 E22267.01032
G1 X26.443 Y98.087 Z57.496 E22268.87922
G1 X26.043 Y96.642 Z57.500 E22270.74832
G1 X25.715 Y95.180 Z57.504 E22272.61741
G1 X25.393 Y93.717 Z57.508 E22274.48632
G1 X25.137 Y92.240 Z57.512 E22276.35542
G1 X24.894 Y90.762 Z57.516 E22278.22418
G1 X24.711 Y89.274 Z57.520 E22280.09328
G1 X24.548 Y87.785 Z57.525 E22281.96193
G1 X24.438 Y86.291 Z57.529 E22283.83103
G1 X24.355 Y84.795 Z57.533 E22285.69960
G1 X24.318 Y83.297 Z57.537 E22287.56870
G1 X24.316 Y81.799 Z57.541 E22289.43724
G1 X24.353 Y80.300 Z57.545 E22291.30634
G1 X24.431 Y78.804 Z57.549 E22293.17488
G1 X24.541 Y77.310 Z57.553 E22295.04398
G1 X24.699 Y75.820 Z57.557 E22296.91257
G1 X24.883 Y74.333 Z57.561 E22298.78167
G1 X25.121 Y72.854 Z57.566 E22300.65034
G1 X25.377 Y71.377 Z57.570 E22302.51944
G1 X25.694 Y69.913 Z57.574 E22304.38824
G1 X26.022 Y68.450 Z57.578 E22306.25733
G1 X26.418 Y67.005 Z57.582 E22308.12629
G1 X26.819 Y65.561 Z57.586 E22309.99533
G1 X27.289 Y64.138 Z57.590 E22311.86443
G1 X27.768 Y62.719 Z57.594 E22313.73327
G1 X28.310 Y61.321 Z57.598 E22315.60234
G1 X28.865 Y59.930 Z57.602 E22317.47107
G1 X29.470 Y58.559 Z57.607 E22319.34014
G1 X30.097 Y57.198 Z57.611 E22321.20870
G1 X30.771 Y55.860 Z57.615 E22323.07780
G1 X31.471 Y54.535 Z57.619 E22324.94635
G1 X32.210 Y53.231 Z57.623 E22326.81545
G1 X32.980 Y51.946 Z57.627 E22328.68399
G1 X33.781 Y50.680 Z57.631 E22330.55309
G1 X34.619 Y49.438 Z57.635 E22332.42164
G1 X35.482 Y48.213 Z57.639 E22334.29074
G1 X36.386 Y47.018 Z57.643 E22336.15936
G1 X37.308 Y45.837 Z57.648 E22338.02845
G1 X38.274 Y44.692 Z57.652 E22339.89717
G1 X39.253 Y43.557 Z57.656 E22341.76627
G1 X40.279 Y42.465 Z57.660 E22343.63512
G1 X41.313 Y41.380 Z57.664 E22345.50422
G1 X42.396 Y40.345 Z57.668 E22347.37325
G1 X43.485 Y39.315 Z57.672 E22349.24222
G1 X44.620 Y38.336 Z57.676 E22351.11131
G1 X45.762 Y37.366 Z57.680 E22352.98012
G1 X46.943 Y36.444 Z57.684 E22354.84922
G1 X48.135 Y35.537 Z57.689 E22356.71789
G1 X49.360 Y34.674 Z57.693 E22358.58699
G1 X50.600 Y33.832 Z57.697 E22360.45558
G1 X51.866 Y33.031 Z57.701 E22362.32468
G1 X53.148 Y32.256 Z57.705 E22364.19323
G1 X54.452 Y31.518 Z57.709 E22366.06233
G1 X55.775 Y30.814 Z57.713 E22367.93087
G1 X57.113 Y30.140 Z57.717 E22369.79996
G1 X58.471 Y29.508 Z57.721 E22371.66853
G1 X59.841 Y28.900 Z57.725 E22373.53763
G1 X61.232 Y28.342 Z57.730 E22375.40628
G1 X62.630 Y27.802 Z57.734 E22377.27538
G1 X64.048 Y27.319 Z57.738 E22379.14413
G1 X65.471 Y26.849 Z57.742 E22381.01323
G1 X66.913 Y26.443 Z57.746 E22382.88214
G1 X68.357 Y26.043 Z57.750 E22384.75123
G1 X69.820 Y25.715 Z57.754 E22386.62033
G1 X71.283 Y25.393 Z57.758 E22388.48924
G1 X72.760 Y25.137 Z57.762 E22390.35834
G1 X74.238 Y24.894 Z57.766 E22392.22710
G1 X75.725 Y24.711 Z57.770 E22394.09620
G1 X77.215 Y24.548 Z57.775 E22395.96484
G1 X78.709 Y24.438 Z57.779 E22397.83394
G1 X80.205 Y24.355 Z57.783 E22399.70251
G1 X81.703 Y24.318 Z57.787 E22401.57161
G1 X83.201 Y24.316 Z57.791 E22403.44015
G1 X84.699 Y24.353 Z57.795 E22405.30925
G1 X86.196 Y24.431 Z57.799 E22407.17779
G1 X87.690 Y24.541 Z57.803 E22409.04689
G1 X89.180 Y24.699 Z57.807 E22410.91548
G1 X90.667 Y24.883 Z57.811 E22412.78458
G1 X92.146 Y25.121 Z57.816 E22414.65326
G1 X93.623 Y25.377 Z57.820 E22416.52235
G1 X95.087 Y25.694 Z57.824 E22418.39116
G1 X96.549 Y26.022 Z57.828 E22420.26025
G1 X97.995 Y26.418 Z57.832 E22422.12922
G1 X99.438 Y26.819 Z57.836 E22423.99825
G1 X100.861 Y27.289 Z57.840 E22425.86735
G1 X102.281 Y27.768 Z57.844 E22427.73620
G1 X103.679 Y28.307 Z57.848 E22429.60530
G1 X105.071 Y28.862 Z57.852 E22431.47402
G1 X106.441 Y29.469 Z57.857 E22433.34312
G1 X107.802 Y30.097 Z57.861 E22435.21173
G1 X109.140 Y30.771 Z57.865 E22437.08083
G1 X110.465 Y31.471 Z57.869 E22438.94939
G1 X111.769 Y32.209 Z57.873 E22440.81849
G1 X113.054 Y32.980 Z57.877 E22442.68702
G1 X114.320 Y33.781 Z57.881 E22444.55612
G1 X115.561 Y34.619 Z57.885 E22446.42468
G1 X116.787 Y35.482 Z57.889 E22448.29378
G1 X117.982 Y36.386 Z57.893 E22450.16239
G1 X119.163 Y37.308 Z57.898 E22452.03149
G1 X120.308 Y38.274 Z57.902 E22453.90020
G1 X121.443 Y39.253 Z57.906 E22455.76930
G1 X122.534 Y40.279 Z57.910 E22457.63815
G1 X123.620 Y41.313 Z57.914 E22459.50725
G1 X124.655 Y42.396 Z57.918 E22461.37628
G1 X125.685 Y43.485 Z57.922 E22463.24525
G1 X126.664 Y44.619 Z57.926 E22465.11435
G1 X127.634 Y45.761 Z57.930 E22466.98315
G1 X128.555 Y46.943 Z57.934 E22468.85225
G1 X129.463 Y48.135 Z57.939 E22470.72093
G1 X130.326 Y49.360 Z57.943 E22472.59003
G1 X131.168 Y50.599 Z57.947 E22474.45862
G1 X131.969 Y51.866 Z57.951 E22476.32772
G1 X132.743 Y53.148 Z57.955 E22478.19626
G1 X133.482 Y54.452 Z57.959 E22480.06536
G1 X134.186 Y55.774 Z57.963 E22481.93390
G1 X134.860 Y57.113 Z57.967 E22483.80300
G1 X135.492 Y58.471 Z57.971 E22485.67157
G1 X136.100 Y59.841 Z57.975 E22487.54067
G1 X136.658 Y61.231 Z57.980 E22489.40931
G1 X137.197 Y62.629 Z57.984 E22491.27841
G1 X137.681 Y64.048 Z57.988 E22493.14717
G1 X138.151 Y65.471 Z57.992 E22495.01626
G1 X138.557 Y66.913 Z57.996 E22496.88517
G1 X138.957 Y68.357 Z58.000 E22498.75427
;LAYER:57
;TYPE:WALL-OUTER
G1 X139.053 Y68.330 Z58.000 E22498.87894
G1 X139.382 Y69.794 Z58.004 E22500.75125
G1 X139.704 Y71.260 Z58.008 E22502.62337
G1 X139.961 Y72.739 Z58.012 E22504.49567
G1 X140.204 Y74.220 Z58.016 E22506.36765
G1 X140.388 Y75.710 Z58.020 E22508.23995
G1 X140.550 Y77.202 Z58.025 E22510.11172
G1 X140.655 Y78.699 Z58.029 E22511.98397
G1 X140.738 Y80.198 Z58.033 E22513.85589
G1 X140.776 Y81.698 Z58.037 E22515.72794
G1 X140.775 Y83.199 Z58.041 E22517.59978
G1 X140.744 Y84.700 Z58.045 E22519.47205
G1 X140.669 Y86.199 Z58.049 E22521.34368
G1 X140.559 Y87.696 Z58.053 E22523.21599
G1 X140.400 Y89.188 Z58.057 E22525.08779
G1 X140.217 Y90.678 Z58.061 E22526.96010
G1 X139.978 Y92.160 Z58.066 E22528.83198
G1 X139.722 Y93.639 Z58.070 E22530.70429
G1 X139.404 Y95.106 Z58.074 E22532.57630
G1 X139.075 Y96.570 Z58.078 E22534.44861
G1 X138.680 Y98.018 Z58.082 E22536.32078
G1 X138.277 Y99.464 Z58.086 E22538.19303
G1 X137.806 Y100.890 Z58.090 E22540.06533
G1 X137.327 Y102.312 Z58.094 E22541.93740
G1 X136.787 Y103.713 Z58.098 E22543.80971
G1 X136.232 Y105.107 Z58.102 E22545.68163
G1 X135.623 Y106.480 Z58.107 E22547.55394
G1 X134.995 Y107.842 Z58.111 E22549.42576
G1 X134.320 Y109.183 Z58.115 E22551.29807
G1 X133.618 Y110.510 Z58.119 E22553.16983
G1 X132.879 Y111.816 Z58.123 E22555.04214
G1 X132.107 Y113.103 Z58.127 E22556.91388
G1 X131.304 Y114.372 Z58.131 E22558.78619
G1 X130.465 Y115.616 Z58.135 E22560.65795
G1 X129.600 Y116.843 Z58.139 E22562.53026
G1 X128.696 Y118.040 Z58.143 E22564.40208
G1 X127.772 Y119.224 Z58.148 E22566.27439
G1 X126.804 Y120.371 Z58.152 E22568.14631
G1 X125.824 Y121.507 Z58.156 E22570.01861
G1 X124.795 Y122.601 Z58.160 E22571.89067
G1 X123.760 Y123.688 Z58.164 E22573.76298
G1 X122.675 Y124.725 Z58.168 E22575.63521
G1 X121.585 Y125.757 Z58.172 E22577.50739
G1 X120.448 Y126.737 Z58.176 E22579.37970
G1 X119.304 Y127.709 Z58.180 E22581.25171
G1 X118.121 Y128.633 Z58.184 E22583.12402
G1 X116.927 Y129.541 Z58.189 E22584.99591
G1 X115.699 Y130.406 Z58.193 E22586.86821
G1 X114.458 Y131.249 Z58.197 E22588.74001
G1 X113.190 Y132.052 Z58.201 E22590.61232
G1 X111.905 Y132.828 Z58.205 E22592.48407
G1 X110.599 Y133.568 Z58.209 E22594.35638
G1 X109.274 Y134.274 Z58.213 E22596.22813
G1 X107.934 Y134.949 Z58.217 E22598.10043
G1 X106.573 Y135.582 Z58.221 E22599.97221
G1 X105.201 Y136.190 Z58.225 E22601.84452
G1 X103.808 Y136.750 Z58.230 E22603.71637
G1 X102.408 Y137.290 Z58.234 E22605.58867
G1 X100.987 Y137.774 Z58.238 E22607.46063
G1 X99.562 Y138.245 Z58.242 E22609.33294
G1 X98.117 Y138.652 Z58.246 E22611.20505
G1 X96.670 Y139.053 Z58.250 E22613.07736
G1 X95.206 Y139.382 Z58.254 E22614.94966
G1 X93.740 Y139.704 Z58.258 E22616.82178
G1 X92.261 Y139.961 Z58.262 E22618.69408
G1 X90.779 Y140.204 Z58.266 E22620.56605
G1 X89.290 Y140.388 Z58.270 E22622.43836
G1 X87.798 Y140.551 Z58.275 E22624.31021
G1 X86.301 Y140.661 Z58.279 E22626.18252
G1 X84.802 Y140.745 Z58.283 E22628.05430
G1 X83.302 Y140.781 Z58.287 E22629.92661
G1 X81.801 Y140.784 Z58.291 E22631.79835
G1 X80.300 Y140.747 Z58.295 E22633.67066
G1 X78.802 Y140.669 Z58.299 E22635.54241
G1 X77.304 Y140.559 Z58.303 E22637.41472
G1 X75.812 Y140.400 Z58.307 E22639.28652
G1 X74.322 Y140.217 Z58.311 E22641.15882
G1 X72.840 Y139.978 Z58.316 E22643.03070
G1 X71.361 Y139.722 Z58.320 E22644.90301
G1 X69.894 Y139.404 Z58.324 E22646.77502
G1 X68.430 Y139.075 Z58.328 E22648.64732
G1 X66.982 Y138.680 Z58.332 E22650.51949
G1 X65.536 Y138.277 Z58.336 E22652.39174
G1 X64.110 Y137.806 Z58.340 E22654.26405
G1 X62.688 Y137.327 Z58.344 E22656.13611
G1 X61.287 Y136.787 Z58.348 E22658.00842
G1 X59.893 Y136.232 Z58.352 E22659.88034
G1 X58.521 Y135.624 Z58.357 E22661.75265
G1 X57.158 Y134.995 Z58.361 E22663.62448
G1 X55.817 Y134.320 Z58.365 E22665.49678
G1 X54.490 Y133.619 Z58.369 E22667.36855
G1 X53.184 Y132.879 Z58.373 E22669.24085
G1 X51.897 Y132.107 Z58.377 E22671.11260
G1 X50.629 Y131.304 Z58.381 E22672.98490
G1 X49.385 Y130.465 Z58.385 E22674.85667
G1 X48.157 Y129.601 Z58.389 E22676.72897
G1 X46.960 Y128.696 Z58.393 E22678.60079
G1 X45.777 Y127.772 Z58.398 E22680.47310
G1 X44.630 Y126.804 Z58.402 E22682.34502
G1 X43.493 Y125.824 Z58.406 E22684.21733
G1 X42.399 Y124.796 Z58.410 E22686.08938
G1 X41.312 Y123.761 Z58.414 E22687.96169
G1 X40.275 Y122.675 Z58.418 E22689.83392
G1 X39.243 Y121.585 Z58.422 E22691.70610
G1 X38.263 Y120.448 Z58.426 E22693.57841
G1 X37.291 Y119.304 Z58.430 E22695.45042
G1 X36.368 Y118.121 Z58.434 E22697.32273
G1 X35.459 Y116.927 Z58.439 E22699.19462
G1 X34.594 Y115.699 Z58.443 E22701.06693
G1 X33.751 Y114.458 Z58.447 E22702.93873
G1 X32.948 Y113.190 Z58.451 E22704.81104
G1 X32.172 Y111.905 Z58.455 E22706.68280
G1 X31.432 Y110.599 Z58.459 E22708.55510
G1 X30.726 Y109.275 Z58.463 E22710.42685
G1 X30.052 Y107.934 Z58.467 E22712.29915
G1 X29.418 Y106.573 Z58.471 E22714.17093
G1 X28.810 Y105.201 Z58.475 E22716.04324
G1 X28.250 Y103.808 Z58.480 E22717.91508
G1 X27.710 Y102.408 Z58.484 E22719.78739
G1 X27.226 Y100.987 Z58.488 E22721.65934
G1 X26.755 Y99.562 Z58.492 E22723.53165
G1 X26.348 Y98.117 Z58.496 E22725.40375
G1 X25.948 Y96.670 Z58.500 E22727.27606
G1 X25.618 Y95.206 Z58.504 E22729.14834
G1 X25.296 Y93.740 Z58.508 E22731.02047
G1 X25.039 Y92.261 Z58.512 E22732.89278
G1 X24.796 Y90.780 Z58.516 E22734.76476
G1 X24.612 Y89.290 Z58.520 E22736.63706
G1 X24.449 Y87.798 Z58.525 E22738.50892
G1 X24.339 Y86.301 Z58.529 E22740.38123
G1 X24.255 Y84.803 Z58.533 E22742.25301
G1 X24.219 Y83.302 Z58.537 E22744.12532
G1 X24.216 Y81.801 Z58.541 E22745.99707
G1 X24.253 Y80.300 Z58.545 E22747.86937
G1 X24.331 Y78.802 Z58.549 E22749.74112
G1 X24.441 Y77.305 Z58.553 E22751.61343
G1 X24.600 Y75.812 Z58.557 E22753.48522
G1 X24.784 Y74.323 Z58.561 E22755.35753
G1 X25.022 Y72.841 Z58.566 E22757.22941
G1 X25.278 Y71.362 Z58.570 E22759.10171
G1 X25.596 Y69.895 Z58.574 E22760.97371
G1 X25.925 Y68.430 Z58.578 E22762.84602
G1 X26.320 Y66.982 Z58.582 E22764.71818
G1 X26.722 Y65.536 Z58.586 E22766.59043
G1 X27.194 Y64.111 Z58.590 E22768.46274
G1 X27.674 Y62.689 Z58.594 E22770.33474
G1 X28.223 Y61.291 Z58.598 E22772.20695
G1 X28.782 Y59.899 Z58.602 E22774.07893
G1 X29.382 Y58.523 Z58.607 E22775.95114
G1 X30.005 Y57.158 Z58.611 E22777.82276
G1 X30.680 Y55.817 Z58.615 E22779.69507
G1 X31.382 Y54.490 Z58.619 E22781.56683
G1 X32.121 Y53.184 Z58.623 E22783.43914
G1 X32.893 Y51.897 Z58.627 E22785.31088
G1 X33.696 Y50.628 Z58.631 E22787.18319
G1 X34.535 Y49.384 Z58.635 E22789.05495
G1 X35.400 Y48.157 Z58.639 E22790.92726
G1 X36.304 Y46.960 Z58.643 E22792.79908
G1 X37.228 Y45.776 Z58.648 E22794.67139
G1 X38.196 Y44.629 Z58.652 E22796.54330
G1 X39.176 Y43.493 Z58.656 E22798.41561
G1 X40.205 Y42.399 Z58.660 E22800.28767
G1 X41.240 Y41.312 Z58.664 E22802.15997
G1 X42.325 Y40.275 Z58.668 E22804.03221
G1 X43.415 Y39.243 Z58.672 E22805.90439
G1 X44.552 Y38.263 Z58.676 E22807.77669
G1 X45.696 Y37.291 Z58.680 E22809.64871
G1 X46.879 Y36.367 Z58.684 E22811.52102
G1 X48.073 Y35.459 Z58.689 E22813.39290
G1 X49.301 Y34.594 Z58.693 E22815.26521
G1 X50.542 Y33.751 Z58.697 E22817.13701
G1 X51.810 Y32.948 Z58.701 E22819.00932
G1 X53.095 Y32.172 Z58.705 E22820.88107
G1 X54.401 Y31.432 Z58.709 E22822.75338
G1 X55.726 Y30.726 Z58.713 E22824.62512
G1 X57.066 Y30.052 Z58.717 E22826.49743
G1 X58.427 Y29.418 Z58.721 E22828.36921
G1 X59.799 Y28.810 Z58.725 E22830.24151
G1 X61.192 Y28.250 Z58.730 E22832.11336
G1 X62.592 Y27.710 Z58.734 E22833.98567
G1 X64.013 Y27.226 Z58.738 E22835.85763
G1 X65.438 Y26.755 Z58.742 E22837.72994
G1 X66.883 Y26.348 Z58.746 E22839.60205
G1 X68.330 Y25.947 Z58.750 E22841.47435
G1 X69.794 Y25.618 Z58.754 E22843.34665
G1 X71.260 Y25.296 Z58.758 E22845.21878
G1 X72.739 Y25.039 Z58.762 E22847.09108
G1 X74.220 Y24.796 Z58.766 E22848.96305
G1 X75.710 Y24.612 Z58.770 E22850.83536
G1 X77.202 Y24.450 Z58.775 E22852.70721
G1 X78.699 Y24.339 Z58.779 E22854.57951
G1 X80.198 Y24.255 Z58.783 E22856.45129
G1 X81.698 Y24.219 Z58.787 E22858.32359
G1 X83.199 Y24.216 Z58.791 E22860.19534
G1 X84.700 Y24.253 Z58.795 E22862.06765
G1 X86.198 Y24.331 Z58.799 E22863.93940
G1 X87.696 Y24.441 Z58.803 E22865.81170
G1 X89.188 Y24.600 Z58.807 E22867.68350
G1 X90.678 Y24.783 Z58.811 E22869.55581
G1 X92.160 Y25.022 Z58.816 E22871.42769
G1 X93.639 Y25.278 Z58.820 E22873.30000
G1 X95.105 Y25.596 Z58.824 E22875.17200
G1 X96.570 Y25.925 Z58.828 E22877.04431
G1 X98.018 Y26.320 Z58.832 E22878.91648
G1 X99.464 Y26.723 Z58.836 E22880.78872
G1 X100.890 Y27.194 Z58.840 E22882.66103
G1 X102.312 Y27.673 Z58.844 E22884.53309
G1 X103.713 Y28.213 Z58.848 E22886.40540
G1 X105.107 Y28.768 Z58.852 E22888.27733
G1 X106.479 Y29.376 Z58.857 E22890.14963
G1 X107.842 Y30.005 Z58.861 E22892.02146
G1 X109.183 Y30.680 Z58.865 E22893.89377
G1 X110.510 Y31.381 Z58.869 E22895.76553
G1 X111.816 Y32.121 Z58.873 E22897.63784
G1 X113.103 Y32.893 Z58.877 E22899.50958
G1 X114.371 Y33.696 Z58.881 E22901.38189
G1 X115.615 Y34.535 Z58.885 E22903.25365
G1 X116.843 Y35.399 Z58.889 E22905.12596
G1 X118.040 Y36.304 Z58.893 E22906.99778
G1 X119.223 Y37.228 Z58.898 E22908.87009
G1 X120.370 Y38.196 Z58.902 E22910.74200
G1 X121.507 Y39.176 Z58.906 E22912.61431
G1 X122.601 Y40.204 Z58.910 E22914.48637
G1 X123.688 Y41.239 Z58.914 E22916.35867
G1 X124.725 Y42.325 Z58.918 E22918.23091
G1 X125.757 Y43.415 Z58.922 E22920.10309
G1 X126.737 Y44.552 Z58.926 E22921.97539
G1 X127.709 Y45.696 Z58.930 E22923.84741
G1 X128.632 Y46.879 Z58.934 E22925.71972
G1 X129.541 Y48.073 Z58.939 E22927.59160
G1 X130.406 Y49.301 Z58.943 E22929.46391
G1 X131.249 Y50.542 Z58.947 E22931.33571
G1 X132.052 Y51.810 Z58.951 E22933.20802
G1 X132.828 Y53.095 Z58.955 E22935.07977
G1 X133.568 Y54.401 Z58.959 E22936.95208
G1 X134.273 Y55.725 Z58.963 E22938.82382
G1 X134.948 Y57.066 Z58.967 E22940.69613
G1 X135.582 Y58.427 Z58.971 E22942.56791
G1 X136.190 Y59.799 Z58.975 E22944.44021
G1 X136.750 Y61.192 Z58.980 E22946.31206
G1 X137.290 Y62.592 Z58.984 E22948.18437
G1 X137.774 Y64.013 Z58.988 E22950.05633
G1 X138.245 Y65.438 Z58.992 E22951.92864
G1 X138.652 Y66.883 Z58.996 E22953.80075
G1 X139.053 Y68.330 Z59.000 E22955.67305
;LAYER:58
;TYPE:WALL-OUTER
G1 X139.128 Y68.308 Z59.000 E22955.77078
G1 X139.458 Y69.774 Z59.004 E22957.64560
G1 X139.780 Y71.242 Z59.008 E22959.52024
G1 X140.037 Y72.723 Z59.012 E22961.39506
G1 X140.282 Y74.206 Z59.016 E22963.26956
G1 X140.466 Y75.698 Z59.020 E22965.14438
G1 X140.629 Y77.192 Z59.025 E22967.01871
G1 X140.738 Y78.691 Z59.029 E22968.89352
G1 X140.821 Y80.192 Z59.033 E22970.76785
G1 X140.858 Y81.694 Z59.037 E22972.64261
G1 X140.860 Y83.197 Z59.041 E22974.51689
G1 X140.825 Y84.700 Z59.045 E22976.39170
G1 X140.747 Y86.201 Z59.049 E22978.26594
G1 X140.637 Y87.700 Z59.053 E22980.14076
G1 X140.478 Y89.194 Z59.057 E22982.01507
G1 X140.295 Y90.686 Z59.061 E22983.88990
G1 X140.056 Y92.170 Z59.066 E22985.76430
G1 X139.799 Y93.651 Z59.070 E22987.63912
G1 X139.481 Y95.120 Z59.074 E22989.51364
G1 X139.152 Y96.586 Z59.078 E22991.38846
G1 X138.756 Y98.036 Z59.082 E22993.26315
G1 X138.353 Y99.484 Z59.086 E22995.13792
G1 X137.882 Y100.912 Z59.090 E22997.01274
G1 X137.402 Y102.336 Z59.094 E22998.88732
G1 X136.861 Y103.738 Z59.098 E23000.76214
G1 X136.305 Y105.135 Z59.102 E23002.63659
G1 X135.696 Y106.509 Z59.107 E23004.51141
G1 X135.066 Y107.873 Z59.111 E23006.38575
G1 X134.391 Y109.216 Z59.115 E23008.26057
G1 X133.689 Y110.545 Z59.119 E23010.13485
G1 X132.948 Y111.853 Z59.123 E23012.00967
G1 X132.175 Y113.142 Z59.127 E23013.88393
G1 X131.371 Y114.412 Z59.131 E23015.75875
G1 X130.531 Y115.658 Z59.135 E23017.63303
G1 X129.665 Y116.886 Z59.139 E23019.50785
G1 X128.759 Y118.085 Z59.143 E23021.38218
G1 X127.835 Y119.270 Z59.148 E23023.25700
G1 X126.866 Y120.419 Z59.152 E23025.13143
G1 X125.884 Y121.557 Z59.156 E23027.00626
G1 X124.854 Y122.652 Z59.160 E23028.88082
G1 X123.818 Y123.741 Z59.164 E23030.75565
G1 X122.731 Y124.779 Z59.168 E23032.63039
G1 X121.640 Y125.813 Z59.172 E23034.50509
G1 X120.501 Y126.795 Z59.176 E23036.37991
G1 X119.356 Y127.768 Z59.180 E23038.25444
G1 X118.171 Y128.693 Z59.184 E23040.12926
G1 X116.975 Y129.603 Z59.189 E23042.00367
G1 X115.746 Y130.468 Z59.193 E23043.87849
G1 X114.504 Y131.313 Z59.197 E23045.75281
G1 X113.234 Y132.117 Z59.201 E23047.62763
G1 X111.947 Y132.894 Z59.205 E23049.50190
G1 X110.639 Y133.635 Z59.209 E23051.37672
G1 X109.313 Y134.342 Z59.213 E23053.25098
G1 X107.971 Y135.018 Z59.217 E23055.12580
G1 X106.608 Y135.652 Z59.221 E23057.00009
G1 X105.234 Y136.261 Z59.225 E23058.87491
G1 X103.840 Y136.822 Z59.230 E23060.74927
G1 X102.437 Y137.363 Z59.234 E23062.62409
G1 X101.015 Y137.848 Z59.238 E23064.49857
G1 X99.588 Y138.319 Z59.242 E23066.37339
G1 X98.141 Y138.727 Z59.246 E23068.24801
G1 X96.692 Y139.128 Z59.250 E23070.12283
G1 X95.226 Y139.458 Z59.254 E23071.99764
G1 X93.758 Y139.780 Z59.258 E23073.87228
G1 X92.277 Y140.037 Z59.262 E23075.74710
G1 X90.794 Y140.281 Z59.266 E23077.62159
G1 X89.302 Y140.465 Z59.270 E23079.49641
G1 X87.808 Y140.629 Z59.275 E23081.37078
G1 X86.309 Y140.739 Z59.279 E23083.24560
G1 X84.809 Y140.823 Z59.283 E23085.11990
G1 X83.306 Y140.860 Z59.287 E23086.99472
G1 X81.803 Y140.862 Z59.291 E23088.86898
G1 X80.300 Y140.825 Z59.295 E23090.74380
G1 X78.800 Y140.747 Z59.299 E23092.61807
G1 X77.301 Y140.637 Z59.303 E23094.49289
G1 X75.806 Y140.478 Z59.307 E23096.36720
G1 X74.314 Y140.294 Z59.311 E23098.24202
G1 X72.831 Y140.056 Z59.316 E23100.11641
G1 X71.350 Y139.799 Z59.320 E23101.99124
G1 X69.881 Y139.481 Z59.324 E23103.86575
G1 X68.414 Y139.152 Z59.328 E23105.74058
G1 X66.964 Y138.756 Z59.332 E23107.61526
G1 X65.516 Y138.353 Z59.336 E23109.49002
G1 X64.089 Y137.882 Z59.340 E23111.36484
G1 X62.664 Y137.402 Z59.344 E23113.23942
G1 X61.262 Y136.861 Z59.348 E23115.11425
G1 X59.866 Y136.305 Z59.352 E23116.98866
G1 X58.492 Y135.694 Z59.357 E23118.86345
G1 X57.128 Y135.063 Z59.361 E23120.73781
G1 X55.785 Y134.389 Z59.365 E23122.61260
G1 X54.455 Y133.689 Z59.369 E23124.48683
G1 X53.147 Y132.948 Z59.373 E23126.36165
G1 X51.858 Y132.176 Z59.377 E23128.23591
G1 X50.588 Y131.371 Z59.381 E23130.11073
G1 X49.343 Y130.531 Z59.385 E23131.98500
G1 X48.114 Y129.666 Z59.389 E23133.85983
G1 X46.915 Y128.760 Z59.393 E23135.73416
G1 X45.730 Y127.835 Z59.398 E23137.60898
G1 X44.581 Y126.866 Z59.402 E23139.48341
G1 X43.443 Y125.884 Z59.406 E23141.35823
G1 X42.348 Y124.855 Z59.410 E23143.23280
G1 X41.259 Y123.818 Z59.414 E23145.10762
G1 X40.221 Y122.731 Z59.418 E23146.98237
G1 X39.187 Y121.640 Z59.422 E23148.85707
G1 X38.205 Y120.502 Z59.426 E23150.73189
G1 X37.232 Y119.356 Z59.430 E23152.60642
G1 X36.308 Y118.171 Z59.434 E23154.48124
G1 X35.397 Y116.976 Z59.439 E23156.35565
G1 X34.532 Y115.746 Z59.443 E23158.23047
G1 X33.687 Y114.504 Z59.447 E23160.10479
G1 X32.883 Y113.234 Z59.451 E23161.97961
G1 X32.106 Y111.947 Z59.455 E23163.85388
G1 X31.365 Y110.639 Z59.459 E23165.72870
G1 X30.658 Y109.313 Z59.463 E23167.60296
G1 X29.983 Y107.971 Z59.467 E23169.47778
G1 X29.348 Y106.608 Z59.471 E23171.35207
G1 X28.739 Y105.234 Z59.475 E23173.22689
G1 X28.178 Y103.840 Z59.480 E23175.10125
G1 X27.637 Y102.437 Z59.484 E23176.97607
G1 X27.153 Y101.015 Z59.488 E23178.85054
G1 X26.681 Y99.588 Z59.492 E23180.72536
G1 X26.273 Y98.141 Z59.496 E23182.59998
G1 X25.872 Y96.692 Z59.500 E23184.47480
G1 X25.543 Y95.226 Z59.504 E23186.34960
G1 X25.219 Y93.758 Z59.508 E23188.22425
G1 X24.963 Y92.277 Z59.512 E23190.09907
G1 X24.719 Y90.794 Z59.516 E23191.97356
G1 X24.535 Y89.302 Z59.520 E23193.84838
G1 X24.371 Y87.808 Z59.525 E23195.72275
G1 X24.261 Y86.309 Z59.529 E23197.59758
G1 X24.177 Y84.809 Z59.533 E23199.47187
G1 X24.140 Y83.306 Z59.537 E23201.34670
G1 X24.138 Y81.803 Z59.541 E23203.22096
G1 X24.175 Y80.301 Z59.545 E23205.09578
G1 X24.253 Y78.800 Z59.549 E23206.97004
G1 X24.363 Y77.301 Z59.553 E23208.84487
G1 X24.522 Y75.806 Z59.557 E23210.71917
G1 X24.706 Y74.315 Z59.561 E23212.59399
G1 X24.944 Y72.831 Z59.566 E23214.46838
G1 X25.201 Y71.350 Z59.570 E23216.34321
G1 X25.519 Y69.881 Z59.574 E23218.21772
G1 X25.848 Y68.414 Z59.578 E23220.09254
G1 X26.244 Y66.964 Z59.582 E23221.96722
G1 X26.647 Y65.516 Z59.586 E23223.84199
G1 X27.118 Y64.089 Z59.590 E23225.71681
G1 X27.599 Y62.665 Z59.594 E23227.59129
G1 X28.153 Y61.268 Z59.598 E23229.46598
G1 X28.716 Y59.874 Z59.602 E23231.34052
G1 X29.313 Y58.495 Z59.607 E23233.21521
G1 X29.934 Y57.126 Z59.611 E23235.08926
G1 X30.610 Y55.784 Z59.615 E23236.96408
G1 X31.312 Y54.455 Z59.619 E23238.83836
G1 X32.052 Y53.147 Z59.623 E23240.71319
G1 X32.825 Y51.858 Z59.627 E23242.58744
G1 X33.629 Y50.588 Z59.631 E23244.46227
G1 X34.469 Y49.342 Z59.635 E23246.33654
G1 X35.335 Y48.113 Z59.639 E23248.21136
G1 X36.241 Y46.914 Z59.643 E23250.08570
G1 X37.165 Y45.729 Z59.648 E23251.96052
G1 X38.135 Y44.581 Z59.652 E23253.83495
G1 X39.116 Y43.442 Z59.656 E23255.70977
G1 X40.146 Y42.347 Z59.660 E23257.58434
G1 X41.182 Y41.259 Z59.664 E23259.45916
G1 X42.269 Y40.220 Z59.668 E23261.33390
G1 X43.361 Y39.187 Z59.672 E23263.20860
G1 X44.499 Y38.205 Z59.676 E23265.08343
G1 X45.644 Y37.232 Z59.680 E23266.95796
G1 X46.829 Y36.307 Z59.684 E23268.83278
G1 X48.025 Y35.397 Z59.689 E23270.70718
G1 X49.254 Y34.531 Z59.693 E23272.58200
G1 X50.497 Y33.687 Z59.697 E23274.45632
G1 X51.767 Y32.883 Z59.701 E23276.33114
G1 X53.053 Y32.106 Z59.705 E23278.20541
G1 X54.361 Y31.365 Z59.709 E23280.08023
G1 X55.687 Y30.658 Z59.713 E23281.95449
G1 X57.030 Y29.982 Z59.717 E23283.82931
G1 X58.392 Y29.348 Z59.721 E23285.70360
G1 X59.766 Y28.739 Z59.725 E23287.57843
G1 X61.161 Y28.178 Z59.730 E23289.45279
G1 X62.563 Y27.637 Z59.734 E23291.32761
G1 X63.985 Y27.152 Z59.738 E23293.20208
G1 X65.413 Y26.681 Z59.742 E23295.07690
G1 X66.859 Y26.273 Z59.746 E23296.95152
G1 X68.308 Y25.872 Z59.750 E23298.82635
G1 X69.775 Y25.542 Z59.754 E23300.70116
G1 X71.243 Y25.220 Z59.758 E23302.57580
G1 X72.724 Y24.963 Z59.762 E23304.45062
G1 X74.207 Y24.719 Z59.766 E23306.32510
G1 X75.698 Y24.535 Z59.770 E23308.19993
G1 X77.193 Y24.375 Z59.775 E23310.07428
G1 X78.692 Y24.262 Z59.779 E23311.94910
G1 X80.192 Y24.177 Z59.783 E23313.82336
G1 X81.695 Y24.140 Z59.787 E23315.69818
G1 X83.197 Y24.138 Z59.791 E23317.57244
G1 X84.700 Y24.175 Z59.795 E23319.44727
G1 X86.201 Y24.253 Z59.799 E23321.32153
G1 X87.700 Y24.363 Z59.803 E23323.19635
G1 X89.194 Y24.522 Z59.807 E23325.07066
G1 X90.686 Y24.706 Z59.811 E23326.94548
G1 X92.170 Y24.944 Z59.816 E23328.81988
G1 X93.651 Y25.201 Z59.820 E23330.69470
G1 X95.120 Y25.519 Z59.824 E23332.56922
G1 X96.586 Y25.848 Z59.828 E23334.44404
G1 X98.036 Y26.244 Z59.832 E23336.31872
G1 X99.484 Y26.647 Z59.836 E23338.19348
G1 X100.912 Y27.118 Z59.840 E23340.06831
G1 X102.336 Y27.598 Z59.844 E23341.94289
G1 X103.738 Y28.139 Z59.848 E23343.81771
G1 X105.135 Y28.695 Z59.852 E23345.69215
G1 X106.509 Y29.304 Z59.857 E23347.56697
G1 X107.874 Y29.934 Z59.861 E23349.44132
G1 X109.216 Y30.609 Z59.865 E23351.31614
G1 X110.545 Y31.311 Z59.869 E23353.19042
G1 X111.853 Y32.052 Z59.873 E23355.06524
G1 X113.142 Y32.825 Z59.877 E23356.93950
G1 X114.412 Y33.629 Z59.881 E23358.81432
G1 X115.658 Y34.469 Z59.885 E23360.68859
G1 X116.887 Y35.335 Z59.889 E23362.56342
G1 X118.086 Y36.241 Z59.893 E23364.43775
G1 X119.271 Y37.165 Z59.898 E23366.31257
G1 X120.419 Y38.134 Z59.902 E23368.18700
G1 X121.557 Y39.116 Z59.906 E23370.06182
G1 X122.653 Y40.146 Z59.910 E23371.93639
G1 X123.741 Y41.182 Z59.914 E23373.81121
G1 X124.780 Y42.269 Z59.918 E23375.68596
G1 X125.813 Y43.360 Z59.922 E23377.56066
G1 X126.795 Y44.499 Z59.926 E23379.43548
G1 X127.768 Y45.644 Z59.930 E23381.31001
G1 X128.693 Y46.829 Z59.934 E23383.18483
G1 X129.603 Y48.025 Z59.939 E23385.05924
G1 X130.468 Y49.254 Z59.943 E23386.93406
G1 X131.313 Y50.497 Z59.947 E23388.80837
G1 X132.117 Y51.767 Z59.951 E23390.68319
G1 X132.894 Y53.053 Z59.955 E23392.55746
G1 X133.635 Y54.361 Z59.959 E23394.43228
G1 X134.342 Y55.687 Z59.963 E23396.30654
G1 X135.018 Y57.030 Z59.967 E23398.18137
G1 X135.652 Y58.392 Z59.971 E23400.05566
G1 X136.261 Y59.766 Z59.975 E23401.93048
G1 X136.822 Y61.160 Z59.980 E23403.80484
G1 X137.363 Y62.563 Z59.984 E23405.67966
G1 X137.848 Y63.985 Z59.988 E23407.55413
G1 X138.319 Y65.413 Z59.992 E23409.42895
G1 X138.727 Y66.859 Z59.996 E23411.30358
G1 X139.128 Y68.308 Z60.000 E23413.17840
;LAYER:59
;TYPE:WALL-OUTER
G1 X139.182 Y68.296 Z60.000 E23413.24717
G1 X139.512 Y69.764 Z60.004 E23415.12377
G1 X139.835 Y71.233 Z60.008 E23417.00017
G1 X140.092 Y72.716 Z60.012 E23418.87677
G1 X140.336 Y74.200 Z60.016 E23420.75303
G1 X140.521 Y75.693 Z60.020 E23422.62962
G1 X140.685 Y77.188 Z60.025 E23424.50574
G1 X140.795 Y78.689 Z60.029 E23426.38232
G1 X140.877 Y80.191 Z60.033 E23428.25841
G1 X140.915 Y81.695 Z60.037 E23430.13500
G1 X140.917 Y83.199 Z60.041 E23432.01102
G1 X140.880 Y84.703 Z60.045 E23433.88761
G1 X140.802 Y86.205 Z60.049 E23435.76364
G1 X140.692 Y87.706 Z60.053 E23437.64024
G1 X140.533 Y89.202 Z60.057 E23439.51632
G1 X140.349 Y90.695 Z60.061 E23441.39291
G1 X140.110 Y92.180 Z60.066 E23443.26908
G1 X139.853 Y93.663 Z60.070 E23445.14567
G1 X139.535 Y95.133 Z60.074 E23447.02196
G1 X139.205 Y96.601 Z60.078 E23448.89855
G1 X138.809 Y98.052 Z60.082 E23450.77501
G1 X138.405 Y99.502 Z60.086 E23452.65154
G1 X137.933 Y100.930 Z60.090 E23454.52813
G1 X137.453 Y102.356 Z60.094 E23456.40448
G1 X136.912 Y103.760 Z60.098 E23458.28107
G1 X136.355 Y105.157 Z60.102 E23460.15728
G1 X135.746 Y106.533 Z60.107 E23462.03388
G1 X135.115 Y107.899 Z60.111 E23463.90998
G1 X134.439 Y109.243 Z60.115 E23465.78658
G1 X133.736 Y110.572 Z60.119 E23467.66262
G1 X132.995 Y111.882 Z60.123 E23469.53922
G1 X132.222 Y113.172 Z60.127 E23471.41524
G1 X131.417 Y114.443 Z60.131 E23473.29183
G1 X130.576 Y115.690 Z60.135 E23475.16788
G1 X129.709 Y116.920 Z60.139 E23477.04447
G1 X128.802 Y118.120 Z60.143 E23478.92057
G1 X127.877 Y119.306 Z60.148 E23480.79716
G1 X126.907 Y120.456 Z60.152 E23482.67337
G1 X125.924 Y121.595 Z60.156 E23484.54996
G1 X124.893 Y122.691 Z60.160 E23486.42630
G1 X123.856 Y123.781 Z60.164 E23488.30289
G1 X122.768 Y124.820 Z60.168 E23490.17940
G1 X121.676 Y125.855 Z60.172 E23492.05587
G1 X120.536 Y126.837 Z60.176 E23493.93246
G1 X119.390 Y127.811 Z60.180 E23495.80876
G1 X118.204 Y128.737 Z60.184 E23497.68535
G1 X117.007 Y129.648 Z60.189 E23499.56152
G1 X115.777 Y130.514 Z60.193 E23501.43811
G1 X114.533 Y131.360 Z60.197 E23503.31420
G1 X113.261 Y132.165 Z60.201 E23505.19079
G1 X111.974 Y132.942 Z60.205 E23507.06683
G1 X110.665 Y133.684 Z60.209 E23508.94342
G1 X109.337 Y134.391 Z60.213 E23510.81945
G1 X107.993 Y135.068 Z60.217 E23512.69604
G1 X106.630 Y135.703 Z60.221 E23514.57210
G1 X105.254 Y136.313 Z60.225 E23516.44869
G1 X103.859 Y136.873 Z60.230 E23518.32482
G1 X102.455 Y137.415 Z60.234 E23520.20141
G1 X101.031 Y137.900 Z60.238 E23522.07766
G1 X99.602 Y138.372 Z60.242 E23523.95425
G1 X98.154 Y138.780 Z60.246 E23525.83064
G1 X96.704 Y139.182 Z60.250 E23527.70723
G1 X95.236 Y139.512 Z60.254 E23529.58382
G1 X93.767 Y139.835 Z60.258 E23531.46022
G1 X92.285 Y140.092 Z60.262 E23533.33681
G1 X90.800 Y140.336 Z60.266 E23535.21307
G1 X89.307 Y140.520 Z60.270 E23537.08966
G1 X87.812 Y140.684 Z60.275 E23538.96579
G1 X86.311 Y140.794 Z60.279 E23540.84239
G1 X84.809 Y140.878 Z60.283 E23542.71845
G1 X83.305 Y140.915 Z60.287 E23544.59504
G1 X81.801 Y140.917 Z60.291 E23546.47107
G1 X80.297 Y140.880 Z60.295 E23548.34766
G1 X78.795 Y140.802 Z60.299 E23550.22370
G1 X77.294 Y140.692 Z60.303 E23552.10029
G1 X75.799 Y140.533 Z60.307 E23553.97637
G1 X74.305 Y140.349 Z60.311 E23555.85296
G1 X72.820 Y140.110 Z60.316 E23557.72912
G1 X71.338 Y139.853 Z60.320 E23559.60571
G1 X69.867 Y139.535 Z60.324 E23561.48200
G1 X68.399 Y139.205 Z60.328 E23563.35860
G1 X66.948 Y138.809 Z60.332 E23565.23505
G1 X65.499 Y138.405 Z60.336 E23567.11158
G1 X64.070 Y137.934 Z60.340 E23568.98817
G1 X62.644 Y137.453 Z60.344 E23570.86452
G1 X61.241 Y136.912 Z60.348 E23572.74111
G1 X59.844 Y136.353 Z60.352 E23574.61717
G1 X58.473 Y135.734 Z60.357 E23576.49365
G1 X57.109 Y135.100 Z60.361 E23578.36988
G1 X55.760 Y134.433 Z60.365 E23580.24636
G1 X54.427 Y133.736 Z60.369 E23582.12217
G1 X53.118 Y132.995 Z60.373 E23583.99876
G1 X51.828 Y132.222 Z60.377 E23585.87478
G1 X50.557 Y131.417 Z60.381 E23587.75138
G1 X49.310 Y130.575 Z60.385 E23589.62742
G1 X48.080 Y129.709 Z60.389 E23591.50401
G1 X46.880 Y128.802 Z60.393 E23593.38012
G1 X45.694 Y127.877 Z60.398 E23595.25671
G1 X44.544 Y126.906 Z60.402 E23597.13291
G1 X43.405 Y125.924 Z60.406 E23599.00950
G1 X42.308 Y124.893 Z60.410 E23600.88584
G1 X41.219 Y123.856 Z60.414 E23602.76243
G1 X40.180 Y122.768 Z60.418 E23604.63895
G1 X39.145 Y121.675 Z60.422 E23606.51541
G1 X38.162 Y120.536 Z60.426 E23608.39200
G1 X37.188 Y119.390 Z60.430 E23610.26830
G1 X36.263 Y118.204 Z60.434 E23612.14489
G1 X35.352 Y117.007 Z60.439 E23614.02107
G1 X34.485 Y115.776 Z60.443 E23615.89766
G1 X33.640 Y114.532 Z60.447 E23617.77374
G1 X32.835 Y113.261 Z60.451 E23619.65033
G1 X32.057 Y111.974 Z60.455 E23621.52637
G1 X31.316 Y110.665 Z60.459 E23623.40296
G1 X30.609 Y109.337 Z60.463 E23625.27899
G1 X29.932 Y107.993 Z60.467 E23627.15558
G1 X29.297 Y106.630 Z60.471 E23629.03164
G1 X28.687 Y105.254 Z60.475 E23630.90823
G1 X28.126 Y103.858 Z60.480 E23632.78436
G1 X27.585 Y102.455 Z60.484 E23634.66096
G1 X27.100 Y101.031 Z60.488 E23636.53720
G1 X26.628 Y99.602 Z60.492 E23638.41379
G1 X26.220 Y98.154 Z60.496 E23640.29018
G1 X25.818 Y96.704 Z60.500 E23642.16677
G1 X25.488 Y95.236 Z60.504 E23644.04336
G1 X25.165 Y93.767 Z60.508 E23645.91976
G1 X24.908 Y92.284 Z60.512 E23647.79635
G1 X24.664 Y90.800 Z60.516 E23649.67261
G1 X24.480 Y89.307 Z60.520 E23651.54920
G1 X24.316 Y87.811 Z60.525 E23653.42534
G1 X24.206 Y86.311 Z60.529 E23655.30193
G1 X24.122 Y84.809 Z60.533 E23657.17799
G1 X24.085 Y83.305 Z60.537 E23659.05458
G1 X24.083 Y81.801 Z60.541 E23660.93061
G1 X24.120 Y80.297 Z60.545 E23662.80720
G1 X24.198 Y78.795 Z60.549 E23664.68324
G1 X24.308 Y77.294 Z60.553 E23666.55983
G1 X24.467 Y75.798 Z60.557 E23668.43591
G1 X24.651 Y74.305 Z60.561 E23670.31250
G1 X24.890 Y72.820 Z60.566 E23672.18866
G1 X25.147 Y71.337 Z60.570 E23674.06526
G1 X25.465 Y69.867 Z60.574 E23675.94154
G1 X25.795 Y68.399 Z60.578 E23677.81813
G1 X26.191 Y66.948 Z60.582 E23679.69459
G1 X26.595 Y65.498 Z60.586 E23681.57112
G1 X27.067 Y64.070 Z60.590 E23683.44771
G1 X27.548 Y62.644 Z60.594 E23685.32399
G1 X28.098 Y61.244 Z60.598 E23687.20047
G1 X28.659 Y59.848 Z60.602 E23689.07674
G1 X29.260 Y58.469 Z60.607 E23690.95323
G1 X29.885 Y57.101 Z60.611 E23692.82913
G1 X30.561 Y55.757 Z60.615 E23694.70573
G1 X31.264 Y54.427 Z60.619 E23696.58177
G1 X32.006 Y53.118 Z60.623 E23698.45837
G1 X32.779 Y51.828 Z60.627 E23700.33439
G1 X33.583 Y50.557 Z60.631 E23702.21098
G1 X34.425 Y49.310 Z60.635 E23704.08703
G1 X35.291 Y48.080 Z60.639 E23705.96362
G1 X36.198 Y46.880 Z60.643 E23707.83972
G1 X37.124 Y45.693 Z60.648 E23709.71632
G1 X38.094 Y44.544 Z60.652 E23711.59252
G1 X39.076 Y43.404 Z60.656 E23713.46911
G1 X40.107 Y42.308 Z60.660 E23715.34545
G1 X41.144 Y41.219 Z60.664 E23717.22204
G1 X42.232 Y40.179 Z60.668 E23719.09856
G1 X43.325 Y39.145 Z60.672 E23720.97502
G1 X44.464 Y38.162 Z60.676 E23722.85161
G1 X45.610 Y37.188 Z60.680 E23724.72791
G1 X46.797 Y36.263 Z60.684 E23726.60450
G1 X47.994 Y35.352 Z60.689 E23728.48067
G1 X49.224 Y34.485 Z60.693 E23730.35727
G1 X50.468 Y33.640 Z60.697 E23732.23335
G1 X51.739 Y32.835 Z60.701 E23734.10994
G1 X53.027 Y32.057 Z60.705 E23735.98598
G1 X54.336 Y31.316 Z60.709 E23737.86257
G1 X55.663 Y30.609 Z60.713 E23739.73860
G1 X57.007 Y29.932 Z60.717 E23741.61519
G1 X58.371 Y29.297 Z60.721 E23743.49125
G1 X59.746 Y28.687 Z60.725 E23745.36784
G1 X61.142 Y28.126 Z60.730 E23747.24397
G1 X62.546 Y27.585 Z60.734 E23749.12056
G1 X63.969 Y27.100 Z60.738 E23750.99681
G1 X65.398 Y26.628 Z60.742 E23752.87340
G1 X66.846 Y26.220 Z60.746 E23754.74979
G1 X68.296 Y25.818 Z60.750 E23756.62638
G1 X69.764 Y25.488 Z60.754 E23758.50297
G1 X71.233 Y25.165 Z60.758 E23760.37937
G1 X72.716 Y24.908 Z60.762 E23762.25597
G1 X74.200 Y24.664 Z60.766 E23764.13222
G1 X75.693 Y24.480 Z60.770 E23766.00881
G1 X77.189 Y24.322 Z60.775 E23767.88493
G1 X78.690 Y24.208 Z60.779 E23769.76152
G1 X80.191 Y24.122 Z60.783 E23771.63753
G1 X81.695 Y24.085 Z60.787 E23773.51412
G1 X83.199 Y24.083 Z60.791 E23775.39015
G1 X84.704 Y24.120 Z60.795 E23777.26674
G1 X86.206 Y24.198 Z60.799 E23779.14277
G1 X87.706 Y24.308 Z60.803 E23781.01937
G1 X89.202 Y24.467 Z60.807 E23782.89545
G1 X90.695 Y24.651 Z60.811 E23784.77204
G1 X92.180 Y24.890 Z60.816 E23786.64820
G1 X93.663 Y25.147 Z60.820 E23788.52479
G1 X95.133 Y25.465 Z60.824 E23790.40108
G1 X96.601 Y25.795 Z60.828 E23792.27767
G1 X98.052 Y26.191 Z60.832 E23794.15413
G1 X99.502 Y26.595 Z60.836 E23796.03066
G1 X100.931 Y27.067 Z60.840 E23797.90725
G1 X102.356 Y27.547 Z60.844 E23799.78360
G1 X103.760 Y28.088 Z60.848 E23801.66019
G1 X105.158 Y28.645 Z60.852 E23803.53640
G1 X106.533 Y29.254 Z60.857 E23805.41299
G1 X107.899 Y29.885 Z60.861 E23807.28910
G1 X109.243 Y30.561 Z60.865 E23809.16569
G1 X110.573 Y31.264 Z60.869 E23811.04174
G1 X111.882 Y32.005 Z60.873 E23812.91833
G1 X113.172 Y32.779 Z60.877 E23814.79436
G1 X114.443 Y33.583 Z60.881 E23816.67095
G1 X115.690 Y34.425 Z60.885 E23818.54699
G1 X116.920 Y35.291 Z60.889 E23820.42358
G1 X118.120 Y36.198 Z60.893 E23822.29969
G1 X119.307 Y37.124 Z60.898 E23824.17628
G1 X120.456 Y38.094 Z60.902 E23826.05248
G1 X121.595 Y39.076 Z60.906 E23827.92907
G1 X122.692 Y40.107 Z60.910 E23829.80541
G1 X123.781 Y41.144 Z60.914 E23831.68200
G1 X124.821 Y42.232 Z60.918 E23833.55852
G1 X125.855 Y43.325 Z60.922 E23835.43498
G1 X126.838 Y44.464 Z60.926 E23837.31158
G1 X127.812 Y45.610 Z60.930 E23839.18787
G1 X128.737 Y46.796 Z60.934 E23841.06447
G1 X129.648 Y47.993 Z60.939 E23842.94064
G1 X130.515 Y49.224 Z60.943 E23844.81723
G1 X131.360 Y50.468 Z60.947 E23846.69331
G1 X132.165 Y51.739 Z60.951 E23848.56990
G1 X132.943 Y53.026 Z60.955 E23850.44594
G1 X133.684 Y54.336 Z60.959 E23852.32253
G1 X134.391 Y55.663 Z60.963 E23854.19856
G1 X135.068 Y57.007 Z60.967 E23856.07515
G1 X135.703 Y58.370 Z60.971 E23857.95121
G1 X136.313 Y59.746 Z60.975 E23859.82780
G1 X136.874 Y61.142 Z60.980 E23861.70394
G1 X137.415 Y62.545 Z60.984 E23863.58053
G1 X137.900 Y63.969 Z60.988 E23865.45677
G1 X138.372 Y65.398 Z60.992 E23867.33336
G1 X138.780 Y66.846 Z60.996 E23869.20976
G1 X139.182 Y68.296 Z61.000 E23871.08635
;LAYER:60
;TYPE:WALL-OUTER
G1 X139.208 Y68.292 Z61.000 E23871.11909
G1 X139.538 Y69.761 Z61.004 E23872.99652
G1 X139.861 Y71.231 Z61.008 E23874.87377
G1 X140.118 Y72.714 Z61.012 E23876.75120
G1 X140.362 Y74.199 Z61.016 E23878.62830
G1 X140.547 Y75.693 Z61.020 E23880.50573
G1 X140.711 Y77.189 Z61.025 E23882.38267
G1 X140.820 Y78.690 Z61.029 E23884.26010
G1 X140.902 Y80.193 Z61.033 E23886.13703
G1 X140.941 Y81.697 Z61.037 E23888.01446
G1 X140.943 Y83.202 Z61.041 E23889.89131
G1 X140.906 Y84.707 Z61.045 E23891.76874
G1 X140.828 Y86.210 Z61.049 E23893.64561
G1 X140.717 Y87.711 Z61.053 E23895.52304
G1 X140.559 Y89.207 Z61.057 E23897.39996
G1 X140.374 Y90.701 Z61.061 E23899.27739
G1 X140.135 Y92.187 Z61.066 E23901.15439
G1 X139.878 Y93.670 Z61.070 E23903.03182
G1 X139.560 Y95.141 Z61.074 E23904.90895
G1 X139.230 Y96.610 Z61.078 E23906.78638
G1 X138.833 Y98.062 Z61.082 E23908.66368
G1 X138.430 Y99.512 Z61.086 E23910.54104
G1 X137.957 Y100.941 Z61.090 E23912.41847
G1 X137.477 Y102.367 Z61.094 E23914.29566
G1 X136.935 Y103.772 Z61.098 E23916.17309
G1 X136.378 Y105.170 Z61.102 E23918.05013
G1 X135.768 Y106.546 Z61.107 E23919.92756
G1 X135.138 Y107.912 Z61.111 E23921.80450
G1 X134.461 Y109.257 Z61.115 E23923.68193
G1 X133.758 Y110.587 Z61.119 E23925.55882
G1 X133.016 Y111.897 Z61.123 E23927.43625
G1 X132.242 Y113.188 Z61.127 E23929.31311
G1 X131.437 Y114.460 Z61.131 E23931.19054
G1 X130.595 Y115.707 Z61.135 E23933.06742
G1 X129.729 Y116.938 Z61.139 E23934.94485
G1 X128.821 Y118.138 Z61.143 E23936.82180
G1 X127.895 Y119.325 Z61.148 E23938.69923
G1 X126.925 Y120.475 Z61.152 E23940.57627
G1 X125.942 Y121.615 Z61.156 E23942.45370
G1 X124.911 Y122.711 Z61.160 E23944.33088
G1 X123.873 Y123.801 Z61.164 E23946.20831
G1 X122.784 Y124.841 Z61.168 E23948.08566
G1 X121.691 Y125.876 Z61.172 E23949.96296
G1 X120.551 Y126.859 Z61.176 E23951.84039
G1 X119.404 Y127.833 Z61.180 E23953.71753
G1 X118.218 Y128.759 Z61.184 E23955.59496
G1 X117.020 Y129.671 Z61.189 E23957.47196
G1 X115.789 Y130.538 Z61.193 E23959.34939
G1 X114.545 Y131.383 Z61.197 E23961.22631
G1 X113.273 Y132.189 Z61.201 E23963.10374
G1 X111.985 Y132.966 Z61.205 E23964.98061
G1 X110.675 Y133.708 Z61.209 E23966.85804
G1 X109.347 Y134.416 Z61.213 E23968.73491
G1 X108.002 Y135.092 Z61.217 E23970.61234
G1 X106.638 Y135.728 Z61.221 E23972.48924
G1 X105.262 Y136.338 Z61.225 E23974.36667
G1 X103.866 Y136.899 Z61.230 E23976.24364
G1 X102.461 Y137.440 Z61.234 E23978.12107
G1 X101.037 Y137.926 Z61.238 E23979.99815
G1 X99.607 Y138.398 Z61.242 E23981.87558
G1 X98.159 Y138.806 Z61.246 E23983.75282
G1 X96.708 Y139.208 Z61.250 E23985.63025
G1 X95.239 Y139.538 Z61.254 E23987.50767
G1 X93.769 Y139.861 Z61.258 E23989.38491
G1 X92.286 Y140.118 Z61.262 E23991.26234
G1 X90.801 Y140.362 Z61.266 E23993.13943
G1 X89.307 Y140.546 Z61.270 E23995.01686
G1 X87.811 Y140.710 Z61.275 E23996.89383
G1 X86.310 Y140.821 Z61.279 E23998.77126
G1 X84.808 Y140.904 Z61.283 E24000.64816
G1 X83.303 Y140.941 Z61.287 E24002.52559
G1 X81.798 Y140.943 Z61.291 E24004.40246
G1 X80.293 Y140.906 Z61.295 E24006.27989
G1 X78.790 Y140.828 Z61.299 E24008.15676
G1 X77.289 Y140.717 Z61.303 E24010.03419
G1 X75.793 Y140.559 Z61.307 E24011.91111
G1 X74.299 Y140.374 Z61.311 E24013.78853
G1 X72.813 Y140.135 Z61.316 E24015.66554
G1 X71.330 Y139.878 Z61.320 E24017.54297
G1 X69.859 Y139.560 Z61.324 E24019.42010
G1 X68.390 Y139.230 Z61.328 E24021.29753
G1 X66.939 Y138.833 Z61.332 E24023.17482
G1 X65.488 Y138.430 Z61.336 E24025.05219
G1 X64.059 Y137.957 Z61.340 E24026.92961
G1 X62.633 Y137.477 Z61.344 E24028.80680
G1 X61.229 Y136.935 Z61.348 E24030.68423
G1 X59.832 Y136.375 Z61.352 E24032.56101
G1 X58.464 Y135.747 Z61.357 E24034.43830
G1 X57.101 Y135.109 Z61.361 E24036.31548
G1 X55.748 Y134.450 Z61.365 E24038.19277
G1 X54.412 Y133.758 Z61.369 E24040.06924
G1 X53.102 Y133.016 Z61.373 E24041.94667
G1 X51.812 Y132.242 Z61.377 E24043.82354
G1 X50.540 Y131.437 Z61.381 E24045.70097
G1 X49.292 Y130.595 Z61.385 E24047.57785
G1 X48.062 Y129.728 Z61.389 E24049.45528
G1 X46.861 Y128.821 Z61.393 E24051.33222
G1 X45.675 Y127.895 Z61.398 E24053.20965
G1 X44.525 Y126.924 Z61.402 E24055.08669
G1 X43.385 Y125.941 Z61.406 E24056.96412
G1 X42.288 Y124.910 Z61.410 E24058.84130
G1 X41.198 Y123.872 Z61.414 E24060.71873
G1 X40.158 Y122.784 Z61.418 E24062.59609
G1 X39.124 Y121.691 Z61.422 E24064.47339
G1 X38.141 Y120.551 Z61.426 E24066.35082
G1 X37.166 Y119.404 Z61.430 E24068.22795
G1 X36.240 Y118.217 Z61.434 E24070.10538
G1 X35.329 Y117.019 Z61.439 E24071.98239
G1 X34.462 Y115.789 Z61.443 E24073.85982
G1 X33.616 Y114.544 Z61.447 E24075.73674
G1 X32.811 Y113.272 Z61.451 E24077.61417
G1 X32.033 Y111.984 Z61.455 E24079.49104
G1 X31.291 Y110.674 Z61.459 E24081.36847
G1 X30.584 Y109.346 Z61.463 E24083.24534
G1 X29.907 Y108.002 Z61.467 E24085.12277
G1 X29.272 Y106.638 Z61.471 E24086.99967
G1 X28.662 Y105.261 Z61.475 E24088.87709
G1 X28.101 Y103.865 Z61.480 E24090.75407
G1 X27.559 Y102.461 Z61.484 E24092.63150
G1 X27.074 Y101.036 Z61.488 E24094.50858
G1 X26.602 Y99.607 Z61.492 E24096.38601
G1 X26.194 Y98.158 Z61.496 E24098.26324
G1 X25.792 Y96.707 Z61.500 E24100.14067
G1 X25.462 Y95.239 Z61.504 E24102.01810
G1 X25.139 Y93.769 Z61.508 E24103.89534
G1 X24.882 Y92.286 Z61.512 E24105.77277
G1 X24.638 Y90.801 Z61.516 E24107.64985
G1 X24.454 Y89.307 Z61.520 E24109.52728
G1 X24.290 Y87.811 Z61.525 E24111.40426
G1 X24.179 Y86.310 Z61.529 E24113.28169
G1 X24.096 Y84.807 Z61.533 E24115.15859
G1 X24.059 Y83.302 Z61.537 E24117.03602
G1 X24.057 Y81.797 Z61.541 E24118.91288
G1 X24.094 Y80.293 Z61.545 E24120.79031
G1 X24.172 Y78.790 Z61.549 E24122.66718
G1 X24.283 Y77.289 Z61.553 E24124.54461
G1 X24.441 Y75.792 Z61.557 E24126.42153
G1 X24.626 Y74.298 Z61.561 E24128.29896
G1 X24.865 Y72.813 Z61.566 E24130.17597
G1 X25.122 Y71.329 Z61.570 E24132.05340
G1 X25.440 Y69.858 Z61.574 E24133.93053
G1 X25.770 Y68.390 Z61.578 E24135.80795
G1 X26.167 Y66.938 Z61.582 E24137.68525
G1 X26.571 Y65.488 Z61.586 E24139.56261
G1 X27.043 Y64.059 Z61.590 E24141.44004
G1 X27.524 Y62.632 Z61.594 E24143.31720
G1 X28.068 Y61.229 Z61.598 E24145.19459
G1 X28.627 Y59.832 Z61.602 E24147.07165
G1 X29.234 Y58.454 Z61.607 E24148.94904
G1 X29.863 Y57.087 Z61.611 E24150.82591
G1 X30.539 Y55.743 Z61.615 E24152.70334
G1 X31.242 Y54.412 Z61.619 E24154.58022
G1 X31.984 Y53.102 Z61.623 E24156.45765
G1 X32.758 Y51.812 Z61.627 E24158.33452
G1 X33.563 Y50.540 Z61.631 E24160.21194
G1 X34.405 Y49.293 Z61.635 E24162.08883
G1 X35.272 Y48.062 Z61.639 E24163.96626
G1 X36.179 Y46.861 Z61.643 E24165.84320
G1 X37.105 Y45.675 Z61.648 E24167.72063
G1 X38.076 Y44.525 Z61.652 E24169.59767
G1 X39.059 Y43.385 Z61.656 E24171.47510
G1 X40.090 Y42.288 Z61.660 E24173.35228
G1 X41.128 Y41.198 Z61.664 E24175.22971
G1 X42.216 Y40.159 Z61.668 E24177.10707
G1 X43.309 Y39.124 Z61.672 E24178.98437
G1 X44.449 Y38.141 Z61.676 E24180.86180
G1 X45.596 Y37.166 Z61.680 E24182.73893
G1 X46.783 Y36.240 Z61.684 E24184.61636
G1 X47.980 Y35.329 Z61.689 E24186.49337
G1 X49.211 Y34.462 Z61.693 E24188.37080
G1 X50.456 Y33.617 Z61.697 E24190.24772
G1 X51.727 Y32.811 Z61.701 E24192.12515
G1 X53.016 Y32.033 Z61.705 E24194.00202
G1 X54.325 Y31.292 Z61.709 E24195.87945
G1 X55.654 Y30.584 Z61.713 E24197.75631
G1 X56.998 Y29.907 Z61.717 E24199.63374
G1 X58.362 Y29.272 Z61.721 E24201.51064
G1 X59.738 Y28.662 Z61.725 E24203.38807
G1 X61.135 Y28.101 Z61.730 E24205.26504
G1 X62.539 Y27.559 Z61.734 E24207.14247
G1 X63.964 Y27.074 Z61.738 E24209.01956
G1 X65.393 Y26.602 Z61.742 E24210.89699
G1 X66.842 Y26.194 Z61.746 E24212.77422
G1 X68.292 Y25.792 Z61.750 E24214.65165
G1 X69.761 Y25.462 Z61.754 E24216.52908
G1 X71.231 Y25.139 Z61.758 E24218.40632
G1 X72.714 Y24.882 Z61.762 E24220.28375
G1 X74.199 Y24.638 Z61.766 E24222.16083
G1 X75.693 Y24.454 Z61.770 E24224.03826
G1 X77.190 Y24.295 Z61.775 E24225.91522
G1 X78.691 Y24.181 Z61.779 E24227.79264
G1 X80.193 Y24.096 Z61.783 E24229.66949
G1 X81.698 Y24.059 Z61.787 E24231.54692
G1 X83.203 Y24.057 Z61.791 E24233.42379
G1 X84.707 Y24.094 Z61.795 E24235.30122
G1 X86.210 Y24.172 Z61.799 E24237.17809
G1 X87.711 Y24.283 Z61.803 E24239.05552
G1 X89.208 Y24.441 Z61.807 E24240.93244
G1 X90.702 Y24.626 Z61.811 E24242.80987
G1 X92.187 Y24.865 Z61.816 E24244.68687
G1 X93.671 Y25.122 Z61.820 E24246.56430
G1 X95.142 Y25.440 Z61.824 E24248.44143
G1 X96.610 Y25.770 Z61.828 E24250.31886
G1 X98.062 Y26.167 Z61.832 E24252.19616
G1 X99.512 Y26.571 Z61.836 E24254.07352
G1 X100.941 Y27.043 Z61.840 E24255.95095
G1 X102.368 Y27.523 Z61.844 E24257.82813
G1 X103.772 Y28.065 Z61.848 E24259.70556
G1 X105.170 Y28.622 Z61.852 E24261.58260
G1 X106.546 Y29.232 Z61.857 E24263.46003
G1 X107.913 Y29.862 Z61.861 E24265.33698
G1 X109.257 Y30.539 Z61.865 E24267.21441
G1 X110.588 Y31.242 Z61.869 E24269.09129
G1 X111.897 Y31.984 Z61.873 E24270.96872
G1 X113.188 Y32.758 Z61.877 E24272.84559
G1 X114.460 Y33.563 Z61.881 E24274.72302
G1 X115.707 Y34.405 Z61.885 E24276.59990
G1 X116.938 Y35.271 Z61.889 E24278.47733
G1 X118.138 Y36.179 Z61.893 E24280.35427
G1 X119.325 Y37.105 Z61.898 E24282.23170
G1 X120.475 Y38.076 Z61.902 E24284.10874
G1 X121.615 Y39.059 Z61.906 E24285.98617
G1 X122.712 Y40.090 Z61.910 E24287.86335
G1 X123.802 Y41.128 Z61.914 E24289.74078
G1 X124.841 Y42.216 Z61.918 E24291.61814
G1 X125.876 Y43.309 Z61.922 E24293.49544
G1 X126.859 Y44.449 Z61.926 E24295.37287
G1 X127.834 Y45.596 Z61.930 E24297.25000
G1 X128.760 Y46.783 Z61.934 E24299.12743
G1 X129.671 Y47.980 Z61.939 E24301.00444
G1 X130.538 Y49.211 Z61.943 E24302.88187
G1 X131.383 Y50.456 Z61.947 E24304.75879
G1 X132.189 Y51.727 Z61.951 E24306.63622
G1 X132.966 Y53.016 Z61.955 E24308.51309
G1 X133.708 Y54.325 Z61.959 E24310.39052
G1 X134.416 Y55.653 Z61.963 E24312.26738
G1 X135.093 Y56.998 Z61.967 E24314.14481
G1 X135.728 Y58.362 Z61.971 E24316.02171
G1 X136.338 Y59.738 Z61.975 E24317.89914
G1 X136.899 Y61.135 Z61.980 E24319.77611
G1 X137.441 Y62.539 Z61.984 E24321.65354
G1 X137.926 Y63.964 Z61.988 E24323.53063
G1 X138.398 Y65.393 Z61.992 E24325.40806
G1 X138.806 Y66.842 Z61.996 E24327.28529
G1 X139.208 Y68.292 Z62.000 E24329.16272
M107
G92 Z0 E0
G1 F1500 Z10 E-2 ;lift platform and relieve pressure
M82
M84 ;steppers off
;End of Gcode